Destination Port,Flow Duration,Total Fwd Packets,Total Backward Packets,Total Length of Fwd Packets,Total Length of Bwd Packets,Fwd Packet Length Max,Fwd Packet Length Min,Fwd Packet Length Mean,Fwd Packet Length Std,Bwd Packet Length Max,Bwd Packet Length Min,Bwd Packet Length Mean,Bwd Packet Length Std,Flow Bytes/s,Flow Packets/s,Flow IAT Mean,Flow IAT Std,Flow IAT Max,Flow IAT Min,Fwd IAT Total,Fwd IAT Mean,Fwd IAT Std,Fwd IAT Max,Fwd IAT Min,Bwd IAT Total,Bwd IAT Mean,Bwd IAT Std,Bwd IAT Max,Bwd IAT Min,Fwd PSH Flags,Fwd URG Flags,Fwd Header Length,Bwd Header Length,Fwd Packets/s,Bwd Packets/s,Min Packet Length,Max Packet Length,Packet Length Mean,Packet Length Std,Packet Length Variance,FIN Flag Count,SYN Flag Count,RST Flag Count,PSH Flag Count,ACK Flag Count,URG Flag Count,CWE Flag Count,ECE Flag Count,Down/Up Ratio,Average Packet Size,Avg Fwd Segment Size,Avg Bwd Segment Size,Fwd Header Length_duplicated_0,Subflow Fwd Packets,Subflow Fwd Bytes,Subflow Bwd Packets,Subflow Bwd Bytes,Init_Win_bytes_forward,Init_Win_bytes_backward,act_data_pkt_fwd,min_seg_size_forward,Active Mean,Active Std,Active Max,Active Min,Idle Mean,Idle Std,Idle Max,Idle Min,Label
80,66523577,7,6,366,11595,360,0,52.28571429,135.707669,5792,0,1932.5,2181.008184,179.8009148,0.195419438,5543631.417,19200000.0,66400000,0,66400000,11100000.0,27100000.0,66400000,1,145432,29086.4,57377.3146,131161,46,0,0,220,200,0.105225851,0.090193587,0,5792,854.3571429,1666.456194,2777076.247,0,0,0,0,1,0,0,0,0,920.0769231,52.28571429,1932.5,220,7,366,6,11595,251,235,2,20,2019.0,0.0,2019,2019,66400000.0,0.0,66400000,66400000,DoS Hulk
3052,40,1,1,0,6,0,0,0.0,0.0,6,6,6.0,0.0,150000.0,50000.0,40.0,0.0,40,40,0,0.0,0.0,0,0,0,0.0,0.0,0,0,0,0,40,20,25000.0,25000.0,0,6,2.0,3.464101615,12.0,0,0,0,1,0,0,0,0,1,3.0,0.0,6.0,40,1,0,1,6,29200,0,0,40,0.0,0.0,0,0,0.0,0.0,0,0,PortScan
53,30995,2,2,76,172,38,38,38.0,0.0,86,86,86.0,0.0,8001.290531,129.0530731,10331.66667,17892.37358,30992,0,3,3.0,0.0,3,3,0,0.0,0.0,0,0,0,0,80,40,64.52653654,64.52653654,38,86,57.2,26.29068276,691.2,0,0,0,0,0,0,0,0,1,71.5,38.0,86.0,80,2,76,2,172,-1,-1,1,40,0.0,0.0,0,0,0.0,0.0,0,0,BENIGN
54598,96,1,1,0,0,0,0,0.0,0.0,0,0,0.0,0.0,0.0,20833.33333,96.0,0.0,96,96,0,0.0,0.0,0,0,0,0.0,0.0,0,0,0,0,20,20,10416.66667,10416.66667,0,0,0.0,0.0,0.0,0,0,0,0,1,1,0,0,1,0.0,0.0,0.0,20,1,0,1,0,980,16425,0,20,0.0,0.0,0,0,0.0,0.0,0,0,BENIGN
57530,3,2,1,12,6,6,6,6.0,0.0,6,6,6.0,0.0,6000000.0,1000000.0,1.5,0.707106781,2,1,3,3.0,0.0,3,3,0,0.0,0.0,0,0,0,0,40,20,666666.6667,333333.3333,6,6,6.0,0.0,0.0,0,0,0,0,1,0,0,0,0,8.0,6.0,6.0,40,2,12,1,6,351,256,1,20,0.0,0.0,0,0,0.0,0.0,0,0,BENIGN
80,6684916,61,76,3527,125169,331,0,57.8196721311,111.9277308798,3164,0,1646.9605263158,769.9056641917,19251.7003953378,20.4938999981,49153.7941176471,407935.643731162,4749352,4,1935564,32259.4,54600.9891355738,190788,80,6564732,87529.76,569810.487864329,4939847,4,0,0,1232,1532,9.1250211671,11.3688788311,0,3164,932.5797101449,979.8753370106,960155.676081667,0,0,0,1,0,0,0,0,1,939.3868613139,57.8196721311,1646.9605263158,1232,61,3527,76,125169,8192,52,60,20,0.0,0.0,0,0,0.0,0.0,0,0,BENIGN
80,71280832,8,6,56,11601,20,0,7.0,5.656854249,4380,0,1933.5,1757.789948,163.5362505,0.196406237,5483140.923,19200000.0,69300000,5,70100000,10000000.0,26100000.0,69300000,247,1210693,242138.6,533621.903,1196654,45,0,0,172,132,0.112232136,0.084174102,0,4380,777.5333333,1434.571657,2057995.838,0,0,0,0,1,0,0,0,0,833.0714286,7.0,1933.5,172,8,56,6,11601,256,229,6,20,806099.0,0.0,806099,806099,69300000.0,0.0,69300000,69300000,DDoS
80,318,2,0,0,0,0,0,0.0,0.0,0,0,0.0,0.0,0.0,6289.308176,318.0,0.0,318,318,318,318.0,0.0,318,318,0,0.0,0.0,0,0,0,0,64,0,6289.308176,0.0,0,0,0.0,0.0,0.0,0,0,0,0,1,0,0,0,0,0.0,0.0,0.0,64,2,0,0,0,264,-1,0,32,0.0,0.0,0,0,0.0,0.0,0,0,BENIGN
22,12321113,22,32,2024,2745,640,0,92.0,138.3384394,976,0,85.78125,220.240592,387.0591886,4.382720944,232473.8302,648942.3325,2659024,3,10200000,487859.9524,912018.6557,2703327,541,12300000,397452.7097,813847.125,2659024,3,0,0,712,1032,1.785552977,2.597167967,0,976,86.70909091,188.253835,35439.5064,0,0,0,1,0,0,0,0,1,88.31481481,92.0,85.78125,712,22,2024,32,2745,29200,257,16,32,0.0,0.0,0,0,0.0,0.0,0,0,SSH-Patator
60894,83372177,7,6,11595,319,5792,0,1656.428571,2120.732252,301,0,53.16666667,121.4486174,142.9013902,0.155927319,6947681.417,24000000.0,83300000,2,83400000,13900000.0,34000000.0,83300000,46,83300000,16700000.0,37300000.0,83300000,2,0,0,232,164,0.083960864,0.071966455,0,5792,851.0,1667.407384,2780247.385,0,0,0,0,1,0,0,0,0,916.4615385,1656.428571,53.16666667,232,7,11595,6,319,235,229,4,32,10980.0,0.0,10980,10980,83300000.0,0.0,83300000,83300000,BENIGN
49126,53,1,1,0,0,0,0,0.0,0.0,0,0,0.0,0.0,0.0,37735.84906,53.0,0.0,53,53,0,0.0,0.0,0,0,0,0.0,0.0,0,0,0,0,32,32,18867.92453,18867.92453,0,0,0.0,0.0,0.0,0,0,0,0,1,1,0,0,1,0.0,0.0,0.0,32,1,0,1,0,118,244,0,32,0.0,0.0,0,0,0.0,0.0,0,0,BENIGN
1163,84,1,1,2,6,2,2,2.0,0.0,6,6,6.0,0.0,95238.09524,23809.52381,84.0,0.0,84,84,0,0.0,0.0,0,0,0,0.0,0.0,0,0,0,0,24,20,11904.7619,11904.7619,2,6,3.333333333,2.309401077,5.333333333,0,0,0,1,0,0,0,0,1,5.0,2.0,6.0,24,1,2,1,6,1024,0,0,24,0.0,0.0,0,0,0.0,0.0,0,0,PortScan
80,23174,1,1,0,0,0,0,0.0,0.0,0,0,0.0,0.0,0.0,86.30361612,23174.0,0.0,23174,23174,0,0.0,0.0,0,0,0,0.0,0.0,0,0,0,0,32,32,43.15180806,43.15180806,0,0,0.0,0.0,0.0,0,0,0,0,1,1,0,0,1,0.0,0.0,0.0,32,1,0,1,0,290,972,0,32,0.0,0.0,0,0,0.0,0.0,0,0,BENIGN
80,6928806,4,0,24,0,6,6,6.0,0.0,0,0,0.0,0.0,3.463800256,0.577300043,2309602.0,3999489.809,6927815,1,6928806,2309602.0,3999489.809,6927815,1,0,0.0,0.0,0,0,0,0,80,0,0.577300043,0.0,6,6,6.0,0.0,0.0,0,0,0,0,1,0,0,0,0,7.5,6.0,0.0,80,4,24,0,0,256,-1,3,20,991.0,0.0,991,991,6927815.0,0.0,6927815,6927815,DDoS
53,24125,2,2,60,264,30,30,30.0,0.0,132,132,132.0,0.0,13430.05181,165.8031088,8041.666667,13925.11118,24121,1,3,3.0,0.0,3,3,1,1.0,0.0,1,1,0,0,40,40,82.9015544,82.9015544,30,132,70.8,55.86770087,3121.2,0,0,0,0,0,0,0,0,1,88.5,30.0,132.0,40,2,60,2,264,-1,-1,1,20,0.0,0.0,0,0,0.0,0.0,0,0,BENIGN
8080,63328,4,3,207,134,195,0,51.75,95.54187564,128,0,44.66666667,72.23111056,5384.663972,110.5356241,10554.66667,24855.9586,61288,42,63328,21109.33333,35905.84946,62568,42,61902,30951.0,42902.99684,61288,614,0,0,92,72,63.16321374,47.37241031,0,195,42.625,75.57576615,5711.696429,0,0,0,1,0,0,0,0,0,48.71428571,51.75,44.66666667,92,4,207,3,134,8192,237,3,20,0.0,0.0,0,0,0.0,0.0,0,0,Bot
80,71095,3,4,26,11607,20,0,8.666666667,10.26320288,11595,0,2901.75,5795.50069,163626.134,98.4598073,11849.16667,28431.54596,69878,1,1161,580.5,819.5367594,1160,1,71049,23683.0,40010.24043,69878,6,0,0,72,92,42.19706027,56.26274703,0,11595,1454.125,4097.537534,16800000.0,0,0,0,1,0,0,0,0,1,1661.857143,8.666666667,2901.75,72,3,26,4,11607,8192,229,2,20,0.0,0.0,0,0,0.0,0.0,0,0,DDoS
443,3,2,0,31,0,31,0,15.5,21.92031022,0,0,0.0,0.0,10300000.0,666666.6667,3.0,0.0,3,3,3,3.0,0.0,3,3,0,0.0,0.0,0,0,1,0,64,0,666666.6667,0.0,0,31,20.66666667,17.89785834,320.3333333,0,1,0,0,1,0,0,0,0,31.0,15.5,0.0,64,2,31,0,0,2173,-1,0,32,0.0,0.0,0,0,0.0,0.0,0,0,BENIGN
53,30331,1,1,63,133,63,63,63.0,0.0,133,133,133.0,0.0,6462.035541,65.93913818,30331.0,0.0,30331,30331,0,0.0,0.0,0,0,0,0.0,0.0,0,0,0,0,20,20,32.96956909,32.96956909,63,133,86.33333333,40.41451884,1633.333333,0,0,0,0,0,0,0,0,1,129.5,63.0,133.0,20,1,63,1,133,-1,-1,0,20,0.0,0.0,0,0,0.0,0.0,0,0,BENIGN
53,23593,1,1,49,177,49,49,49.0,0.0,177,177,177.0,0.0,9579.112449,84.77090662,23593.0,0.0,23593,23593,0,0.0,0.0,0,0,0,0.0,0.0,0,0,0,0,40,32,42.38545331,42.38545331,49,177,91.66666667,73.90083446,5461.333333,0,0,0,0,0,0,0,0,1,137.5,49.0,177.0,40,1,49,1,177,-1,-1,0,40,0.0,0.0,0,0,0.0,0.0,0,0,BENIGN
80,23110463,4,0,24,0,6,6,6.0,0.0,0,0,0.0,0.0,1.038490661,0.173081777,7703487.667,13300000.0,23100000,4,23100000,7703487.667,13300000.0,23100000,4,0,0.0,0.0,0,0,0,0,80,0,0.173081777,0.0,6,6,6.0,0.0,0.0,0,0,0,0,1,0,0,0,0,7.5,6.0,0.0,80,4,24,0,0,256,-1,3,20,4015.0,0.0,4015,4015,23100000.0,0.0,23100000,23100000,DDoS
1984,54,1,1,0,6,0,0,0.0,0.0,6,6,6.0,0.0,111111.1111,37037.03704,54.0,0.0,54,54,0,0.0,0.0,0,0,0,0.0,0.0,0,0,0,0,40,20,18518.51852,18518.51852,0,6,2.0,3.464101615,12.0,0,0,0,1,0,0,0,0,1,3.0,0.0,6.0,40,1,0,1,6,29200,0,0,40,0.0,0.0,0,0,0.0,0.0,0,0,PortScan
1007,46,1,1,2,6,2,2,2.0,0.0,6,6,6.0,0.0,173913.0435,43478.26087,46.0,0.0,46,46,0,0.0,0.0,0,0,0,0.0,0.0,0,0,0,0,24,20,21739.13043,21739.13043,2,6,3.333333333,2.309401077,5.333333333,0,0,0,1,0,0,0,0,1,5.0,2.0,6.0,24,1,2,1,6,1024,0,0,24,0.0,0.0,0,0,0.0,0.0,0,0,PortScan
80,421820,3,5,26,11607,20,0,8.666666667,10.26320288,5840,0,2321.4,3173.373883,27578.11389,18.96543549,60260.0,158890.5092,420589,1,988,494.0,697.2072862,987,1,421775,105443.75,210097.2631,420589,4,0,0,72,112,7.11203831,11.85339718,0,5840,1292.555556,2554.159212,6523729.278,0,0,0,1,0,0,0,0,1,1454.125,8.666666667,2321.4,72,3,26,5,11607,8192,229,2,20,0.0,0.0,0,0,0.0,0.0,0,0,DDoS
80,81269727,8,5,56,11607,20,0,7.0,5.656854249,8760,0,2321.4,3802.315321,143.5097721,0.159961162,6772477.25,21700000.0,75400000,2,80400000,11500000.0,28300000.0,75400000,115,883222,220805.5,440981.7818,882278,2,0,0,172,112,0.098437638,0.061523524,0,8760,833.5,2402.71381,5773033.654,0,0,0,0,1,0,0,0,0,897.6153846,7.0,2321.4,172,8,56,5,11607,256,229,6,20,4964069.0,0.0,4964069,4964069,75400000.0,0.0,75400000,75400000,DDoS
53237,36,1,1,6,6,6,6,6.0,0.0,6,6,6.0,0.0,333333.333333333,55555.5555555556,36.0,0.0,36,36,0,0.0,0.0,0,0,0,0.0,0.0,0,0,0,0,20,20,27777.7777777778,27777.7777777778,6,6,6.0,0.0,0.0,0,0,0,0,1,1,0,0,1,9.0,6.0,6.0,20,1,6,1,6,60,255,0,20,0.0,0.0,0,0,0.0,0.0,0,0,BENIGN
80,10631964,7,5,382,11632,382,0,54.57142857,144.3824287,10184,0,2326.4,4437.056321,1129.988777,1.128671993,966542.1818,2153749.402,5628938,22,5634199,939033.1667,2298902.898,5631649,232,10600000,2657985.5,3078823.352,5628938,95,0,0,232,168,0.658391996,0.470279997,0,10184,924.1538462,2811.489814,7904474.974,0,0,0,1,0,0,0,0,0,1001.166667,54.57142857,2326.4,232,7,382,5,11632,29200,235,1,32,1725.0,0.0,1725,1725,5628938.0,0.0,5628938,5628938,DoS GoldenEye
80,84330684,8,5,56,11607,20,0,7.0,5.656854249,8675,0,2321.4,3769.536019,138.3007874,0.15415504,7027557.0,23700000.0,82100000,1,84200000,12000000.0,30900000.0,82100000,1,85552,21388.0,42025.20586,84423,8,0,0,172,112,0.09486464,0.0592904,0,8675,833.5,2386.768615,5696664.423,0,0,0,0,1,0,0,0,0,897.6153846,7.0,2321.4,172,8,56,5,11607,256,229,6,20,2113005.0,0.0,2113005,2113005,82100000.0,0.0,82100000,82100000,DDoS
80,475648,3,5,26,11607,20,0,8.666666667,10.26320288,10135,0,2321.4,4413.201989,24457.1616,16.81916039,67949.71429,179381.2799,474748,4,681,340.5,413.657467,633,48,475558,118889.5,237239.1354,474748,4,0,0,72,112,6.307185145,10.51197524,0,10135,1292.555556,3350.634907,11200000.0,0,0,0,1,0,0,0,0,1,1454.125,8.666666667,2321.4,72,3,26,5,11607,8192,229,2,20,0.0,0.0,0,0,0.0,0.0,0,0,DDoS
80,277470,3,6,26,11601,20,0,8.666666667,10.26320288,5840,0,1933.5,2201.078258,41903.62922,32.43593902,34683.75,94912.30285,269508,3,7022,3511.0,4961.061177,7019,3,277326,55465.2,119689.2928,269508,190,0,0,72,132,10.81197967,21.62395935,0,5840,1162.7,1918.795458,3681776.011,0,0,0,1,0,0,0,0,2,1291.888889,8.666666667,1933.5,72,3,26,6,11601,8192,229,2,20,0.0,0.0,0,0,0.0,0.0,0,0,DDoS
80,73629288,8,6,56,11601,20,0,7.0,5.656854249,4380,0,1933.5,1757.789948,158.3201511,0.190141727,5663791.385,17200000.0,61900000,3,73200000,10500000.0,23100000.0,61900000,236,408207,81641.4,173269.7497,391331,16,0,0,172,132,0.108652416,0.081489312,0,4380,777.5333333,1434.571657,2057995.838,0,0,0,0,1,0,0,0,0,833.0714286,7.0,1933.5,172,8,56,6,11601,256,229,6,20,784.0,0.0,784,784,36600000.0,35700000.0,61900000,11300000,DDoS
443,72237340,13,7,1919,1684,725,0,147.6153846154,255.8995696432,885,0,240.5714285714,372.8421726606,49.8772518479,0.2768651227,3801965.26315789,16509051.2789963,71975755,43,72237340,6019778.33333333,20770760.5639129,71975755,43,210367,35061.1666666667,41821.8544228573,104135,373,0,0,428,232,0.1799623297,0.0969027929,0,885,171.5714285714,290.6980514948,84505.3571428572,0,0,0,1,0,0,0,0,0,180.15,147.6153846154,240.5714285714,428,13,1919,7,1684,65535,127,7,32,261485.0,0.0,261485,261485,71975755.0,0.0,71975755,71975755,BENIGN
3071,36,1,1,0,6,0,0,0.0,0.0,6,6,6.0,0.0,166666.6667,55555.55556,36.0,0.0,36,36,0,0.0,0.0,0,0,0,0.0,0.0,0,0,0,0,40,20,27777.77778,27777.77778,0,6,2.0,3.464101615,12.0,0,0,0,1,0,0,0,0,1,3.0,0.0,6.0,40,1,0,1,6,29200,0,0,40,0.0,0.0,0,0,0.0,0.0,0,0,PortScan
80,99068606,6,7,371,11595,353,0,61.83333333,142.6722351,4344,0,1656.428571,2118.227235,120.7849841,0.131222196,8255717.167,28600000.0,98900000,2,98900000,19800000.0,44200000.0,98900000,2,99100000,16500000.0,40400000.0,98900000,2,0,0,164,232,0.06056409,0.070658105,0,4344,855.1428571,1664.437806,2770353.209,1,0,0,0,0,0,0,0,1,920.9230769,61.83333333,1656.428571,164,6,371,7,11595,0,235,3,20,13965.0,0.0,13965,13965,98900000.0,0.0,98900000,98900000,DoS Hulk
53,30690,2,2,102,242,51,51,51.0,0.0,121,121,121.0,0.0,11208.862821766,130.3356142066,10230.0,17634.8753043508,30593,48,48,48.0,0.0,48,48,49,49.0,0.0,49,49,0,0,40,64,65.1678071033,65.1678071033,51,121,79.0,38.3405790254,1470.0,0,0,0,0,0,0,0,0,1,98.75,51.0,121.0,40,2,102,2,242,-1,-1,1,20,0.0,0.0,0,0,0.0,0.0,0,0,BENIGN
53,1038,2,2,72,114,36,36,36.0,0.0,57,57,57.0,0.0,179190.7514,3853.564547,346.0,595.826317,1034,1,1,1.0,0.0,1,1,3,3.0,0.0,3,3,0,0,80,80,1926.782274,1926.782274,36,57,44.4,11.50217371,132.3,0,0,0,0,0,0,0,0,1,55.5,36.0,57.0,80,2,72,2,114,-1,-1,1,40,0.0,0.0,0,0,0.0,0.0,0,0,BENIGN
21,67,1,2,6,12,6,6,6.0,0.0,6,6,6.0,0.0,268656.7164,44776.1194,33.5,20.50609665,48,19,0,0.0,0.0,0,0,48,48.0,0.0,48,48,0,0,20,40,14925.37313,29850.74627,6,6,6.0,0.0,0.0,0,0,0,0,1,1,0,0,2,8.0,6.0,6.0,20,1,6,2,12,255,229,0,20,0.0,0.0,0,0,0.0,0.0,0,0,BENIGN
53,247,2,2,88,662,44,44,44.0,0.0,331,331,331.0,0.0,3036437.24696356,16194.3319838057,82.3333333333,137.4093640671,241,3,3,3.0,0.0,3,3,3,3.0,0.0,3,3,0,0,40,40,8097.1659919028,8097.1659919028,44,331,158.8,157.196374004,24710.7,0,0,0,0,0,0,0,0,1,198.5,44.0,331.0,40,2,88,2,662,-1,-1,1,20,0.0,0.0,0,0,0.0,0.0,0,0,BENIGN
80,11318380,8,5,442,11632,442,0,55.25,156.2705986,10184,0,2326.4,4437.056321,1066.760437,1.148574266,943198.3333,2218625.11,6313459,1,6322288,903184.0,2388830.372,6320542,1,11300000,2829591.0,3310219.513,6313459,196,0,0,264,168,0.706814933,0.441759333,0,10184,862.4285714,2711.697757,7353304.725,0,0,0,1,0,0,0,0,0,928.7692308,55.25,2326.4,264,8,442,5,11632,29200,235,1,32,803.0,0.0,803,803,6313459.0,0.0,6313459,6313459,DoS GoldenEye
80,57,2,0,12,0,6,6,6.0,0.0,0,0,0.0,0.0,210526.3158,35087.7193,57.0,0.0,57,57,57,57.0,0.0,57,57,0,0.0,0.0,0,0,0,0,40,0,35087.7193,0.0,6,6,6.0,0.0,0.0,0,0,0,0,1,0,0,0,0,9.0,6.0,0.0,40,2,12,0,0,254,-1,1,20,0.0,0.0,0,0,0.0,0.0,0,0,BENIGN
80,86095143,9,7,369,11595,369,0,41.0,123.0,2896,0,1656.428571,1546.021545,138.9625429,0.185840913,5739676.2,22200000.0,85900000,1,86000000,10700000.0,30400000.0,85900000,1,153740,25623.33333,55951.10234,139268,29,0,0,296,232,0.104535514,0.0813054,0,2896,703.7647059,1256.575332,1578981.566,0,0,0,0,1,0,0,0,0,747.75,41.0,1656.428571,296,9,369,7,11595,251,235,1,32,521.0,0.0,521,521,85900000.0,0.0,85900000,85900000,DoS Hulk
4126,49,2,0,4,0,2,2,2.0,0.0,0,0,0.0,0.0,81632.65306,40816.32653,49.0,0.0,49,49,49,49.0,0.0,49,49,0,0.0,0.0,0,0,0,0,48,0,40816.32653,0.0,2,2,2.0,0.0,0.0,0,0,0,1,0,0,0,0,0,3.0,2.0,0.0,48,2,4,0,0,1024,-1,1,24,0.0,0.0,0,0,0.0,0.0,0,0,BENIGN
80,3005677,8,1,1780,0,356,0,222.5,184.2475043,0,0,0.0,0.0,592.2126696,2.994333722,375709.625,488828.2132,1373521,108,3005677,429382.4286,501887.7955,1373521,431,0,0.0,0.0,0,0,0,0,264,40,2.661629976,0.332703747,0,356,178.0,187.6284745,35204.44444,0,0,0,1,0,0,0,0,0,197.7777778,222.5,0.0,264,8,1780,1,0,29200,28960,5,32,0.0,0.0,0,0,0.0,0.0,0,0,DoS Slowhttptest
49752,69,2,1,37,0,37,0,18.5,26.1629509,0,0,0.0,0.0,536231.8841,43478.26087,34.5,44.54772721,66,3,3,3.0,0.0,3,3,0,0.0,0.0,0,0,0,0,64,32,28985.50725,14492.75362,0,37,9.25,18.5,342.25,0,0,0,0,1,0,0,0,0,12.33333333,18.5,0.0,64,2,37,1,0,978,33304,1,32,0.0,0.0,0,0,0.0,0.0,0,0,BENIGN
1052,56,1,1,0,6,0,0,0.0,0.0,6,6,6.0,0.0,107142.8571,35714.28571,56.0,0.0,56,56,0,0.0,0.0,0,0,0,0.0,0.0,0,0,0,0,40,20,17857.14286,17857.14286,0,6,2.0,3.464101615,12.0,0,0,0,1,0,0,0,0,1,3.0,0.0,6.0,40,1,0,1,6,29200,0,0,40,0.0,0.0,0,0,0.0,0.0,0,0,PortScan
443,5184131,6,4,611,164,517,0,101.8333333333,204.305082332,152,0,41.0,74.0540343263,149.4946790504,1.9289636006,576014.555555556,1685299.09255873,5069790,17,5184131,1036826.2,2289969.81432359,5133188,48,91160,30386.6666666667,32030.1392493591,64141,417,0,0,132,92,1.1573781604,0.7715854403,0,517,70.4545454545,154.7568180316,23949.6727272727,0,0,0,1,0,0,0,0,0,77.5,101.8333333333,41.0,132,6,611,4,164,8192,946,5,20,114293.0,0.0,114293,114293,5069790.0,0.0,5069790,5069790,BENIGN
443,2001285,2,0,74,0,37,37,37.0,0.0,0,0,0.0,0.0,36.976242764,0.9993579125,2001285.0,0.0,2001285,2001285,2001285,2001285.0,0.0,2001285,2001285,0,0.0,0.0,0,0,1,0,64,0,0.9993579125,0.0,37,37,37.0,0.0,0.0,0,1,0,0,1,1,0,0,0,55.5,37.0,0.0,64,2,74,0,0,33304,-1,1,32,0.0,0.0,0,0,0.0,0.0,0,0,BENIGN
43516,90,1,1,0,0,0,0,0.0,0.0,0,0,0.0,0.0,0.0,22222.22222,90.0,0.0,90,90,0,0.0,0.0,0,0,0,0.0,0.0,0,0,0,0,32,32,11111.11111,11111.11111,0,0,0.0,0.0,0.0,0,0,0,0,1,1,0,0,1,0.0,0.0,0.0,32,1,0,1,0,227,229,0,32,0.0,0.0,0,0,0.0,0.0,0,0,BENIGN
53,60951,2,2,54,118,27,27,27.0,0.0,59,59,59.0,0.0,2821.938935,65.62648685,20317.0,35145.91616,60900,3,3,3.0,0.0,3,3,48,48.0,0.0,48,48,0,0,80,40,32.81324343,32.81324343,27,59,39.8,17.52712184,307.2,0,0,0,0,0,0,0,0,1,49.75,27.0,59.0,80,2,54,2,118,-1,-1,1,40,0.0,0.0,0,0,0.0,0.0,0,0,BENIGN
80,1700143,3,4,26,11607,20,0,8.666666667,10.26320288,11595,0,2901.75,5795.50069,6842.365613,4.117300721,283357.1667,693588.182,1699138,5,903,451.5,498.5102807,804,99,1700094,566698.0,980721.9223,1699138,5,0,0,72,92,1.764557452,2.352743269,0,11595,1454.125,4097.537534,16800000.0,0,0,0,1,0,0,0,0,1,1661.857143,8.666666667,2901.75,72,3,26,4,11607,8192,229,2,20,0.0,0.0,0,0,0.0,0.0,0,0,DDoS
80,179978,6,4,459,308,459,0,76.5,187.3859653229,288,0,77.0,140.9822683886,4261.6319772417,55.562346509,19997.5555555556,37845.0215355703,86712,28,179978,35995.6,48248.7685987943,90857,283,92870,30956.6666666667,49842.5758697655,88470,344,0,0,204,136,33.3374079054,22.2249386036,0,459,69.7272727273,155.0948683284,24054.4181818182,0,0,0,1,0,0,0,0,0,76.7,76.5,77.0,204,6,459,4,308,65535,118,1,32,0.0,0.0,0,0,0.0,0.0,0,0,BENIGN
53,46105,4,4,180,244,45,45,45.0,0.0,61,61,61.0,0.0,9196.399523,173.5169721,6586.428571,17244.99894,45694,0,45932,15310.66667,26476.42866,45883,0,45870,15290.0,26476.99467,45863,3,0,0,80,80,86.75848606,86.75848606,45,61,52.11111111,8.432740427,71.11111111,0,0,0,0,0,0,0,0,1,58.625,45.0,61.0,80,4,180,4,244,-1,-1,3,20,0.0,0.0,0,0,0.0,0.0,0,0,BENIGN
80,6874625,4,0,24,0,6,6,6.0,0.0,0,0,0.0,0.0,3.491099515,0.581849919,2291541.667,3967519.909,6872839,355,6874625,2291541.667,3967519.909,6872839,355,0,0.0,0.0,0,0,0,0,80,0,0.581849919,0.0,6,6,6.0,0.0,0.0,0,0,0,0,1,0,0,0,0,7.5,6.0,0.0,80,4,24,0,0,256,-1,3,20,1786.0,0.0,1786,1786,6872839.0,0.0,6872839,6872839,DDoS
80,1211964,3,6,26,11607,20,0,8.666666667,10.26320288,4380,0,1934.5,2177.344966,9598.469922,7.425963147,151495.5,428014.839,1210778,9,847,423.5,532.4514062,800,47,1211914,242382.8,541349.479,1210778,9,0,0,72,132,2.475321049,4.950642098,0,4380,1163.3,1903.962654,3625073.789,0,0,0,1,0,0,0,0,2,1292.555556,8.666666667,1934.5,72,3,26,6,11607,8192,229,2,20,0.0,0.0,0,0,0.0,0.0,0,0,DDoS
443,5761195,10,7,351,4816,194,0,35.1,68.43723808,1448,0,688.0,659.1722082,896.8625433,2.950776705,360074.6875,1409433.132,5645224,6,5761195,640132.7778,1876968.411,5645224,42,92887,15481.16667,26665.90247,65968,49,0,0,328,232,1.735751003,1.215025702,0,1448,287.0555556,514.0217977,264218.4085,0,0,0,1,0,0,0,0,0,303.9411765,35.1,688.0,328,10,351,7,4816,29200,939,3,32,115929.0,0.0,115929,115929,5645224.0,0.0,5645224,5645224,BENIGN
53,437,1,1,41,57,41,41,41.0,0.0,57,57,57.0,0.0,224256.2929,4576.659039,437.0,0.0,437,437,0,0.0,0.0,0,0,0,0.0,0.0,0,0,0,0,20,20,2288.329519,2288.329519,41,57,46.33333333,9.237604307,85.33333333,0,0,0,0,0,0,0,0,1,69.5,41.0,57.0,20,1,41,1,57,-1,-1,0,20,0.0,0.0,0,0,0.0,0.0,0,0,BENIGN
53,61615,2,2,74,234,37,37,37.0,0.0,117,117,117.0,0.0,4998.782764,64.91925667,20538.33333,35568.24068,61609,3,3,3.0,0.0,3,3,3,3.0,0.0,3,3,0,0,64,64,32.45962834,32.45962834,37,117,69.0,43.8178046,1920.0,0,0,0,0,0,0,0,0,1,86.25,37.0,117.0,64,2,74,2,234,-1,-1,1,32,0.0,0.0,0,0,0.0,0.0,0,0,BENIGN
443,7507943,8,7,1200,1050,853,0,150.0,293.7452735,885,0,150.0,329.8863441,299.6826161,1.997884108,536281.6429,1731041.655,6539372,2,7507943,1072563.286,2414661.826,6539372,2,7251104,1208517.333,2632764.252,6572203,2,0,0,172,148,1.065538191,0.932345917,0,885,140.625,291.8958433,85203.18333,0,0,0,1,0,0,0,0,0,150.0,150.0,150.0,172,8,1200,7,1050,8192,5527,4,20,32666.0,0.0,32666,32666,6539372.0,0.0,6539372,6539372,BENIGN
80,68675,3,0,0,0,0,0,0.0,0.0,0,0,0.0,0.0,0.0,43.68401893,34337.5,12601.34995,43248,25427,68675,34337.5,12601.34995,43248,25427,0,0.0,0.0,0,0,0,0,96,0,43.68401893,0.0,0,0,0.0,0.0,0.0,0,0,0,0,1,0,0,0,0,0.0,0.0,0.0,96,3,0,0,0,30228,-1,0,32,0.0,0.0,0,0,0.0,0.0,0,0,BENIGN
80,63113397,7,0,0,0,0,0,0.0,0.0,0,0,0.0,0.0,0.0,0.110911476,10500000.0,11900000.0,32100000,997679,63100000,10500000.0,11900000.0,32100000,997679,0,0.0,0.0,0,0,0,0,280,0,0.110911476,0.0,0,0,0.0,0.0,0.0,0,0,0,1,0,0,0,0,0,0.0,0.0,0.0,280,7,0,0,0,29200,-1,0,40,7009474.0,0.0,7009474,7009474,18700000.0,12200000.0,32100000,8008109,DoS Slowhttptest
443,113302944,208,294,41319,13399,1423,6,198.6490385,299.4094137,328,6,45.57482993,41.09457392,482.9353772,4.430599791,226153.5808,1172566.049,13000000,0,113000000,546986.4734,1798956.87,13100000,67,113000000,386572.6928,1523014.46,13100000,0,1,0,4160,5880,1.835786368,2.594813423,6,1423,110.0258449,210.1584996,44166.59495,0,1,0,0,1,0,0,0,1,110.2450199,198.6490385,45.57482993,4160,208,41319,294,13399,255,1622,207,20,2848466.818,4752368.297,15300000,170494,7428762.273,2114577.451,13000000,5201340,BENIGN
53,30656,4,4,88,216,22,22,22.0,0.0,54,54,54.0,0.0,9916.492693,260.960334,4379.428571,8807.866538,23478,3,30496,10165.33333,17561.85427,30444,4,7130,2376.666667,4111.311267,7124,3,0,0,104,104,130.480167,130.480167,22,54,36.22222222,16.86548085,284.4444444,0,0,0,0,0,0,0,0,1,40.75,22.0,54.0,104,4,88,4,216,-1,-1,3,20,0.0,0.0,0,0,0.0,0.0,0,0,BENIGN
53,226,2,2,72,234,36,36,36.0,0.0,117,117,117.0,0.0,1353982.301,17699.11504,75.33333333,91.12811494,177,1,1,1.0,0.0,1,1,48,48.0,0.0,48,48,0,0,64,64,8849.557522,8849.557522,36,117,68.4,44.36552716,1968.3,0,0,0,0,0,0,0,0,1,85.5,36.0,117.0,64,2,72,2,234,-1,-1,1,32,0.0,0.0,0,0,0.0,0.0,0,0,BENIGN
53,30896,1,1,83,211,83,83,83.0,0.0,211,211,211.0,0.0,9515.794925,64.73329881,30896.0,0.0,30896,30896,0,0.0,0.0,0,0,0,0.0,0.0,0,0,0,0,32,32,32.3666494,32.3666494,83,211,125.6666667,73.90083446,5461.333333,0,0,0,0,0,0,0,0,1,188.5,83.0,211.0,32,1,83,1,211,-1,-1,0,32,0.0,0.0,0,0,0.0,0.0,0,0,BENIGN
443,5979109,10,5,336,5676,179,0,33.6,64.62576026,2896,0,1135.2,1149.650904,1005.500987,2.508734997,427079.2143,1570119.048,5882155,2,5979109,664345.4444,1956755.851,5882155,48,42887,10721.75,12536.61351,25299,246,0,0,328,168,1.672489998,0.836244999,0,2896,375.75,796.6619107,634670.2,0,0,0,1,0,0,0,0,0,400.8,33.6,1135.2,328,10,336,5,5676,29200,59,3,32,96906.0,0.0,96906,96906,5882155.0,0.0,5882155,5882155,BENIGN
53,60689,2,2,84,278,42,42,42.0,0.0,139,139,139.0,0.0,5964.8371204007,65.9098024354,20229.6666666667,35033.6143344265,60683,3,3,3.0,0.0,3,3,3,3.0,0.0,3,3,0,0,40,64,32.9549012177,32.9549012177,42,139,80.8,53.129088078,2822.7,0,0,0,0,0,0,0,0,1,101.0,42.0,139.0,40,2,84,2,278,-1,-1,1,20,0.0,0.0,0,0,0.0,0.0,0,0,BENIGN
123,24061,1,1,48,48,48,48,48.0,0.0,48,48,48.0,0.0,3989.859108,83.12206475,24061.0,0.0,24061,24061,0,0.0,0.0,0,0,0,0.0,0.0,0,0,0,0,20,20,41.56103238,41.56103238,48,48,48.0,0.0,0.0,0,0,0,0,0,0,0,0,1,72.0,48.0,48.0,20,1,48,1,48,-1,-1,0,20,0.0,0.0,0,0,0.0,0.0,0,0,BENIGN
80,99225834,7,6,325,11595,319,0,46.42857143,120.2135005,8688,0,1932.5,3384.303045,120.1300057,0.131014268,8268819.5,28600000.0,99200000,1,99200000,16500000.0,40500000.0,99200000,1,9600,1920.0,4024.475866,9118,46,0,0,220,200,0.070546144,0.060468124,0,8688,851.4285714,2314.297392,5355972.418,0,0,0,0,1,0,0,0,0,916.9230769,46.42857143,1932.5,220,7,325,6,11595,251,235,2,20,986.0,0.0,986,986,99200000.0,0.0,99200000,99200000,DoS Hulk
80,85032129,6,7,365,11595,347,0,60.83333333,140.2232743,5792,0,1656.428571,2120.732252,140.6527173,0.152883388,7086010.75,24500000.0,84900000,4,84900000,17000000.0,38000000.0,84900000,4,85000000,14200000.0,34600000.0,84900000,8,0,0,164,232,0.070561564,0.082321824,0,5792,854.7142857,1666.049285,2775720.22,1,0,0,0,0,0,0,0,1,920.4615385,60.83333333,1656.428571,164,6,365,7,11595,0,235,3,20,16010.0,0.0,16010,16010,84900000.0,0.0,84900000,84900000,DoS Hulk
80,5960047,3,1,0,0,0,0,0.0,0.0,0,0,0.0,0.0,0.0,0.6711356471,1986682.33333333,3420453.3347839,5936258,60,5960047,2980023.5,4180746.92345525,5936258,23789,0,0.0,0.0,0,0,0,0,104,40,0.5033517353,0.1677839118,0,0,0.0,0.0,0.0,0,0,0,1,0,0,0,0,0,0.0,0.0,0.0,104,3,0,1,0,29200,65535,0,32,0.0,0.0,0,0,0.0,0.0,0,0,BENIGN
63262,100722607,6,9,11613,62,5840,0,1935.5,2991.613996,20,0,6.888888889,5.30199124,115.9124088,0.148923866,7194471.929,25100000.0,94000000,0,101000000,20100000.0,45000000.0,101000000,47,101000000,12600000.0,33000000.0,94000000,0,0,0,132,192,0.059569546,0.089354319,0,5840,730.0625,1978.190435,3913237.396,0,0,0,0,1,1,0,0,1,778.7333333,1935.5,6.888888889,132,6,11613,9,62,229,256,4,20,26788.0,0.0,26788,26788,50300000.0,61800000.0,94000000,6607766,BENIGN
53,138002,2,2,70,404,35,35,35.0,0.0,202,202,202.0,0.0,3434.73283,28.98508717,46000.66667,79669.42967,137995,3,3,3.0,0.0,3,3,4,4.0,0.0,4,4,0,0,64,40,14.49254359,14.49254359,35,202,101.8,91.4696671,8366.7,0,0,0,0,0,0,0,0,1,127.25,35.0,202.0,64,2,70,2,404,-1,-1,1,32,0.0,0.0,0,0,0.0,0.0,0,0,BENIGN
53,188,2,2,64,96,32,32,32.0,0.0,48,48,48.0,0.0,851063.829787234,21276.5957446809,62.6666666667,104.212923063,183,2,3,3.0,0.0,3,3,2,2.0,0.0,2,2,0,0,40,40,10638.2978723404,10638.2978723404,32,48,38.4,8.7635609201,76.8,0,0,0,0,0,0,0,0,1,48.0,32.0,48.0,40,2,64,2,96,-1,-1,1,20,0.0,0.0,0,0,0.0,0.0,0,0,BENIGN
64299,2,1,1,6,2,6,6,6.0,0.0,2,2,2.0,0.0,4000000.0,1000000.0,2.0,0.0,2,2,0,0.0,0.0,0,0,0,0.0,0.0,0,0,0,0,20,24,500000.0,500000.0,2,6,4.666666667,2.309401077,5.333333333,1,0,0,0,1,0,0,0,1,7.0,6.0,2.0,20,1,6,1,2,0,1024,0,20,0.0,0.0,0,0,0.0,0.0,0,0,BENIGN
443,69,2,0,12,0,6,6,6.0,0.0,0,0,0.0,0.0,173913.043478261,28985.5072463768,69.0,0.0,69,69,69,69.0,0.0,69,69,0,0.0,0.0,0,0,0,0,40,0,28985.5072463768,0.0,6,6,6.0,0.0,0.0,0,0,0,0,1,0,0,0,0,9.0,6.0,0.0,40,2,12,0,0,16369,-1,1,20,0.0,0.0,0,0,0.0,0.0,0,0,BENIGN
37,93,1,1,0,6,0,0,0.0,0.0,6,6,6.0,0.0,64516.12903,21505.37634,93.0,0.0,93,93,0,0.0,0.0,0,0,0,0.0,0.0,0,0,0,0,40,20,10752.68817,10752.68817,0,6,2.0,3.464101615,12.0,0,0,0,1,0,0,0,0,1,3.0,0.0,6.0,40,1,0,1,6,29200,0,0,40,0.0,0.0,0,0,0.0,0.0,0,0,PortScan
53,31852,2,2,56,210,28,28,28.0,0.0,105,105,105.0,0.0,8351.123948,125.5808113,10617.33333,18386.2967,31848,1,1,1.0,0.0,1,1,3,3.0,0.0,3,3,0,0,80,64,62.79040563,62.79040563,28,105,58.8,42.17463693,1778.7,0,0,0,0,0,0,0,0,1,73.5,28.0,105.0,80,2,56,2,210,-1,-1,1,40,0.0,0.0,0,0,0.0,0.0,0,0,BENIGN
51741,69,1,1,6,6,6,6,6.0,0.0,6,6,6.0,0.0,173913.0435,28985.50725,69.0,0.0,69,69,0,0.0,0.0,0,0,0,0.0,0.0,0,0,0,0,20,20,14492.75362,14492.75362,6,6,6.0,0.0,0.0,0,0,0,0,1,1,0,0,1,9.0,6.0,6.0,20,1,6,1,6,335,258,0,20,0.0,0.0,0,0,0.0,0.0,0,0,BENIGN
443,5141803,5,1,135,46,46,6,27.0,20.1246118,46,46,46.0,0.0,35.20165981,1.16690585,1028360.6,2133505.439,4842566,49,5141803,1285450.75,2373599.838,4842566,49,0,0.0,0.0,0,0,1,0,100,20,0.972421542,0.194484308,6,46,32.42857143,18.86670032,355.952381,0,1,0,0,1,0,0,0,0,37.83333333,27.0,46.0,100,5,135,1,46,255,360,4,20,0.0,0.0,0,0,0.0,0.0,0,0,BENIGN
4129,61,1,1,2,6,2,2,2.0,0.0,6,6,6.0,0.0,131147.541,32786.88525,61.0,0.0,61,61,0,0.0,0.0,0,0,0,0.0,0.0,0,0,0,0,24,20,16393.44262,16393.44262,2,6,3.333333333,2.309401077,5.333333333,0,0,0,1,0,0,0,0,1,5.0,2.0,6.0,24,1,2,1,6,1024,0,0,24,0.0,0.0,0,0,0.0,0.0,0,0,PortScan
22,12026942,21,32,2008,2745,640,0,95.61904762,140.0451628,976,0,85.78125,220.240592,395.1960523,4.406772727,231287.3462,623944.055,2245736,15,9738506,486925.3,855575.6144,2100740,357,12000000,387963.1613,774013.6347,2245736,48,0,0,680,1032,1.74607976,2.660692968,0,976,88.01851852,189.5902723,35944.47135,0,0,0,1,0,0,0,0,1,89.67924528,95.61904762,85.78125,680,21,2008,32,2745,29200,247,16,32,0.0,0.0,0,0,0.0,0.0,0,0,SSH-Patator
53,60872,1,1,44,112,44,44,44.0,0.0,112,112,112.0,0.0,2562.754633,32.85582862,60872.0,0.0,60872,60872,0,0.0,0.0,0,0,0,0.0,0.0,0,0,0,0,20,32,16.42791431,16.42791431,44,112,66.66666667,39.2598183,1541.333333,0,0,0,0,0,0,0,0,1,100.0,44.0,112.0,20,1,44,1,112,-1,-1,0,20,0.0,0.0,0,0,0.0,0.0,0,0,BENIGN
443,87574,4,1,24,0,6,6,6.0,0.0,0,0,0.0,0.0,274.0539429511,57.0945714481,21893.5,43739.0120944678,87502,1,87574,29191.3333333333,50559.1404232047,87572,1,0,0.0,0.0,0,0,0,0,80,44,45.6756571585,11.4189142896,0,6,5.0,2.4494897428,6.0,1,0,0,0,0,0,0,0,0,6.0,6.0,0.0,80,4,24,1,0,0,117,3,20,0.0,0.0,0,0,0.0,0.0,0,0,BENIGN
53,169,2,2,104,264,52,52,52.0,0.0,132,132,132.0,0.0,2177514.79289941,23668.6390532544,56.3333333333,91.511383627,162,3,3,3.0,0.0,3,3,4,4.0,0.0,4,4,0,0,64,64,11834.3195266272,11834.3195266272,52,132,84.0,43.8178046004,1920.0,0,0,0,0,0,0,0,0,1,105.0,52.0,132.0,64,2,104,2,264,-1,-1,1,32,0.0,0.0,0,0,0.0,0.0,0,0,BENIGN
53,30838,2,2,88,344,44,44,44.0,0.0,172,172,172.0,0.0,14008.6905765614,129.7100979311,10279.3333333333,17797.3993980394,30830,4,4,4.0,0.0,4,4,4,4.0,0.0,4,4,0,0,40,40,64.8550489656,64.8550489656,44,172,95.2,70.1084873607,4915.2,0,0,0,0,0,0,0,0,1,119.0,44.0,172.0,40,2,88,2,344,-1,-1,1,20,0.0,0.0,0,0,0.0,0.0,0,0,BENIGN
53392,63,1,1,6,6,6,6,6.0,0.0,6,6,6.0,0.0,190476.1905,31746.03175,63.0,0.0,63,63,0,0.0,0.0,0,0,0,0.0,0.0,0,0,0,0,20,20,15873.01587,15873.01587,6,6,6.0,0.0,0.0,0,0,0,0,1,1,0,0,1,9.0,6.0,6.0,20,1,6,1,6,65,531,0,20,0.0,0.0,0,0,0.0,0.0,0,0,BENIGN
53,181,2,2,72,288,36,36,36.0,0.0,144,144,144.0,0.0,1988950.276,22099.44751,60.33333333,99.3042463,175,3,3,3.0,0.0,3,3,3,3.0,0.0,3,3,0,0,80,80,11049.72376,11049.72376,36,144,79.2,59.15403621,3499.2,0,0,0,0,0,0,0,0,1,99.0,36.0,144.0,80,2,72,2,288,-1,-1,1,40,0.0,0.0,0,0,0.0,0.0,0,0,BENIGN
80,1274872,3,4,26,11601,20,0,8.666666667,10.26320288,8760,0,2900.25,4128.319301,9120.131276,5.490747306,212478.6667,515517.4916,1264748,13,9648,4824.0,6369.617885,9328,320,1274859,424953.0,727298.8969,1264748,370,0,0,72,92,2.353177417,3.137569889,0,8760,1453.375,3113.952607,9696700.839,0,0,0,1,0,0,0,0,1,1661.0,8.666666667,2900.25,72,3,26,4,11601,8192,229,2,20,0.0,0.0,0,0,0.0,0.0,0,0,DDoS
1692,45,1,1,6,6,6,6,6.0,0.0,6,6,6.0,0.0,266666.666666667,44444.4444444444,45.0,0.0,45,45,0,0.0,0.0,0,0,0,0.0,0.0,0,0,0,0,20,20,22222.2222222222,22222.2222222222,6,6,6.0,0.0,0.0,0,0,0,0,1,1,0,0,1,9.0,6.0,6.0,20,1,6,1,6,31088,64209,0,20,0.0,0.0,0,0,0.0,0.0,0,0,BENIGN
49157,53,1,1,2,6,2,2,2.0,0.0,6,6,6.0,0.0,150943.3962,37735.84906,53.0,0.0,53,53,0,0.0,0.0,0,0,0,0.0,0.0,0,0,0,0,24,20,18867.92453,18867.92453,2,6,3.333333333,2.309401077,5.333333333,0,0,0,1,0,0,0,0,1,5.0,2.0,6.0,24,1,2,1,6,1024,0,0,24,0.0,0.0,0,0,0.0,0.0,0,0,PortScan
80,97000477,8,4,56,11607,20,0,7.0,5.656854249,11595,0,2901.75,5795.50069,120.2365221,0.123710732,8818225.182,28200000.0,93800000,14,96900000,13800000.0,35300000.0,93800000,117,102714,34238.0,57559.48745,100692,14,0,0,172,92,0.082473821,0.041236911,0,11595,897.6153846,3214.167532,10300000.0,0,0,0,0,1,0,0,0,0,972.4166667,7.0,2901.75,172,8,56,4,11607,256,229,6,20,3064537.0,0.0,3064537,3064537,93800000.0,0.0,93800000,93800000,DDoS
53,50085,1,1,44,204,44,44,44.0,0.0,204,204,204.0,0.0,4951.5823100729,39.9321154038,50085.0,0.0,50085,50085,0,0.0,0.0,0,0,0,0.0,0.0,0,0,0,0,32,32,19.9660577019,19.9660577019,44,204,97.3333333333,92.3760430703,8533.3333333333,0,0,0,0,0,0,0,0,1,146.0,44.0,204.0,32,1,44,1,204,-1,-1,0,32,0.0,0.0,0,0,0.0,0.0,0,0,BENIGN
53,55140937,2,2,107,277,59,48,53.5,7.778174593,156,121,138.5,24.74873734,6.963973064,0.072541386,18400000.0,31800000.0,55100000,842,55100000,55100000.0,0.0,55100000,55100000,55100000,55100000.0,0.0,55100000,55100000,0,0,64,72,0.036270693,0.036270693,48,156,86.4,49.34875885,2435.3,0,0,0,0,0,0,0,0,1,108.0,53.5,138.5,64,2,107,2,277,-1,-1,1,32,48592.0,0.0,48592,48592,55100000.0,0.0,55100000,55100000,BENIGN
49152,61,1,1,0,6,0,0,0.0,0.0,6,6,6.0,0.0,98360.65574,32786.88525,61.0,0.0,61,61,0,0.0,0.0,0,0,0,0.0,0.0,0,0,0,0,40,20,16393.44262,16393.44262,0,6,2.0,3.464101615,12.0,0,0,0,1,0,0,0,0,1,3.0,0.0,6.0,40,1,0,1,6,29200,0,0,40,0.0,0.0,0,0,0.0,0.0,0,0,PortScan
700,75,1,1,0,6,0,0,0.0,0.0,6,6,6.0,0.0,80000.0,26666.66667,75.0,0.0,75,75,0,0.0,0.0,0,0,0,0.0,0.0,0,0,0,0,40,20,13333.33333,13333.33333,0,6,2.0,3.464101615,12.0,0,0,0,1,0,0,0,0,1,3.0,0.0,6.0,40,1,0,1,6,29200,0,0,40,0.0,0.0,0,0,0.0,0.0,0,0,PortScan
80,149664,1,1,6,6,6,6,6.0,0.0,6,6,6.0,0.0,80.1796023092,13.3632670515,149664.0,0.0,149664,149664,0,0.0,0.0,0,0,0,0.0,0.0,0,0,0,0,20,20,6.6816335258,6.6816335258,6,6,6.0,0.0,0.0,0,0,0,0,1,1,0,0,1,9.0,6.0,6.0,20,1,6,1,6,279,512,0,20,0.0,0.0,0,0,0.0,0.0,0,0,BENIGN
53,34539,1,1,51,79,51,51,51.0,0.0,79,79,79.0,0.0,3763.861142,57.90555604,34539.0,0.0,34539,34539,0,0.0,0.0,0,0,0,0.0,0.0,0,0,0,0,20,32,28.95277802,28.95277802,51,79,60.33333333,16.16580754,261.3333333,0,0,0,0,0,0,0,0,1,90.5,51.0,79.0,20,1,51,1,79,-1,-1,0,20,0.0,0.0,0,0,0.0,0.0,0,0,BENIGN
80,75345090,9,8,54,0,6,6,6.0,0.0,0,0,0.0,0.0,0.7167023093,0.2256285048,4709068.125,4967806.27128776,9993942,36662,75345090,9418136.25,1728273.61601097,10030613,5140886,70204254,10029179.1428571,3740.8116066159,10030834,10020703,0,0,180,256,0.1194503849,0.1061781199,0,6,3.3333333333,3.0678599554,9.4117647059,0,0,0,0,1,0,0,0,0,3.5294117647,6.0,0.0,180,9,54,8,0,16302,464,8,20,36831.1428571429,128.3594283921,36998,36662,9992340.85714286,3707.4023893007,9993942,9983937,BENIGN
80,98681154,8,6,322,11595,322,0,40.25,113.8441918,4344,0,1932.5,1754.831473,120.7626737,0.141871061,7590858.0,27400000.0,98700000,1,98700000,14100000.0,37300000.0,98700000,1,7855,1571.0,3030.633515,6984,47,0,0,264,200,0.081069178,0.060801883,0,4344,794.4666667,1425.295201,2031466.41,0,0,0,0,1,0,0,0,0,851.2142857,40.25,1932.5,264,8,322,6,11595,274,235,1,32,2006.0,0.0,2006,2006,98700000.0,0.0,98700000,98700000,DoS Hulk
53,24072,2,2,68,198,34,34,34.0,0.0,99,99,99.0,0.0,11050.1827849784,166.1681621801,8024.0,13852.9614523394,24020,3,49,49.0,0.0,49,49,3,3.0,0.0,3,3,0,0,40,40,83.0840810901,83.0840810901,34,99,60.0,35.6019662378,1267.5,0,0,0,0,0,0,0,0,1,75.0,34.0,99.0,40,2,68,2,198,-1,-1,1,20,0.0,0.0,0,0,0.0,0.0,0,0,BENIGN
80,101905247,8,6,56,11601,20,0,7.0,5.656854249,4380,0,1933.5,1998.0254,114.390577,0.137382524,7838865.154,26000000.0,94200000,48,101000000,14500000.0,35200000.0,94200000,214,505321,101064.2,218453.4997,491718,163,0,0,172,132,0.078504299,0.058878224,0,4380,777.5333333,1542.802222,2380238.695,0,0,0,0,1,0,0,0,0,833.0714286,7.0,1933.5,172,8,56,6,11601,256,229,6,20,879.0,0.0,879,879,50700000.0,61500000.0,94200000,7236691,DDoS
443,90089737,3,3,18,18,6,6,6.0,0.0,6,6,6.0,0.0,0.3996015662,0.066600261,18017947.4,24627636.9665388,44997083,32429,90057237,45028618.5,1263.5998179804,45029512,45027725,90057308,45028654.0,1262.8927111992,45029547,45027761,0,0,60,60,0.0333001305,0.0333001305,6,6,6.0,0.0,0.0,0,0,0,0,1,0,0,0,1,7.0,6.0,6.0,60,3,18,3,18,63385,7820,2,20,32446.5,24.7487373415,32464,32429,44996172.0,1288.3485553219,44997083,44995261,BENIGN
80,1020254,5,0,30,0,6,6,6.0,0.0,0,0,0.0,0.0,29.40444242,4.900740404,255063.5,508833.181,1018313,342,1020254,255063.5,508833.181,1018313,342,0,0.0,0.0,0,0,0,0,100,0,4.900740404,0.0,6,6,6.0,0.0,0.0,0,0,0,0,1,0,0,0,0,7.2,6.0,0.0,100,5,30,0,0,256,-1,4,20,0.0,0.0,0,0,0.0,0.0,0,0,DDoS
1053,45,1,1,0,6,0,0,0.0,0.0,6,6,6.0,0.0,133333.3333,44444.44444,45.0,0.0,45,45,0,0.0,0.0,0,0,0,0.0,0.0,0,0,0,0,40,20,22222.22222,22222.22222,0,6,2.0,3.464101615,12.0,0,0,0,1,0,0,0,0,1,3.0,0.0,6.0,40,1,0,1,6,29200,0,0,40,0.0,0.0,0,0,0.0,0.0,0,0,PortScan
61366,39,1,1,0,0,0,0,0.0,0.0,0,0,0.0,0.0,0.0,51282.05128,39.0,0.0,39,39,0,0.0,0.0,0,0,0,0.0,0.0,0,0,0,0,32,32,25641.02564,25641.02564,0,0,0.0,0.0,0.0,0,0,0,0,1,1,0,0,1,0.0,0.0,0.0,32,1,0,1,0,122,33304,0,32,0.0,0.0,0,0,0.0,0.0,0,0,BENIGN
53,171,2,2,88,188,44,44,44.0,0.0,94,94,94.0,0.0,1614035.088,23391.81287,57.0,91.7986928,163,4,4,4.0,0.0,4,4,4,4.0,0.0,4,4,0,0,64,64,11695.90643,11695.90643,44,94,64.0,27.38612788,750.0,0,0,0,0,0,0,0,0,1,80.0,44.0,94.0,64,2,88,2,188,-1,-1,1,32,0.0,0.0,0,0,0.0,0.0,0,0,BENIGN
53,192,2,2,64,96,32,32,32.0,0.0,48,48,48.0,0.0,833333.333333333,20833.3333333333,64.0,104.7902667236,185,3,3,3.0,0.0,3,3,4,4.0,0.0,4,4,0,0,64,64,10416.6666666667,10416.6666666667,32,48,38.4,8.7635609201,76.8,0,0,0,0,0,0,0,0,1,48.0,32.0,48.0,64,2,64,2,96,-1,-1,1,32,0.0,0.0,0,0,0.0,0.0,0,0,BENIGN
80,195658,3,6,354,11595,354,0,118.0,204.3819953,5792,0,1932.5,2181.008184,61070.84811,45.99863026,24457.25,62027.21267,177287,45,18012,9006.0,11293.90951,16992,1020,195551,39110.2,77630.41861,177287,45,0,0,104,200,15.33287675,30.66575351,0,5792,1194.9,1886.760213,3559864.1,0,0,0,1,0,0,0,0,2,1327.666667,118.0,1932.5,104,3,354,6,11595,29200,235,1,32,0.0,0.0,0,0,0.0,0.0,0,0,DoS Hulk
53,71554,1,1,43,139,43,43,43.0,0.0,139,139,139.0,0.0,2543.533555,27.95091819,71554.0,0.0,71554,71554,0,0.0,0.0,0,0,0,0.0,0.0,0,0,0,0,20,32,13.97545909,13.97545909,43,139,75.0,55.42562584,3072.0,0,0,0,0,0,0,0,0,1,112.5,43.0,139.0,20,1,43,1,139,-1,-1,0,20,0.0,0.0,0,0,0.0,0.0,0,0,BENIGN
135,21011524,2,8,4,24,2,2,2.0,0.0,6,2,3.0,1.8516402,1.332602052,0.475929304,2334613.778,4184199.609,12000000,1,3,3.0,0.0,3,3,21000000,3001637.857,4583397.495,12000000,1,0,0,48,184,0.095185861,0.380743443,2,6,2.727272727,1.61807967,2.618181818,0,0,0,1,0,0,0,0,4,3.0,2.0,3.0,48,2,4,8,24,1024,0,1,24,1501405.0,2123301.657,3002806,4,9004355.5,4235646.694,12000000,6009301,BENIGN
60627,23,1,1,6,6,6,6,6.0,0.0,6,6,6.0,0.0,521739.1304,86956.52174,23.0,0.0,23,23,0,0.0,0.0,0,0,0,0.0,0.0,0,0,0,0,20,20,43478.26087,43478.26087,6,6,6.0,0.0,0.0,0,0,0,0,1,1,0,0,1,9.0,6.0,6.0,20,1,6,1,6,115,256,0,20,0.0,0.0,0,0,0.0,0.0,0,0,BENIGN
8087,99,1,1,2,6,2,2,2.0,0.0,6,6,6.0,0.0,80808.08081,20202.0202,99.0,0.0,99,99,0,0.0,0.0,0,0,0,0.0,0.0,0,0,0,0,24,20,10101.0101,10101.0101,2,6,3.333333333,2.309401077,5.333333333,0,0,0,1,0,0,0,0,1,5.0,2.0,6.0,24,1,2,1,6,1024,0,0,24,0.0,0.0,0,0,0.0,0.0,0,0,PortScan
443,110545597,20,20,5158,4785,2896,0,257.9,733.1184223,1448,0,239.25,526.6493765,89.94478541,0.361841639,2834502.487,4548015.672,10000000,3,101000000,5303611.632,5131424.545,10000000,5,111000000,5816949.053,5061450.505,10000000,3,0,0,648,636,0.180920819,0.180920819,0,2896,242.5121951,623.4056112,388634.5561,0,0,0,1,0,0,0,0,1,248.575,257.9,239.25,648,20,5158,20,4785,29200,9538,4,32,53076.0,99043.04694,351699,22818,9996523.727,80991.68029,10000000,9753760,BENIGN
53,40153841,2,2,89,456,46,43,44.5,2.1213203436,329,127,228.0,142.8355697997,13.572798677,0.099616871,13384613.6666667,22986937.3482673,39927593,68686,39996279,39996279.0,0.0,39996279,39996279,40085155,40085155.0,0.0,40085155,40085155,0,0,64,52,0.0498084355,0.0498084355,43,329,118.2,123.0800552486,15148.7,0,0,0,0,0,0,0,0,1,147.75,44.5,228.0,64,2,89,2,456,-1,-1,1,32,68686.0,0.0,68686,68686,39927593.0,0.0,39927593,39927593,BENIGN
53,70742,1,1,49,125,49,49,49.0,0.0,125,125,125.0,0.0,2459.64208,28.27174804,70742.0,0.0,70742,70742,0,0.0,0.0,0,0,0,0.0,0.0,0,0,0,0,20,32,14.13587402,14.13587402,49,125,74.33333333,43.87862046,1925.333333,0,0,0,0,0,0,0,0,1,111.5,49.0,125.0,20,1,49,1,125,-1,-1,0,20,0.0,0.0,0,0,0.0,0.0,0,0,BENIGN
443,5089586,7,4,635,168,517,0,90.71428571,190.7072051,168,0,42.0,84.0,157.773147,2.161275986,508958.6,1556625.784,4938579,4,5089586,848264.3333,2041508.432,5015316,4,114515,38171.66667,38688.099,77360,4,0,0,232,136,1.375357446,0.78591854,0,517,66.91666667,150.8487854,22755.35606,0,0,0,1,0,0,0,0,0,73.0,90.71428571,42.0,232,7,635,4,168,29200,340,3,32,0.0,0.0,0,0,0.0,0.0,0,0,BENIGN
51686,53,1,1,6,6,6,6,6.0,0.0,6,6,6.0,0.0,226415.0943,37735.84906,53.0,0.0,53,53,0,0.0,0.0,0,0,0,0.0,0.0,0,0,0,0,20,20,18867.92453,18867.92453,6,6,6.0,0.0,0.0,0,0,0,0,1,1,0,0,1,9.0,6.0,6.0,20,1,6,1,6,119,255,0,20,0.0,0.0,0,0,0.0,0.0,0,0,BENIGN
443,5122304,9,7,386,5066,199,0,42.8888888889,70.766242737,1460,0,723.7142857143,685.0845967922,1064.3647858464,3.1235943825,341486.933333333,1201321.06297005,4680414,3,5122304,640288.0,1634442.8561568,4680414,3,213787,35631.1666666667,54289.6243693642,108732,48,0,0,192,152,1.7570218402,1.3665725424,0,1460,320.7058823529,547.1809303953,299406.970588235,0,0,0,1,0,0,0,0,0,340.75,42.8888888889,723.7142857143,192,9,386,7,5066,8192,110,8,20,0.0,0.0,0,0,0.0,0.0,0,0,BENIGN
53,181,2,2,70,102,35,35,35.0,0.0,51,51,51.0,0.0,950276.2431,22099.44751,60.33333333,99.3042463,175,3,3,3.0,0.0,3,3,3,3.0,0.0,3,3,0,0,64,64,11049.72376,11049.72376,35,51,41.4,8.76356092,76.8,0,0,0,0,0,0,0,0,1,51.75,35.0,51.0,64,2,70,2,102,-1,-1,1,32,0.0,0.0,0,0,0.0,0.0,0,0,BENIGN
80,57912,3,5,26,11607,20,0,8.666666667,10.26320288,7215,0,2321.4,3327.769794,200873.7395,138.1406272,8273.142857,21574.9309,57200,4,487,243.5,208.5965005,391,96,57829,14457.25,28495.81339,57200,4,0,0,72,112,51.80273518,86.33789197,0,7215,1292.555556,2650.585648,7025604.278,0,0,0,1,0,0,0,0,1,1454.125,8.666666667,2321.4,72,3,26,5,11607,8192,229,2,20,0.0,0.0,0,0,0.0,0.0,0,0,DDoS
5560,39,1,1,2,6,2,2,2.0,0.0,6,6,6.0,0.0,205128.2051,51282.05128,39.0,0.0,39,39,0,0.0,0.0,0,0,0,0.0,0.0,0,0,0,0,24,20,25641.02564,25641.02564,2,6,3.333333333,2.309401077,5.333333333,0,0,0,1,0,0,0,0,1,5.0,2.0,6.0,24,1,2,1,6,1024,0,0,24,0.0,0.0,0,0,0.0,0.0,0,0,PortScan
49155,9,1,1,0,6,0,0,0.0,0.0,6,6,6.0,0.0,666666.6667,222222.2222,9.0,0.0,9,9,0,0.0,0.0,0,0,0,0.0,0.0,0,0,0,0,40,20,111111.1111,111111.1111,0,6,2.0,3.464101615,12.0,0,0,0,1,0,0,0,0,1,3.0,0.0,6.0,40,1,0,1,6,29200,0,0,40,0.0,0.0,0,0,0.0,0.0,0,0,PortScan
16012,49,1,1,2,6,2,2,2.0,0.0,6,6,6.0,0.0,163265.3061,40816.32653,49.0,0.0,49,49,0,0.0,0.0,0,0,0,0.0,0.0,0,0,0,0,24,20,20408.16327,20408.16327,2,6,3.333333333,2.309401077,5.333333333,0,0,0,1,0,0,0,0,1,5.0,2.0,6.0,24,1,2,1,6,1024,0,0,24,0.0,0.0,0,0,0.0,0.0,0,0,PortScan
53,197,2,2,54,86,27,27,27.0,0.0,43,43,43.0,0.0,710659.8985,20304.56853,65.66666667,30.59956427,101,48,48,48.0,0.0,48,48,48,48.0,0.0,48,48,0,0,40,60,10152.28426,10152.28426,27,43,33.4,8.76356092,76.8,0,0,0,0,0,0,0,0,1,41.75,27.0,43.0,40,2,54,2,86,-1,-1,1,20,0.0,0.0,0,0,0.0,0.0,0,0,BENIGN
443,42,2,0,12,0,6,6,6.0,0.0,0,0,0.0,0.0,285714.285714286,47619.0476190476,42.0,0.0,42,42,42,42.0,0.0,42,42,0,0.0,0.0,0,0,0,0,40,0,47619.0476190476,0.0,6,6,6.0,0.0,0.0,0,0,0,0,1,0,0,0,0,9.0,6.0,0.0,40,2,12,0,0,253,-1,1,20,0.0,0.0,0,0,0.0,0.0,0,0,BENIGN
21,8932969,9,15,103,188,21,0,11.44444444,9.02927338,34,0,12.53333333,14.54975045,32.57595543,2.686676736,388389.9565,989349.292,3071994,2,5818020,727252.5,1298891.568,2955007,3,8932862,638061.5714,1218574.337,3071994,2,0,0,296,488,1.007503776,1.67917296,0,34,11.64,12.52291233,156.8233333,0,0,0,1,0,0,0,0,1,12.125,11.44444444,12.53333333,296,9,103,15,188,29200,227,6,32,0.0,0.0,0,0,0.0,0.0,0,0,FTP-Patator
80,63149672,7,0,0,0,0,0,0.0,0.0,0,0,0.0,0.0,0.0,0.110847765,10500000.0,11900000.0,32100000,998490,63100000,10500000.0,11900000.0,32100000,998490,0,0.0,0.0,0,0,0,0,280,0,0.110847765,0.0,0,0,0.0,0.0,0.0,0,0,0,1,0,0,0,0,0,0.0,0.0,0.0,280,7,0,0,0,29200,-1,0,40,7006418.0,0.0,7006418,7006418,18700000.0,12300000.0,32100000,8015948,DoS Slowhttptest
443,83,2,0,37,0,37,0,18.5,26.1629509,0,0,0.0,0.0,445783.1325,24096.38554,83.0,0.0,83,83,83,83.0,0.0,83,83,0,0.0,0.0,0,0,1,0,64,0,24096.38554,0.0,0,37,24.66666667,21.36195996,456.3333333,0,1,0,0,1,0,0,0,0,37.0,18.5,0.0,64,2,37,0,0,32832,-1,0,32,0.0,0.0,0,0,0.0,0.0,0,0,BENIGN
10000,48,1,1,2,6,2,2,2.0,0.0,6,6,6.0,0.0,166666.6667,41666.66667,48.0,0.0,48,48,0,0.0,0.0,0,0,0,0.0,0.0,0,0,0,0,24,20,20833.33333,20833.33333,2,6,3.333333333,2.309401077,5.333333333,0,0,0,1,0,0,0,0,1,5.0,2.0,6.0,24,1,2,1,6,1024,0,0,24,0.0,0.0,0,0,0.0,0.0,0,0,PortScan
8088,49,2,0,4,0,2,2,2.0,0.0,0,0,0.0,0.0,81632.65306,40816.32653,49.0,0.0,49,49,49,49.0,0.0,49,49,0,0.0,0.0,0,0,0,0,48,0,40816.32653,0.0,2,2,2.0,0.0,0.0,0,0,0,1,0,0,0,0,0,3.0,2.0,0.0,48,2,4,0,0,1024,-1,1,24,0.0,0.0,0,0,0.0,0.0,0,0,BENIGN
8899,120,1,1,2,6,2,2,2.0,0.0,6,6,6.0,0.0,66666.66667,16666.66667,120.0,0.0,120,120,0,0.0,0.0,0,0,0,0.0,0.0,0,0,0,0,24,20,8333.333333,8333.333333,2,6,3.333333333,2.309401077,5.333333333,0,0,0,1,0,0,0,0,1,5.0,2.0,6.0,24,1,2,1,6,1024,0,0,24,0.0,0.0,0,0,0.0,0.0,0,0,PortScan
53,260,2,2,78,188,39,39,39.0,0.0,94,94,94.0,0.0,1023076.923,15384.61538,86.66666667,148.3790192,258,1,1,1.0,0.0,1,1,1,1.0,0.0,1,1,0,0,64,64,7692.307692,7692.307692,39,94,61.0,30.12474066,907.5,0,0,0,0,0,0,0,0,1,76.25,39.0,94.0,64,2,78,2,188,-1,-1,1,32,0.0,0.0,0,0,0.0,0.0,0,0,BENIGN
80,908162,3,5,26,11607,20,0,8.666666667,10.26320288,7215,0,2321.4,3327.769794,12809.38863,8.809001037,129737.4286,342905.5281,907374,4,545,272.5,314.6625176,495,50,908111,227027.75,453564.2305,907374,4,0,0,72,112,3.303375389,5.505625648,0,7215,1292.555556,2650.585648,7025604.278,0,0,0,1,0,0,0,0,1,1454.125,8.666666667,2321.4,72,3,26,5,11607,8192,229,2,20,0.0,0.0,0,0,0.0,0.0,0,0,DDoS
80,85223417,8,6,366,11595,360,0,45.75,126.9935319,4344,0,1932.5,1754.831473,140.3487495,0.164274099,6555647.462,23600000.0,85100000,1,85100000,12200000.0,32100000.0,85100000,1,162789,32557.8,65585.60097,149448,15,0,0,252,200,0.093870913,0.070403185,0,4344,797.4,1424.189985,2028317.114,0,0,0,0,1,0,0,0,0,854.3571429,45.75,1932.5,252,8,366,6,11595,274,235,2,20,1162.0,0.0,1162,1162,85100000.0,0.0,85100000,85100000,DoS Hulk
53,125359,1,1,43,113,43,43,43.0,0.0,113,113,113.0,0.0,1244.426009,15.9541796,125359.0,0.0,125359,125359,0,0.0,0.0,0,0,0,0.0,0.0,0,0,0,0,32,32,7.977089798,7.977089798,43,113,66.33333333,40.41451884,1633.333333,0,0,0,0,0,0,0,0,1,99.5,43.0,113.0,32,1,43,1,113,-1,-1,0,32,0.0,0.0,0,0,0.0,0.0,0,0,BENIGN
443,75355,2,0,0,0,0,0,0.0,0.0,0,0,0.0,0.0,0.0,26.5410390817,75355.0,0.0,75355,75355,75355,75355.0,0.0,75355,75355,0,0.0,0.0,0,0,0,0,76,0,26.5410390817,0.0,0,0,0.0,0.0,0.0,0,0,0,0,1,0,0,0,0,0.0,0.0,0.0,76,2,0,0,0,374,-1,0,32,0.0,0.0,0,0,0.0,0.0,0,0,BENIGN
53,35017,1,1,46,62,46,46,46.0,0.0,62,62,62.0,0.0,3084.216238,57.11511552,35017.0,0.0,35017,35017,0,0.0,0.0,0,0,0,0.0,0.0,0,0,0,0,32,20,28.55755776,28.55755776,46,62,51.33333333,9.237604307,85.33333333,0,0,0,0,0,0,0,0,1,77.0,46.0,62.0,32,1,46,1,62,-1,-1,0,32,0.0,0.0,0,0,0.0,0.0,0,0,BENIGN
53,215,2,2,92,348,46,46,46.0,0.0,174,174,174.0,0.0,2046511.62790698,18604.6511627907,71.6666666667,81.40229317,162,4,4,4.0,0.0,4,4,49,49.0,0.0,49,49,0,0,40,40,9302.3255813954,9302.3255813954,46,174,97.2,70.1084873607,4915.2,0,0,0,0,0,0,0,0,1,121.5,46.0,174.0,40,2,92,2,348,-1,-1,1,20,0.0,0.0,0,0,0.0,0.0,0,0,BENIGN
32781,56,1,1,2,6,2,2,2.0,0.0,6,6,6.0,0.0,142857.1429,35714.28571,56.0,0.0,56,56,0,0.0,0.0,0,0,0,0.0,0.0,0,0,0,0,24,20,17857.14286,17857.14286,2,6,3.333333333,2.309401077,5.333333333,0,0,0,1,0,0,0,0,1,5.0,2.0,6.0,24,1,2,1,6,1024,0,0,24,0.0,0.0,0,0,0.0,0.0,0,0,PortScan
53,31424,1,1,95,177,95,95,95.0,0.0,177,177,177.0,0.0,8655.8044806517,63.6456211813,31424.0,0.0,31424,31424,0,0.0,0.0,0,0,0,0.0,0.0,0,0,0,0,20,32,31.8228105906,31.8228105906,95,177,122.3333333333,47.3427220735,2241.3333333333,0,0,0,0,0,0,0,0,1,183.5,95.0,177.0,20,1,95,1,177,-1,-1,0,20,0.0,0.0,0,0,0.0,0.0,0,0,BENIGN
80,98438695,7,6,418,11595,418,0,59.71428571,157.9891497,5792,0,1932.5,2181.008184,122.0353439,0.132061889,8203224.583,28400000.0,98300000,1,98300000,16400000.0,40100000.0,98300000,1,147478,29495.6,59826.80726,136183,47,0,0,232,200,0.071110248,0.060951641,0,5792,858.0714286,1665.441335,2773694.841,0,0,0,0,1,0,0,0,0,924.0769231,59.71428571,1932.5,232,7,418,6,11595,251,235,1,32,992.0,0.0,992,992,98300000.0,0.0,98300000,98300000,DoS Hulk
443,116748510,22,18,2009,3349,1317,0,91.31818182,285.5054643,1400,0,186.0555556,433.665834,45.89351933,0.342616792,2993551.538,4514167.583,10000000,3,117000000,5559452.857,4909949.532,10100000,3,112000000,6589123.0,4831396.706,10100000,3,0,0,464,500,0.188439236,0.154177557,0,1400,130.6829268,354.0926036,125381.572,0,0,0,1,0,0,0,0,0,133.95,91.31818182,186.0555556,464,22,2009,18,3349,8192,14487,20,20,179783.0,479935.5154,1626843,34912,10000000.0,11032.95691,10000000,9999414,BENIGN
5226,54,1,1,2,6,2,2,2.0,0.0,6,6,6.0,0.0,148148.1481,37037.03704,54.0,0.0,54,54,0,0.0,0.0,0,0,0,0.0,0.0,0,0,0,0,24,20,18518.51852,18518.51852,2,6,3.333333333,2.309401077,5.333333333,0,0,0,1,0,0,0,0,1,5.0,2.0,6.0,24,1,2,1,6,1024,0,0,24,0.0,0.0,0,0,0.0,0.0,0,0,PortScan
55845,156,1,2,6,12,6,6,6.0,0.0,6,6,6.0,0.0,115384.6154,19230.76923,78.0,19.79898987,92,64,0,0.0,0.0,0,0,64,64.0,0.0,64,64,0,0,20,40,6410.25641,12820.51282,6,6,6.0,0.0,0.0,0,0,0,0,1,1,0,0,2,8.0,6.0,6.0,20,1,6,2,12,389,256,0,20,0.0,0.0,0,0,0.0,0.0,0,0,BENIGN
53,58403,4,4,168,564,42,42,42.0,0.0,141,141,141.0,0.0,12533.6027258874,136.9792647638,8343.2857142857,14181.8615458184,31023,1,58173,19391.0,33500.4606983247,58074,49,27330,9110.0,15774.6528012505,27325,1,0,0,104,104,68.4896323819,68.4896323819,42,141,86.0,52.1775813928,2722.5,0,0,0,0,0,0,0,0,1,96.75,42.0,141.0,104,4,168,4,564,-1,-1,3,20,0.0,0.0,0,0,0.0,0.0,0,0,BENIGN
21,9314020,9,15,105,188,24,0,11.66666667,9.38083152,34,0,12.53333333,14.54975045,31.45795263,2.576760625,404957.3913,1056839.445,3426936,1,5846777,730847.125,1353425.28,3057598,3,9313933,665280.9286,1305242.581,3426936,1,0,0,296,488,0.966285235,1.610475391,0,34,11.72,12.60793401,158.96,0,0,0,1,0,0,0,0,1,12.20833333,11.66666667,12.53333333,296,9,105,15,188,29200,227,6,32,0.0,0.0,0,0,0.0,0.0,0,0,FTP-Patator
28277,46502,1,6,6,36,6,6,6.0,0.0,6,6,6.0,0.0,903.1869597,150.53116,7750.333333,11189.13229,23761,182,0,0.0,0.0,0,0,26017,5203.4,10384.81253,23761,182,0,0,20,120,21.50445142,129.0267085,6,6,6.0,0.0,0.0,0,0,0,0,1,1,0,0,6,6.857142857,6.0,6.0,20,1,6,6,36,229,0,0,20,0.0,0.0,0,0,0.0,0.0,0,0,BENIGN
21,9023769,9,15,112,188,29,0,12.44444444,10.70176517,34,0,12.53333333,14.54975045,33.24553188,2.659642551,392337.7826,1015607.291,3183591,3,6072516,759064.5,1399608.854,3228254,4,9023720,644551.4286,1253192.489,3183591,3,0,0,296,488,0.997365957,1.662276594,0,34,12.0,12.95826634,167.9166667,0,0,0,1,0,0,0,0,1,12.5,12.44444444,12.53333333,296,9,112,15,188,29200,227,6,32,0.0,0.0,0,0,0.0,0.0,0,0,FTP-Patator
443,10242790,8,9,1030,4081,517,0,128.75,215.0486656,1448,0,453.4444444,648.3170735,498.9851398,1.659704045,640174.375,2495615.903,9997994,3,10200000,1463014.286,3763776.923,9997994,492,10200000,1270494.5,3527323.633,9999708,3,0,0,264,296,0.781037198,0.878666848,0,1448,283.9444444,498.1212317,248124.7614,0,0,0,1,0,0,0,0,1,300.6470588,128.75,453.4444444,264,8,1030,9,4081,29200,9,3,32,243106.0,0.0,243106,243106,9997994.0,0.0,9997994,9997994,BENIGN
53,62140,1,1,47,63,47,47,47.0,0.0,63,63,63.0,0.0,1770.196331,32.18538783,62140.0,0.0,62140,62140,0,0.0,0.0,0,0,0,0.0,0.0,0,0,0,0,40,20,16.09269392,16.09269392,47,63,52.33333333,9.237604307,85.33333333,0,0,0,0,0,0,0,0,1,78.5,47.0,63.0,40,1,47,1,63,-1,-1,0,40,0.0,0.0,0,0,0.0,0.0,0,0,BENIGN
80,35448,3,6,339,11595,339,0,113.0,195.7217413,5792,0,1932.5,2181.008184,336662.153,253.8930264,4431.0,8303.226739,23154,7,11992,5996.0,5635.641046,9981,2011,35441,7088.2,10353.95203,23154,47,0,0,104,200,84.6310088,169.2620176,0,5792,1193.4,1887.508834,3562689.6,0,0,0,1,0,0,0,0,2,1326.0,113.0,1932.5,104,3,339,6,11595,29200,235,1,32,0.0,0.0,0,0,0.0,0.0,0,0,DoS Hulk
80,99019629,6,6,372,11595,354,0,62.0,143.080397,10136,0,1932.5,4060.245892,120.8548257,0.121188093,9001784.455,29800000.0,98900000,4,98900000,19800000.0,44200000.0,98900000,4,99000000,19800000.0,44200000.0,98900000,50,0,0,164,200,0.060594046,0.060594046,0,10136,921.0,2797.821295,7827804.0,1,0,0,0,0,0,0,0,1,997.75,62.0,1932.5,164,6,372,6,11595,0,235,3,20,13994.0,0.0,13994,13994,98900000.0,0.0,98900000,98900000,DoS Hulk
80,98913700,7,5,339,11595,333,0,48.42857143,125.5041263,7240,0,2319.0,3331.638186,120.6506278,0.121317876,8992154.545,29800000.0,98900000,1,98900000,16500000.0,40400000.0,98900000,1,31343,7835.75,10052.45238,21230,53,0,0,220,168,0.070768761,0.050549115,0,7240,918.0,2244.318196,5036964.167,0,0,0,0,1,0,0,0,0,994.5,48.42857143,2319.0,220,7,339,5,11595,274,235,2,20,5.0,0.0,5,5,98900000.0,0.0,98900000,98900000,DoS Hulk
10626,33,1,1,2,6,2,2,2.0,0.0,6,6,6.0,0.0,242424.2424,60606.06061,33.0,0.0,33,33,0,0.0,0.0,0,0,0,0.0,0.0,0,0,0,0,24,20,30303.0303,30303.0303,2,6,3.333333333,2.309401077,5.333333333,0,0,0,1,0,0,0,0,1,5.0,2.0,6.0,24,1,2,1,6,1024,0,0,24,0.0,0.0,0,0,0.0,0.0,0,0,PortScan
53,98736,1,1,47,146,47,47,47.0,0.0,146,146,146.0,0.0,1954.707503,20.2560363,98736.0,0.0,98736,98736,0,0.0,0.0,0,0,0,0.0,0.0,0,0,0,0,20,20,10.12801815,10.12801815,47,146,80.0,57.15767665,3267.0,0,0,0,0,0,0,0,0,1,120.0,47.0,146.0,20,1,47,1,146,-1,-1,0,20,0.0,0.0,0,0,0.0,0.0,0,0,BENIGN
80,742675,3,4,26,11601,20,0,8.666666667,10.26320288,7300,0,2900.25,3563.297197,15655.56939,9.425387956,123779.1667,300298.1373,736750,101,5635,2817.5,2731.553496,4749,886,742523,247507.6667,423704.8761,736750,189,0,0,72,92,4.039451981,5.385935975,0,7300,1453.375,2798.956588,7834157.982,0,0,0,1,0,0,0,0,1,1661.0,8.666666667,2900.25,72,3,26,4,11601,8192,229,2,20,0.0,0.0,0,0,0.0,0.0,0,0,DDoS
80,98412762,6,6,348,11595,330,0,58.0,133.2846578,7240,0,1932.5,3126.682571,121.3562119,0.121935405,8946614.727,29600000.0,98300000,1,98300000,19700000.0,44000000.0,98300000,1,98400000,19700000.0,44000000.0,98300000,84,0,0,164,200,0.060967703,0.060967703,0,7240,919.1538462,2243.771596,5034510.974,1,0,0,0,0,0,0,0,1,995.75,58.0,1932.5,164,6,348,6,11595,0,235,3,20,12999.0,0.0,12999,12999,98300000.0,0.0,98300000,98300000,DoS Hulk
53,140,2,2,78,110,39,39,39.0,0.0,55,55,55.0,0.0,1342857.143,28571.42857,46.66666667,73.90083446,132,4,4,4.0,0.0,4,4,4,4.0,0.0,4,4,0,0,40,40,14285.71429,14285.71429,39,55,45.4,8.76356092,76.8,0,0,0,0,0,0,0,0,1,56.75,39.0,55.0,40,2,78,2,110,-1,-1,1,20,0.0,0.0,0,0,0.0,0.0,0,0,BENIGN
53,158,2,2,70,126,35,35,35.0,0.0,63,63,63.0,0.0,1240506.329,25316.4557,52.66666667,85.16063253,151,3,4,4.0,0.0,4,4,3,3.0,0.0,3,3,0,0,64,64,12658.22785,12658.22785,35,63,46.2,15.33623161,235.2,0,0,0,0,0,0,0,0,1,57.75,35.0,63.0,64,2,70,2,126,-1,-1,1,32,0.0,0.0,0,0,0.0,0.0,0,0,BENIGN
53,25155,2,2,78,486,39,39,39.0,0.0,243,243,243.0,0.0,22420.98986,159.0141125,8385.0,14519.78195,25151,1,3,3.0,0.0,3,3,1,1.0,0.0,1,1,0,0,64,40,79.50705625,79.50705625,39,243,120.6,111.7354017,12484.8,0,0,0,0,0,0,0,0,1,150.75,39.0,243.0,64,2,78,2,486,-1,-1,1,32,0.0,0.0,0,0,0.0,0.0,0,0,BENIGN
443,118827853,30,42,2703,39009,1487,0,90.1,277.6242002,2860,0,928.7857143,848.7991384,351.0288114,0.605918547,1673631.732,9710190.491,58800000,1,119000000,4097512.172,15000000.0,58900000,160,119000000,2892155.854,12700000.0,58800000,1,0,0,624,852,0.252466061,0.353452486,0,2860,571.3972603,785.4091245,616867.4928,0,0,0,1,0,0,0,0,1,579.3333333,90.1,928.7857143,624,30,2703,42,39009,8192,395,28,20,988403.5,1074289.655,1748041,228766,58300000.0,671605.071,58800000,57800000,BENIGN
53,48269,1,1,45,115,45,45,45.0,0.0,115,115,115.0,0.0,3314.756883,41.43446104,48269.0,0.0,48269,48269,0,0.0,0.0,0,0,0,0.0,0.0,0,0,0,0,32,32,20.71723052,20.71723052,45,115,68.33333333,40.41451884,1633.333333,0,0,0,0,0,0,0,0,1,102.5,45.0,115.0,32,1,45,1,115,-1,-1,0,32,0.0,0.0,0,0,0.0,0.0,0,0,BENIGN
80,98135,3,5,26,11601,20,0,8.666666667,10.26320288,7300,0,2320.2,3022.508098,118479.6454,81.52035461,14019.28571,31532.20419,84746,68,12948,6474.0,8797.822572,12695,253,98067,24516.75,40604.66232,84746,168,0,0,72,112,30.57013298,50.95022163,0,7300,1291.888889,2460.652985,6054813.111,0,0,0,1,0,0,0,0,1,1453.375,8.666666667,2320.2,72,3,26,5,11601,8192,229,2,20,0.0,0.0,0,0,0.0,0.0,0,0,DDoS
21,8267508,9,15,110,188,29,0,12.22222222,10.28078034,34,0,12.53333333,14.54975045,36.04471867,2.902930363,359456.8696,932807.6801,2901058,3,5636620,704577.5,1304478.053,2943894,3,8267383,590527.3571,1151344.787,2901058,3,0,0,296,488,1.088598886,1.814331477,0,34,11.92,12.84172886,164.91,0,0,0,1,0,0,0,0,1,12.41666667,12.22222222,12.53333333,296,9,110,15,188,29200,227,6,32,0.0,0.0,0,0,0.0,0.0,0,0,FTP-Patator
59006,36,1,1,0,0,0,0,0.0,0.0,0,0,0.0,0.0,0.0,55555.5555555556,36.0,0.0,36,36,0,0.0,0.0,0,0,0,0.0,0.0,0,0,0,0,32,32,27777.7777777778,27777.7777777778,0,0,0.0,0.0,0.0,0,0,0,0,1,1,0,0,1,0.0,0.0,0.0,32,1,0,1,0,349,318,0,32,0.0,0.0,0,0,0.0,0.0,0,0,BENIGN
53,155,2,2,78,110,39,39,39.0,0.0,55,55,55.0,0.0,1212903.226,25806.45161,51.66666667,49.5210393,102,3,3,3.0,0.0,3,3,50,50.0,0.0,50,50,0,0,64,64,12903.22581,12903.22581,39,55,45.4,8.76356092,76.8,0,0,0,0,0,0,0,0,1,56.75,39.0,55.0,64,2,78,2,110,-1,-1,1,32,0.0,0.0,0,0,0.0,0.0,0,0,BENIGN
80,99609702,7,6,361,11595,355,0,51.57142857,133.8181068,7240,0,1932.5,2695.639126,120.0284687,0.130509375,8300808.5,28700000.0,99500000,0,99500000,16600000.0,40600000.0,99500000,0,147453,29490.6,59816.00131,136159,47,0,0,220,200,0.070274279,0.060235096,0,7240,854.0,1934.610396,3742717.385,0,0,0,0,1,0,0,0,0,919.6923077,51.57142857,1932.5,220,7,361,6,11595,251,235,2,20,4.0,0.0,4,4,99500000.0,0.0,99500000,99500000,DoS Hulk
8652,28,1,1,0,6,0,0,0.0,0.0,6,6,6.0,0.0,214285.7143,71428.57143,28.0,0.0,28,28,0,0.0,0.0,0,0,0,0.0,0.0,0,0,0,0,40,20,35714.28571,35714.28571,0,6,2.0,3.464101615,12.0,0,0,0,1,0,0,0,0,1,3.0,0.0,6.0,40,1,0,1,6,29200,0,0,40,0.0,0.0,0,0,0.0,0.0,0,0,PortScan
80,57766971,2,1,8,0,8,0,4.0,5.656854249,0,0,0.0,0.0,0.138487441,0.05193279,28900000.0,40800000.0,57800000,81,57800000,57800000.0,0.0,57800000,57800000,0,0.0,0.0,0,0,1,0,64,32,0.03462186,0.01731093,0,8,4.0,4.618802154,21.33333333,0,1,0,0,1,0,0,0,0,5.333333333,4.0,0.0,64,2,8,1,0,229,235,0,32,0.0,0.0,0,0,0.0,0.0,0,0,DoS slowloris
443,5875844,5,1,135,46,46,6,27.0,20.1246117975,46,46,46.0,0.0,30.8040853365,1.0211299007,1175168.8,2583975.06051794,5797298,3,5875844,1468961.0,2885788.60713197,5797298,3,0,0.0,0.0,0,0,1,0,100,20,0.8509415839,0.1701883168,6,46,32.4285714286,18.8667003197,355.9523809524,0,1,0,0,1,0,0,0,0,37.8333333333,27.0,46.0,100,5,135,1,46,256,72,4,20,77773.0,0.0,77773,77773,5797298.0,0.0,5797298,5797298,BENIGN
8333,106,2,2,4,12,2,2,2.0,0.0,6,6,6.0,0.0,150943.3962,37735.84906,35.33333333,22.81081615,49,9,48,48.0,0.0,48,48,49,49.0,0.0,49,49,0,0,48,40,18867.92453,18867.92453,2,6,3.6,2.19089023,4.8,0,0,0,1,0,0,0,0,1,4.5,2.0,6.0,48,2,4,2,12,1024,0,1,24,0.0,0.0,0,0,0.0,0.0,0,0,BENIGN
80,98702950,6,6,1020,11595,338,0,170.0,184.0478199,5792,0,1932.5,2181.008184,127.8077302,0.121576913,8972995.455,29600000.0,98100000,3,98600000,19700000.0,43800000.0,98100000,3,560559,112111.8,188098.8156,434099,14,0,0,188,200,0.060788457,0.060788457,0,5792,970.8461538,1690.194163,2856756.308,1,0,0,0,0,0,0,0,1,1051.75,170.0,1932.5,188,6,1020,6,11595,0,235,3,20,0.0,0.0,0,0,98100000.0,0.0,98100000,98100000,DoS Hulk
80,5470104,3,1,0,0,0,0,0.0,0.0,0,0,0.0,0.0,0.0,0.731247523,1823368.0,3114039.142,5419030,25,5470104,2735052.0,3795718.089,5419030,51074,0,0.0,0.0,0,0,0,0,104,40,0.548435642,0.182811881,0,0,0.0,0.0,0.0,0,0,0,1,0,0,0,0,0,0.0,0.0,0.0,104,3,0,1,0,29200,26847,0,32,0.0,0.0,0,0,0.0,0.0,0,0,BENIGN
443,119223913,21,19,2455,5226,1406,0,116.9047619,334.1382805,2836,0,275.0526316,676.7182635,64.42499501,0.335503164,3057023.41,4611314.024,10000000,33,119000000,5959355.4,4970976.177,10100000,130,119000000,6621514.111,4807135.401,10100000,184,0,0,680,616,0.176139161,0.159364003,0,2836,187.3414634,518.6877967,269037.0305,0,0,0,1,0,0,0,0,0,192.025,116.9047619,275.0526316,680,21,2455,19,5226,29200,381,4,32,57204.33333,65032.61925,263059,36743,9875054.667,455599.1936,10000000,8429097,BENIGN
61836,4,2,0,37,0,37,0,18.5,26.1629509039,0,0,0.0,0.0,9250000.0,500000.0,4.0,0.0,4,4,4,4.0,0.0,4,4,0,0.0,0.0,0,0,1,0,64,0,500000.0,0.0,0,37,24.6666666667,21.36195996,456.3333333333,0,1,0,0,1,0,0,0,0,37.0,18.5,0.0,64,2,37,0,0,61,-1,0,32,0.0,0.0,0,0,0.0,0.0,0,0,BENIGN
51565,84,1,1,0,0,0,0,0.0,0.0,0,0,0.0,0.0,0.0,23809.5238095238,84.0,0.0,84,84,0,0.0,0.0,0,0,0,0.0,0.0,0,0,0,0,32,32,11904.7619047619,11904.7619047619,0,0,0.0,0.0,0.0,0,0,0,0,1,1,0,0,1,0.0,0.0,0.0,32,1,0,1,0,59,33304,0,32,0.0,0.0,0,0,0.0,0.0,0,0,BENIGN
80,92288,3,5,26,11601,20,0,8.666666667,10.26320288,4380,0,2320.2,2207.341206,125986.0437,86.6851595,13184.0,28679.72677,77048,50,14823,7411.5,10345.67932,14727,96,92238,23059.5,36650.90264,77048,160,0,0,72,112,32.50693481,54.17822469,0,4380,1291.888889,1980.710254,3923213.111,0,0,0,1,0,0,0,0,1,1453.375,8.666666667,2320.2,72,3,26,5,11601,8192,229,2,20,0.0,0.0,0,0,0.0,0.0,0,0,DDoS
53,180,2,2,60,264,30,30,30.0,0.0,132,132,132.0,0.0,1800000.0,22222.22222,60.0,101.3360745,177,0,0,0.0,0.0,0,0,3,3.0,0.0,3,3,0,0,64,40,11111.11111,11111.11111,30,132,70.8,55.86770087,3121.2,0,0,0,0,0,0,0,0,1,88.5,30.0,132.0,64,2,60,2,264,-1,-1,1,32,0.0,0.0,0,0,0.0,0.0,0,0,BENIGN
53,33101,2,2,68,484,34,34,34.0,0.0,242,242,242.0,0.0,16676.23335,120.8422706,11033.66667,19027.73282,33005,48,48,48.0,0.0,48,48,48,48.0,0.0,48,48,0,0,40,64,60.42113531,60.42113531,34,242,117.2,113.926292,12979.2,0,0,0,0,0,0,0,0,1,146.5,34.0,242.0,40,2,68,2,484,-1,-1,1,20,0.0,0.0,0,0,0.0,0.0,0,0,BENIGN
8080,70097,4,3,207,134,195,0,51.75,95.54187564,128,0,44.66666667,72.23111056,4864.687504,99.86162033,11682.83333,27531.88128,67878,28,70097,23365.66667,39721.74762,69230,28,68492,34246.0,47562.83053,67878,614,0,0,92,72,57.06378304,42.79783728,0,195,42.625,75.57576615,5711.696429,0,0,0,1,0,0,0,0,0,48.71428571,51.75,44.66666667,92,4,207,3,134,8192,237,3,20,0.0,0.0,0,0,0.0,0.0,0,0,Bot
88,80,1,4,0,12,0,0,0.0,0.0,6,0,3.0,3.464101615,150000.0,62500.0,20.0,36.00925807,74,1,0,0.0,0.0,0,0,77,25.66666667,41.8608807,74,1,0,0,32,104,12500.0,50000.0,0,6,2.0,3.098386677,9.6,0,0,0,0,1,1,0,0,4,2.4,0.0,3.0,32,1,0,4,12,253,0,0,32,0.0,0.0,0,0,0.0,0.0,0,0,BENIGN
443,105413657,13,11,31,0,31,0,2.384615385,8.597853041,0,0,0.0,0.0,0.294079542,0.227674484,4583202.478,4970006.826,10000000,3,105000000,8784471.417,3135838.404,10100000,3,100000000,10000000.0,6239.770527,10100000,10000000,0,0,416,352,0.123323679,0.104350805,0,31,1.24,6.2,38.44,0,0,0,0,1,0,0,0,0,1.291666667,2.384615385,0.0,416,13,31,11,0,885,703,1,32,36274.4,104.5946674,36469,36169,10000000.0,6256.838418,10000000,10000000,BENIGN
443,160,2,0,12,0,6,6,6.0,0.0,0,0,0.0,0.0,75000.0,12500.0,160.0,0.0,160,160,160,160.0,0.0,160,160,0,0.0,0.0,0,0,0,0,40,0,12500.0,0.0,6,6,6.0,0.0,0.0,0,0,0,0,1,0,0,0,0,9.0,6.0,0.0,40,2,12,0,0,253,-1,1,20,0.0,0.0,0,0,0.0,0.0,0,0,BENIGN
53,46326,1,1,50,234,50,50,50.0,0.0,234,234,234.0,0.0,6130.466693,43.17230065,46326.0,0.0,46326,46326,0,0.0,0.0,0,0,0,0.0,0.0,0,0,0,0,20,20,21.58615033,21.58615033,50,234,111.3333333,106.2324495,11285.33333,0,0,0,0,0,0,0,0,1,167.0,50.0,234.0,20,1,50,1,234,-1,-1,0,20,0.0,0.0,0,0,0.0,0.0,0,0,BENIGN
21,9470150,9,15,108,188,26,0,12.0,9.848857802,34,0,12.53333333,14.54975045,31.25610471,2.53427876,411745.6522,1069879.404,3296460,3,6131796,766474.5,1417271.326,3184938,3,9470080,676434.2857,1320713.829,3296460,3,0,0,296,488,0.950354535,1.583924225,0,34,11.84,12.72687445,161.9733333,0,0,0,1,0,0,0,0,1,12.33333333,12.0,12.53333333,296,9,108,15,188,29200,227,6,32,0.0,0.0,0,0,0.0,0.0,0,0,FTP-Patator
53,235,2,2,64,258,32,32,32.0,0.0,129,129,129.0,0.0,1370212.766,17021.2766,78.33333333,95.44282756,185,1,1,1.0,0.0,1,1,49,49.0,0.0,49,49,0,0,40,40,8510.638298,8510.638298,32,129,70.8,53.12908808,2822.7,0,0,0,0,0,0,0,0,1,88.5,32.0,129.0,40,2,64,2,258,-1,-1,1,20,0.0,0.0,0,0,0.0,0.0,0,0,BENIGN
80,5122555,3,1,0,0,0,0,0.0,0.0,0,0,0.0,0.0,0.0,0.780860332,1707518.333,2956872.855,5121821,136,5122555,2561277.5,3621155.345,5121821,734,0,0.0,0.0,0,0,0,0,104,40,0.585645249,0.195215083,0,0,0.0,0.0,0.0,0,0,0,1,0,0,0,0,0,0.0,0.0,0.0,104,3,0,1,0,29200,28960,0,32,0.0,0.0,0,0,0.0,0.0,0,0,Web Attack � Brute Force
443,8693,1,1,6,6,6,6,6.0,0.0,6,6,6.0,0.0,1380.421028,230.0701714,8693.0,0.0,8693,8693,0,0.0,0.0,0,0,0,0.0,0.0,0,0,0,0,20,20,115.0350857,115.0350857,6,6,6.0,0.0,0.0,1,0,0,0,1,0,0,0,1,9.0,6.0,6.0,20,1,6,1,6,0,60,0,20,0.0,0.0,0,0,0.0,0.0,0,0,BENIGN
21,8826273,9,15,104,188,23,0,11.55555556,9.193898943,34,0,12.53333333,14.54975045,33.08304649,2.719154506,383751.0,994687.5096,3079517,3,5704026,713003.25,1314600.216,2968124,3,8826157,630439.7857,1227561.094,3079517,3,0,0,296,488,1.01968294,1.699471566,0,34,11.68,12.56224502,157.81,0,0,0,1,0,0,0,0,1,12.16666667,11.55555556,12.53333333,296,9,104,15,188,29200,227,6,32,0.0,0.0,0,0,0.0,0.0,0,0,FTP-Patator
80,685117,3,4,26,11601,20,0,8.666666667,10.26320288,5840,0,2900.25,3345.636997,16970.82396,10.21723297,114186.1667,276622.9098,678826,3,6000,3000.0,3050.458654,5157,843,685114,228371.3333,390116.6813,678826,149,0,0,72,92,4.37881413,5.838418839,0,5840,1453.375,2681.356423,7189672.268,0,0,0,1,0,0,0,0,1,1661.0,8.666666667,2900.25,72,3,26,4,11601,8192,229,2,20,0.0,0.0,0,0,0.0,0.0,0,0,DDoS
54479,113618,2,0,12,0,6,6,6.0,0.0,0,0,0.0,0.0,105.6170677,17.60284462,113618.0,0.0,113618,113618,113618,113618.0,0.0,113618,113618,0,0.0,0.0,0,0,0,0,40,0,17.60284462,0.0,6,6,6.0,0.0,0.0,0,0,0,0,1,0,0,0,0,9.0,6.0,0.0,40,2,12,0,0,946,-1,1,20,0.0,0.0,0,0,0.0,0.0,0,0,BENIGN
53,48241,1,1,46,84,46,46,46.0,0.0,84,84,84.0,0.0,2694.8031757219,41.4585103957,48241.0,0.0,48241,48241,0,0.0,0.0,0,0,0,0.0,0.0,0,0,0,0,20,20,20.7292551979,20.7292551979,46,84,58.6666666667,21.9393102292,481.3333333333,0,0,0,0,0,0,0,0,1,88.0,46.0,84.0,20,1,46,1,84,-1,-1,0,20,0.0,0.0,0,0,0.0,0.0,0,0,BENIGN
80,100021589,9,6,311,11595,311,0,34.55555556,103.6666667,5792,0,1932.5,2181.008184,119.0343017,0.149967623,7144399.214,26400000.0,98900000,0,99900000,12500000.0,34900000.0,98900000,0,153456,30691.2,60899.92851,139093,45,0,0,304,200,0.089980574,0.059987049,0,5792,744.125,1579.630542,2495232.65,0,0,0,0,1,0,0,0,0,793.7333333,34.55555556,1932.5,304,9,311,6,11595,251,235,1,32,975.0,0.0,975,975,98900000.0,0.0,98900000,98900000,DoS Hulk
80,86717591,8,5,658,11595,329,0,82.25,152.2974064,5792,0,2319.0,3170.403917,141.2977443,0.149911913,7226465.917,24900000.0,86400000,2,86600000,12400000.0,32600000.0,86400000,2,339924,84981.0,101822.9081,203724,76,0,0,264,168,0.092253485,0.057658428,0,5792,875.2142857,2086.349966,4352856.181,0,0,0,0,1,0,0,0,0,942.5384615,82.25,2319.0,264,8,658,5,11595,251,235,2,32,1015.0,0.0,1015,1015,86400000.0,0.0,86400000,86400000,DoS Hulk
80,101084,3,5,26,11607,20,0,8.666666667,10.26320288,5840,0,2321.4,3173.373883,115082.5056,79.14209964,14440.57143,37703.57613,99943,10,825,412.5,362.7457787,669,156,101039,25259.75,49790.30155,99943,10,0,0,72,112,29.67828736,49.46381227,0,5840,1292.555556,2554.159212,6523729.278,0,0,0,1,0,0,0,0,1,1454.125,8.666666667,2321.4,72,3,26,5,11607,8192,229,2,20,0.0,0.0,0,0,0.0,0.0,0,0,DDoS
6669,49,2,0,4,0,2,2,2.0,0.0,0,0,0.0,0.0,81632.65306,40816.32653,49.0,0.0,49,49,49,49.0,0.0,49,49,0,0.0,0.0,0,0,0,0,48,0,40816.32653,0.0,2,2,2.0,0.0,0.0,0,0,0,1,0,0,0,0,0,3.0,2.0,0.0,48,2,4,0,0,1024,-1,1,24,0.0,0.0,0,0,0.0,0.0,0,0,BENIGN
9998,15,1,1,2,6,2,2,2.0,0.0,6,6,6.0,0.0,533333.3333,133333.3333,15.0,0.0,15,15,0,0.0,0.0,0,0,0,0.0,0.0,0,0,0,0,24,20,66666.66667,66666.66667,2,6,3.333333333,2.309401077,5.333333333,0,0,0,1,0,0,0,0,1,5.0,2.0,6.0,24,1,2,1,6,1024,0,0,24,0.0,0.0,0,0,0.0,0.0,0,0,PortScan
63447,82391621,7,9,11613,62,7300,0,1659.0,2713.944423,20,0,6.888888889,5.30199124,141.7013024,0.194194504,5492774.733,20100000.0,77900000,1,82400000,13700000.0,33400000.0,81800000,3,81800000,10200000.0,27400000.0,77900000,1,0,0,152,192,0.084960096,0.109234409,0,7300,687.1176471,1861.340239,3464587.485,0,0,0,0,1,1,0,0,1,730.0625,1659.0,6.888888889,152,7,11613,9,62,229,256,5,20,3926125.0,0.0,3926125,3926125,77900000.0,0.0,77900000,77900000,BENIGN
4001,61,2,2,4,12,2,2,2.0,0.0,6,6,6.0,0.0,262295.082,65573.77049,20.33333333,23.15887159,46,1,1,1.0,0.0,1,1,46,46.0,0.0,46,46,0,0,48,40,32786.88525,32786.88525,2,6,3.6,2.19089023,4.8,0,0,0,1,0,0,0,0,1,4.5,2.0,6.0,48,2,4,2,12,1024,0,1,24,0.0,0.0,0,0,0.0,0.0,0,0,BENIGN
443,60336264,11,12,1026,2008,517,0,93.27272727,186.4135676,1822,0,167.3333333,522.5389648,50.28485025,0.381196953,2742557.455,4494475.802,10100000,1,50900000,5087030.5,5292225.9,10100000,204,60200000,5475184.727,5204309.083,10200000,1,0,0,232,312,0.182311586,0.198885367,0,1822,126.4166667,384.4347535,147790.0797,0,0,0,1,0,0,0,0,1,131.9130435,93.27272727,167.3333333,232,11,1026,12,2008,8192,245,10,20,146329.1667,91294.88023,332684,108988,9909714.667,272828.4076,10100000,9356934,BENIGN
80,98913507,7,8,389,11595,365,0,55.57142857,136.4744874,5792,0,1449.375,2047.784931,121.1563553,0.151647641,7065250.5,26400000.0,98900000,2,98900000,16500000.0,40400000.0,98900000,65,98900000,14100000.0,37400000.0,98900000,2,0,0,184,264,0.070768899,0.080878742,0,5792,749.375,1577.083041,2487190.917,1,0,0,0,0,0,0,0,1,799.3333333,55.57142857,1449.375,184,7,389,8,11595,0,235,4,20,10993.0,0.0,10993,10993,98900000.0,0.0,98900000,98900000,DoS Hulk
3869,49,2,0,4,0,2,2,2.0,0.0,0,0,0.0,0.0,81632.65306,40816.32653,49.0,0.0,49,49,49,49.0,0.0,49,49,0,0.0,0.0,0,0,0,0,48,0,40816.32653,0.0,2,2,2.0,0.0,0.0,0,0,0,1,0,0,0,0,0,3.0,2.0,0.0,48,2,4,0,0,1024,-1,1,24,0.0,0.0,0,0,0.0,0.0,0,0,BENIGN
44832,3,2,0,0,0,0,0,0.0,0.0,0,0,0.0,0.0,0.0,666666.6667,3.0,0.0,3,3,3,3.0,0.0,3,3,0,0.0,0.0,0,0,0,0,64,0,666666.6667,0.0,0,0,0.0,0.0,0.0,0,0,0,0,1,0,0,0,0,0.0,0.0,0.0,64,2,0,0,0,349,-1,0,32,0.0,0.0,0,0,0.0,0.0,0,0,BENIGN
39808,4,2,0,247,0,216,31,123.5,130.8147545,0,0,0.0,0.0,61800000.0,500000.0,4.0,0.0,4,4,4,4.0,0.0,4,4,0,0.0,0.0,0,0,1,0,40,0,500000.0,0.0,31,216,154.3333333,106.8097998,11408.33333,0,1,0,0,1,0,0,0,0,231.5,123.5,0.0,40,2,247,0,0,60,-1,1,20,0.0,0.0,0,0,0.0,0.0,0,0,BENIGN
80,1087990,4,0,24,0,6,6,6.0,0.0,0,0,0.0,0.0,22.05902628,3.67650438,362663.3333,627291.5503,1086997,3,1087990,362663.3333,627291.5503,1086997,3,0,0.0,0.0,0,0,0,0,80,0,3.67650438,0.0,6,6,6.0,0.0,0.0,0,0,0,0,1,0,0,0,0,7.5,6.0,0.0,80,4,24,0,0,256,-1,3,20,0.0,0.0,0,0,0.0,0.0,0,0,DDoS
5544,43,1,1,2,6,2,2,2.0,0.0,6,6,6.0,0.0,186046.5116,46511.62791,43.0,0.0,43,43,0,0.0,0.0,0,0,0,0.0,0.0,0,0,0,0,24,20,23255.81395,23255.81395,2,6,3.333333333,2.309401077,5.333333333,0,0,0,1,0,0,0,0,1,5.0,2.0,6.0,24,1,2,1,6,1024,0,0,24,0.0,0.0,0,0,0.0,0.0,0,0,PortScan
53,32138,4,2,128,96,32,32,32.0,0.0,48,48,48.0,0.0,6969.942125,186.6948783,6427.6,13938.21855,31356,4,31409,10469.66667,18088.10925,31356,4,49,49.0,0.0,49,49,0,0,80,40,124.4632522,62.23162611,32,48,36.57142857,7.807200584,60.95238095,0,0,0,0,0,0,0,0,0,42.66666667,32.0,48.0,80,4,128,2,96,-1,-1,3,20,0.0,0.0,0,0,0.0,0.0,0,0,BENIGN
53,23787,2,2,58,202,29,29,29.0,0.0,101,101,101.0,0.0,10930.3401,168.1590785,7929.0,13729.96679,23783,1,1,1.0,0.0,1,1,3,3.0,0.0,3,3,0,0,40,64,84.07953924,84.07953924,29,101,57.8,39.43602414,1555.2,0,0,0,0,0,0,0,0,1,72.25,29.0,101.0,40,2,58,2,202,-1,-1,1,20,0.0,0.0,0,0,0.0,0.0,0,0,BENIGN
53,67132,4,2,188,350,47,47,47.0,0.0,175,175,175.0,0.0,8014.061848,89.37615444,13426.4,26991.85468,61520,3,61527,20509.0,35516.56784,61520,3,49,49.0,0.0,49,49,0,0,104,40,59.58410296,29.79205148,47,175,83.57142857,62.45760467,3900.952381,0,0,0,0,0,0,0,0,0,97.5,47.0,175.0,104,4,188,2,350,-1,-1,3,20,0.0,0.0,0,0,0.0,0.0,0,0,BENIGN
443,136970,9,6,533,4043,205,0,59.22222222,81.09682142,3626,0,673.8333333,1450.963324,33408.77564,109.5130321,9783.571429,14277.00203,37507,0,136970,17121.25,15887.02693,39061,1,99298,19859.6,27340.73264,58319,2,0,0,192,132,65.70781923,43.80521282,0,3626,286.0,895.4039684,801748.2667,0,0,0,1,0,0,0,0,0,305.0666667,59.22222222,673.8333333,192,9,533,6,4043,8192,343,8,20,0.0,0.0,0,0,0.0,0.0,0,0,BENIGN
53,30259,1,1,52,68,52,52,52.0,0.0,68,68,68.0,0.0,3965.762253,66.09603754,30259.0,0.0,30259,30259,0,0.0,0.0,0,0,0,0.0,0.0,0,0,0,0,20,32,33.04801877,33.04801877,52,68,57.33333333,9.237604307,85.33333333,0,0,0,0,0,0,0,0,1,86.0,52.0,68.0,20,1,52,1,68,-1,-1,0,20,0.0,0.0,0,0,0.0,0.0,0,0,BENIGN
22939,67,1,1,0,6,0,0,0.0,0.0,6,6,6.0,0.0,89552.23881,29850.74627,67.0,0.0,67,67,0,0.0,0.0,0,0,0,0.0,0.0,0,0,0,0,40,20,14925.37313,14925.37313,0,6,2.0,3.464101615,12.0,0,0,0,1,0,0,0,0,1,3.0,0.0,6.0,40,1,0,1,6,29200,0,0,40,0.0,0.0,0,0,0.0,0.0,0,0,PortScan
53,233,2,2,76,178,38,38,38.0,0.0,89,89,89.0,0.0,1090128.755,17167.38197,77.66666667,50.52062285,136,48,49,49.0,0.0,49,49,48,48.0,0.0,48,48,0,0,64,64,8583.690987,8583.690987,38,89,58.4,27.93385043,780.3,0,0,0,0,0,0,0,0,1,73.0,38.0,89.0,64,2,76,2,178,-1,-1,1,32,0.0,0.0,0,0,0.0,0.0,0,0,BENIGN
80,1809724,3,4,26,11601,20,0,8.666666667,10.26320288,8760,0,2900.25,4128.319301,6424.73659,3.86799313,301620.6667,732951.8731,1797724,49,11764,5882.0,7963.43657,11513,251,1809644,603214.6667,1034491.536,1797724,187,0,0,72,92,1.657711342,2.210281789,0,8760,1453.375,3113.952607,9696700.839,0,0,0,1,0,0,0,0,1,1661.0,8.666666667,2900.25,72,3,26,4,11601,8192,229,2,20,0.0,0.0,0,0,0.0,0.0,0,0,DDoS
443,2,3,0,0,0,0,0,0.0,0.0,0,0,0.0,0.0,0.0,1500000.0,1.0,0.0,1,1,2,1.0,0.0,1,1,0,0.0,0.0,0,0,0,0,60,0,1500000.0,0.0,0,0,0.0,0.0,0.0,1,0,0,0,0,0,0,0,0,0.0,0.0,0.0,60,3,0,0,0,0,-1,0,20,0.0,0.0,0,0,0.0,0.0,0,0,BENIGN
53,334,2,2,70,102,35,35,35.0,0.0,51,51,51.0,0.0,514970.0599,11976.0479,111.3333333,72.23111056,190,48,190,190.0,0.0,190,190,48,48.0,0.0,48,48,0,0,64,64,5988.023952,5988.023952,35,51,41.4,8.76356092,76.8,0,0,0,0,0,0,0,0,1,51.75,35.0,51.0,64,2,70,2,102,-1,-1,1,32,0.0,0.0,0,0,0.0,0.0,0,0,BENIGN
80,441230,3,5,26,11601,20,0,8.666666667,10.26320288,5840,0,2320.2,2436.833027,26351.33604,18.13113342,63032.85714,154517.7375,412663,79,28164,14082.0,19733.93605,28036,128,441042,110260.5,202032.5046,412663,79,0,0,72,112,6.799175033,11.33195839,0,5840,1291.888889,2110.95076,4456113.111,0,0,0,1,0,0,0,0,1,1453.375,8.666666667,2320.2,72,3,26,5,11601,8192,229,2,20,0.0,0.0,0,0,0.0,0.0,0,0,DDoS
53,203,2,2,82,210,41,41,41.0,0.0,105,105,105.0,0.0,1438423.645,19704.4335,67.66666667,112.0104162,197,2,2,2.0,0.0,2,2,4,4.0,0.0,4,4,0,0,64,64,9852.216749,9852.216749,41,105,66.6,35.05424368,1228.8,0,0,0,0,0,0,0,0,1,83.25,41.0,105.0,64,2,82,2,210,-1,-1,1,32,0.0,0.0,0,0,0.0,0.0,0,0,BENIGN
8080,70479,4,3,207,134,195,0,51.75,95.54187564,128,0,44.66666667,72.23111056,4838.320635,99.32036493,11746.5,27918.73061,68733,20,70479,23493.0,40219.87838,69934,20,69345,34672.5,48168.82104,68733,612,0,0,92,72,56.75449425,42.56587068,0,195,42.625,75.57576615,5711.696429,0,0,0,1,0,0,0,0,0,48.71428571,51.75,44.66666667,92,4,207,3,134,8192,237,3,20,0.0,0.0,0,0,0.0,0.0,0,0,Bot
53,140,2,2,76,108,38,38,38.0,0.0,54,54,54.0,0.0,1314285.71428571,28571.4285714286,46.6666666667,74.7685317051,133,3,3,3.0,0.0,3,3,4,4.0,0.0,4,4,0,0,40,40,14285.7142857143,14285.7142857143,38,54,44.4,8.7635609201,76.8,0,0,0,0,0,0,0,0,1,55.5,38.0,54.0,40,2,76,2,108,-1,-1,1,20,0.0,0.0,0,0,0.0,0.0,0,0,BENIGN
80,23129437,5,0,30,0,6,6,6.0,0.0,0,0,0.0,0.0,1.297048432,0.216174739,5782359.25,11600000.0,23100000,4,23100000,5782359.25,11600000.0,23100000,4,0,0.0,0.0,0,0,0,0,100,0,0.216174739,0.0,6,6,6.0,0.0,0.0,0,0,0,0,1,0,0,0,0,7.2,6.0,0.0,100,5,30,0,0,256,-1,4,20,1143.0,0.0,1143,1143,23100000.0,0.0,23100000,23100000,DDoS
22,11935273,23,32,2008,2745,640,0,87.30434783,136.3399611,976,0,85.78125,220.240592,398.2313601,4.608189524,221023.5741,608519.4888,2312110,3,9967985,453090.2273,854597.1188,2393974,417,11900000,385004.6774,767498.0374,2312110,3,0,0,744,1032,1.927061074,2.68112845,0,976,84.875,186.8396554,34909.05682,0,0,0,1,0,0,0,0,1,86.41818182,87.30434783,85.78125,744,23,2008,32,2745,29200,247,16,32,0.0,0.0,0,0,0.0,0.0,0,0,SSH-Patator
80,51471,3,4,441,870,435,0,147.0,249.4333578,858,0,217.5,427.0093676,25470.65338,135.998912,8578.5,11468.40916,23267,3,27519,13759.5,13523.41719,23322,4197,28204,9401.333333,15663.26302,27483,3,0,0,72,92,58.285248,77.713664,0,858,163.875,318.6258161,101522.4107,0,0,0,1,0,0,0,0,1,187.2857143,147.0,217.5,72,3,441,4,870,8192,31,2,20,0.0,0.0,0,0,0.0,0.0,0,0,BENIGN
53,31324,2,2,62,206,31,31,31.0,0.0,103,103,103.0,0.0,8555.740008,127.6976121,10441.33333,18040.76657,31273,3,3,3.0,0.0,3,3,48,48.0,0.0,48,48,0,0,64,64,63.84880603,63.84880603,31,103,59.8,39.43602414,1555.2,0,0,0,0,0,0,0,0,1,74.75,31.0,103.0,64,2,62,2,206,-1,-1,1,32,0.0,0.0,0,0,0.0,0.0,0,0,BENIGN
443,60494983,11,9,3276,4556,821,0,297.8181818,350.899364,1460,0,506.2222222,603.9734634,129.4652814,0.330605928,3183946.474,13700000.0,60000000,8,60500000,6049498.3,18900000.0,60000000,334,434621,54327.625,40894.57387,125536,48,0,0,232,192,0.18183326,0.148772668,0,1460,372.952381,474.9006713,225530.6476,0,0,0,1,0,0,0,0,0,391.6,297.8181818,506.2222222,232,11,3276,9,4556,8192,513,6,20,0.0,0.0,0,0,0.0,0.0,0,0,BENIGN
36544,87483,2,2,0,12,0,0,0.0,0.0,6,6,6.0,0.0,137.1695072,45.72316907,29161.0,50454.64779,87421,3,87483,87483.0,0.0,87483,87483,3,3.0,0.0,3,3,0,0,64,40,22.86158454,22.86158454,0,6,2.4,3.286335345,10.8,0,0,0,0,1,0,0,0,1,3.0,0.0,6.0,64,2,0,2,12,349,0,0,32,0.0,0.0,0,0,0.0,0.0,0,0,BENIGN
53,60914,1,1,44,134,44,44,44.0,0.0,134,134,134.0,0.0,2922.1525429294,32.8331746397,60914.0,0.0,60914,60914,0,0.0,0.0,0,0,0,0.0,0.0,0,0,0,0,20,32,16.4165873198,16.4165873198,44,134,74.0,51.9615242271,2700.0,0,0,0,0,0,0,0,0,1,111.0,44.0,134.0,20,1,44,1,134,-1,-1,0,20,0.0,0.0,0,0,0.0,0.0,0,0,BENIGN
53,61692,2,2,88,662,44,44,44.0,0.0,331,331,331.0,0.0,12157.16787,64.83822862,20564.0,35613.56271,61687,1,1,1.0,0.0,1,1,4,4.0,0.0,4,4,0,0,40,64,32.41911431,32.41911431,44,331,158.8,157.196374,24710.7,0,0,0,0,0,0,0,0,1,198.5,44.0,331.0,40,2,88,2,662,-1,-1,1,20,0.0,0.0,0,0,0.0,0.0,0,0,BENIGN
80,3003943,3,0,0,0,0,0,0.0,0.0,0,0,0.0,0.0,0.0,0.998687392,1501971.5,709942.9865,2003977,999966,3003943,1501971.5,709942.9865,2003977,999966,0,0.0,0.0,0,0,0,0,120,0,0.998687392,0.0,0,0,0.0,0.0,0.0,0,0,0,1,0,0,0,0,0,0.0,0.0,0.0,120,3,0,0,0,29200,-1,0,40,0.0,0.0,0,0,0.0,0.0,0,0,DoS slowloris
80,82875330,7,8,660,11595,321,0,94.28571429,154.8985843,5792,0,1449.375,1895.881019,147.8727144,0.180994754,5919666.429,22000000.0,82500000,1,82700000,13800000.0,33700000.0,82500000,1,82900000,11800000.0,31200000.0,82500000,47,0,0,196,264,0.084464219,0.096530536,0,5792,766.3125,1478.208949,2185101.696,1,0,0,0,0,0,0,0,1,817.4,94.28571429,1449.375,196,7,660,8,11595,0,235,4,20,11014.0,0.0,11014,11014,82500000.0,0.0,82500000,82500000,DoS Hulk
3690,73,1,1,2,6,2,2,2.0,0.0,6,6,6.0,0.0,109589.0411,27397.26027,73.0,0.0,73,73,0,0.0,0.0,0,0,0,0.0,0.0,0,0,0,0,24,20,13698.63014,13698.63014,2,6,3.333333333,2.309401077,5.333333333,0,0,0,1,0,0,0,0,1,5.0,2.0,6.0,24,1,2,1,6,1024,0,0,24,0.0,0.0,0,0,0.0,0.0,0,0,PortScan
443,60977330,14,13,871,3210,550,0,62.21428571,152.4700115,1448,0,246.9230769,534.9494464,66.92651187,0.442787508,2345281.923,4328576.813,10200000,11,61000000,4690563.846,5248267.767,10200000,84,60900000,5077189.25,5284904.1,10200000,205,0,0,456,424,0.229593523,0.213193985,0,1448,145.75,384.3353691,147713.6759,0,0,0,1,0,0,0,0,0,151.1481481,62.21428571,246.9230769,456,14,871,13,3210,29200,123,3,32,69404.5,45937.97995,163174,50357,10100000.0,166398.3218,10200000,9783195,BENIGN
53,358871,2,2,72,266,36,36,36.0,0.0,133,133,133.0,0.0,941.842612,11.14606641,119623.6667,207189.0723,358865,3,3,3.0,0.0,3,3,3,3.0,0.0,3,3,0,0,64,40,5.573033207,5.573033207,36,133,74.8,53.12908808,2822.7,0,0,0,0,0,0,0,0,1,93.5,36.0,133.0,64,2,72,2,266,-1,-1,1,32,0.0,0.0,0,0,0.0,0.0,0,0,BENIGN
8080,1001534,3,3,0,18,0,0,0.0,0.0,6,6,6.0,0.0,17.97243029,5.990810097,200306.8,273554.7882,500194,447,1000999,500499.5,200.1112191,500641,500358,1000924,500462.0,377.5950212,500729,500195,0,0,92,60,2.995405049,2.995405049,0,6,2.571428571,3.207134903,10.28571429,0,0,0,1,0,0,0,0,1,3.0,0.0,6.0,92,3,0,3,18,8192,0,0,28,0.0,0.0,0,0,0.0,0.0,0,0,Bot
80,101615946,10,6,314,11595,302,0,31.4,95.11186396,4355,0,1932.5,2182.468304,117.1961731,0.157455602,6774396.4,25400000.0,98600000,1,102000000,11300000.0,32800000.0,98600000,1,1517,303.4,373.0620592,919,3,0,0,320,200,0.098409752,0.059045851,0,4355,700.5294118,1540.532543,2373240.515,0,0,0,0,1,0,0,0,0,744.3125,31.4,1932.5,320,10,314,6,11595,274,235,3,20,3008.0,0.0,3008,3008,98600000.0,0.0,98600000,98600000,DoS Hulk
80,7833642,4,0,24,0,6,6,6.0,0.0,0,0,0.0,0.0,3.063709064,0.510618177,2611214.0,4522033.053,7832808,322,7833642,2611214.0,4522033.053,7832808,322,0,0.0,0.0,0,0,0,0,80,0,0.510618177,0.0,6,6,6.0,0.0,0.0,0,0,0,0,1,0,0,0,0,7.5,6.0,0.0,80,4,24,0,0,256,-1,3,20,834.0,0.0,834,834,7832808.0,0.0,7832808,7832808,DDoS
80,100673619,9,7,1422,11595,351,0,158.0,183.1106223,4344,0,1656.428571,1760.597234,129.2990173,0.158929421,6711574.6,25700000.0,99600000,15,101000000,12600000.0,35200000.0,99600000,1014,101000000,16800000.0,40600000.0,99700000,16,0,0,260,232,0.089397799,0.069531622,0,4344,766.0588235,1330.438578,1770066.809,1,0,0,0,0,0,0,0,0,813.9375,158.0,1656.428571,260,9,1422,7,11595,0,235,6,20,29993.0,0.0,29993,29993,99600000.0,0.0,99600000,99600000,DoS Hulk
80,15769,2,2,12,0,6,6,6.0,0.0,0,0,0.0,0.0,760.9867461,253.6622487,5256.333333,8593.76171,15174,10,595,595.0,0.0,595,595,15759,15759.0,0.0,15759,15759,0,0,40,64,126.8311244,126.8311244,0,6,3.6,3.286335345,10.8,1,0,0,0,0,0,0,0,1,4.5,6.0,0.0,40,2,12,2,0,0,235,1,20,0.0,0.0,0,0,0.0,0.0,0,0,DoS Hulk
80,1320991,6,0,36,0,6,6,6.0,0.0,0,0,0.0,0.0,27.25226743,4.542044571,264198.2,588519.9874,1316974,3,1320991,264198.2,588519.9874,1316974,3,0,0.0,0.0,0,0,0,0,120,0,4.542044571,0.0,6,6,6.0,0.0,0.0,0,0,0,0,1,0,0,0,0,7.0,6.0,0.0,120,6,36,0,0,256,-1,5,20,0.0,0.0,0,0,0.0,0.0,0,0,DDoS
8080,1007907,3,3,0,18,0,0,0.0,0.0,6,6,6.0,0.0,17.85879054,5.952930181,201581.4,275329.3103,506510,424,1007303,503651.5,4780.748948,507032,500271,1007483,503741.5,4769.435239,507114,500369,0,0,92,60,2.976465091,2.976465091,0,6,2.571428571,3.207134903,10.28571429,0,0,0,1,0,0,0,0,1,3.0,0.0,6.0,92,3,0,3,18,8192,0,0,28,0.0,0.0,0,0,0.0,0.0,0,0,Bot
54954,561,2,0,6,0,6,0,3.0,4.242640687,0,0,0.0,0.0,10695.18717,3565.062389,561.0,0.0,561,561,561,561.0,0.0,561,561,0,0.0,0.0,0,0,0,0,52,0,3565.062389,0.0,0,6,2.0,3.464101615,12.0,0,0,0,0,1,0,0,0,0,3.0,3.0,0.0,52,2,6,0,0,273,-1,1,20,0.0,0.0,0,0,0.0,0.0,0,0,BENIGN
80,1018088,3,4,26,11601,20,0,8.666666667,10.26320288,10135,0,2900.25,4871.82583,11420.42731,6.875633541,169681.3333,408885.7276,1004248,72,13573,6786.5,9263.80594,13337,236,1017944,339314.6667,575887.5895,1004248,195,0,0,72,92,2.946700089,3.928933452,0,10135,1453.375,3544.652026,12600000.0,0,0,0,1,0,0,0,0,1,1661.0,8.666666667,2900.25,72,3,26,4,11601,8192,229,2,20,0.0,0.0,0,0,0.0,0.0,0,0,DDoS
443,116514032,18,17,911,14405,415,0,50.6111111111,107.0783873886,2437,0,847.3529411765,756.4026656795,131.4519782476,0.3003930033,3426883.29411765,13882032.5204617,58142798,2,116514032,6853766.58823529,19300548.7614926,58142798,106,116484317,7280269.8125,19869494.1452718,58188314,2,0,0,584,552,0.1544878303,0.145905173,0,2437,425.4444444444,656.5136684224,431010.196825397,0,0,0,1,0,0,0,0,0,437.6,50.6111111111,847.3529411765,584,18,911,17,14405,29200,122,6,32,109582.0,112932.024023304,189437,29727,58132305.0,14839.3429099809,58142798,58121812,BENIGN
61704,3,2,0,0,0,0,0,0.0,0.0,0,0,0.0,0.0,0.0,666666.666666667,3.0,0.0,3,3,3,3.0,0.0,3,3,0,0.0,0.0,0,0,0,0,64,0,666666.666666667,0.0,0,0,0.0,0.0,0.0,0,0,0,0,1,0,0,0,0,0.0,0.0,0.0,64,2,0,0,0,179,-1,0,32,0.0,0.0,0,0,0.0,0.0,0,0,BENIGN
443,116133100,29,30,1381,26476,517,0,47.62068966,132.0596223,3440,0,882.5333333,1011.536105,239.8713201,0.50803776,2002294.828,3971391.938,10000000,23,116000000,4147610.714,4929676.914,10100000,49,111000000,3819763.241,4954480.595,10100000,48,0,0,936,968,0.249713475,0.258324285,0,3440,464.2833333,830.1464255,689143.0879,0,0,0,1,0,0,0,0,1,472.1525424,47.62068966,882.5333333,936,29,1381,30,26476,29200,126,5,32,54058.41667,84074.63292,321030,29520,9623695.833,1352215.378,10000000,5330192,BENIGN
53,30693,1,1,52,68,52,52,52.0,0.0,68,68,68.0,0.0,3909.686248,65.16143746,30693.0,0.0,30693,30693,0,0.0,0.0,0,0,0,0.0,0.0,0,0,0,0,32,32,32.58071873,32.58071873,52,68,57.33333333,9.237604307,85.33333333,0,0,0,0,0,0,0,0,1,86.0,52.0,68.0,32,1,52,1,68,-1,-1,0,32,0.0,0.0,0,0,0.0,0.0,0,0,BENIGN
1533,71,1,1,2,6,2,2,2.0,0.0,6,6,6.0,0.0,112676.0563,28169.01408,71.0,0.0,71,71,0,0.0,0.0,0,0,0,0.0,0.0,0,0,0,0,24,20,14084.50704,14084.50704,2,6,3.333333333,2.309401077,5.333333333,0,0,0,1,0,0,0,0,1,5.0,2.0,6.0,24,1,2,1,6,1024,0,0,24,0.0,0.0,0,0,0.0,0.0,0,0,PortScan
80,71865936,8,7,56,11601,20,0,7.0,5.656854249,2920,0,1657.285714,1299.172136,162.2048031,0.208721974,5133281.143,17400000.0,65400000,3,71300000,10200000.0,24400000.0,65400000,115,590104,98350.66667,228751.2135,564862,47,0,0,172,152,0.111318386,0.097403588,0,2920,728.9375,1179.048061,1390154.329,0,0,0,0,1,0,0,0,0,777.5333333,7.0,1657.285714,172,8,56,7,11601,256,229,6,20,712.0,0.0,712,712,35600000.0,42100000.0,65400000,5882002,DDoS
80,20010,3,1,18,0,6,6,6.0,0.0,0,0,0.0,0.0,899.5502249,199.90005,6670.0,10683.00505,18997,106,20010,10005.0,12716.60835,18997,1013,0,0.0,0.0,0,0,0,0,60,32,149.9250375,49.97501249,0,6,4.8,2.683281573,7.2,1,0,0,0,0,0,0,0,0,6.0,6.0,0.0,60,3,18,1,0,0,235,2,20,0.0,0.0,0,0,0.0,0.0,0,0,DoS Hulk
53,140,2,2,64,96,32,32,32.0,0.0,48,48,48.0,0.0,1142857.14285714,28571.4285714286,46.6666666667,74.7685317051,133,3,4,4.0,0.0,4,4,3,3.0,0.0,3,3,0,0,40,40,14285.7142857143,14285.7142857143,32,48,38.4,8.7635609201,76.8,0,0,0,0,0,0,0,0,1,48.0,32.0,48.0,40,2,64,2,96,-1,-1,1,20,0.0,0.0,0,0,0.0,0.0,0,0,BENIGN
5414,174,1,1,0,6,0,0,0.0,0.0,6,6,6.0,0.0,34482.75862,11494.25287,174.0,0.0,174,174,0,0.0,0.0,0,0,0,0.0,0.0,0,0,0,0,40,20,5747.126437,5747.126437,0,6,2.0,3.464101615,12.0,0,0,0,1,0,0,0,0,1,3.0,0.0,6.0,40,1,0,1,6,29200,0,0,40,0.0,0.0,0,0,0.0,0.0,0,0,PortScan
53,200,2,2,76,154,38,38,38.0,0.0,77,77,77.0,0.0,1150000.0,20000.0,66.66666667,110.2739014,194,3,3,3.0,0.0,3,3,3,3.0,0.0,3,3,0,0,40,40,10000.0,10000.0,38,77,53.6,21.36117974,456.3,0,0,0,0,0,0,0,0,1,67.0,38.0,77.0,40,2,76,2,154,-1,-1,1,20,0.0,0.0,0,0,0.0,0.0,0,0,BENIGN
1443,48,1,1,2,6,2,2,2.0,0.0,6,6,6.0,0.0,166666.6667,41666.66667,48.0,0.0,48,48,0,0.0,0.0,0,0,0,0.0,0.0,0,0,0,0,24,20,20833.33333,20833.33333,2,6,3.333333333,2.309401077,5.333333333,0,0,0,1,0,0,0,0,1,5.0,2.0,6.0,24,1,2,1,6,1024,0,0,24,0.0,0.0,0,0,0.0,0.0,0,0,PortScan
443,119389408,23,22,1469,5763,366,0,63.8695652174,121.582110058,1631,0,261.9545454545,516.5485711982,60.5748878493,0.3769178586,2713395.63636364,4385477.62645332,10006118,129,119366270,5425739.54545455,4919578.97605995,10029506,533,119366145,5684102.14285714,4901037.34618236,10029358,250,0,0,472,584,0.1926469055,0.1842709531,0,1631,157.2173913043,376.9748540416,142110.04057971,0,0,0,1,0,0,0,0,0,160.7111111111,63.8695652174,261.9545454545,472,23,1469,22,5763,8192,1047,22,20,189539.083333333,399787.083276827,1244465,23201,9757650.08333334,825970.428799907,10006118,7135235,BENIGN
4279,37,1,1,0,6,0,0,0.0,0.0,6,6,6.0,0.0,162162.1622,54054.05405,37.0,0.0,37,37,0,0.0,0.0,0,0,0,0.0,0.0,0,0,0,0,40,20,27027.02703,27027.02703,0,6,2.0,3.464101615,12.0,0,0,0,1,0,0,0,0,1,3.0,0.0,6.0,40,1,0,1,6,29200,0,0,40,0.0,0.0,0,0,0.0,0.0,0,0,PortScan
3001,74,1,1,2,6,2,2,2.0,0.0,6,6,6.0,0.0,108108.1081,27027.02703,74.0,0.0,74,74,0,0.0,0.0,0,0,0,0.0,0.0,0,0,0,0,24,20,13513.51351,13513.51351,2,6,3.333333333,2.309401077,5.333333333,0,0,0,1,0,0,0,0,1,5.0,2.0,6.0,24,1,2,1,6,1024,0,0,24,0.0,0.0,0,0,0.0,0.0,0,0,PortScan
64422,80,1,1,0,0,0,0,0.0,0.0,0,0,0.0,0.0,0.0,25000.0,80.0,0.0,80,80,0,0.0,0.0,0,0,0,0.0,0.0,0,0,0,0,32,32,12500.0,12500.0,0,0,0.0,0.0,0.0,0,0,0,0,1,1,0,0,1,0.0,0.0,0.0,32,1,0,1,0,122,33304,0,32,0.0,0.0,0,0,0.0,0.0,0,0,BENIGN
55719,52823,2,1,0,0,0,0,0.0,0.0,0,0,0.0,0.0,0.0,56.7934422505,26411.5,37282.2050380607,52774,49,52823,52823.0,0.0,52823,52823,0,0.0,0.0,0,0,0,0,76,32,37.8622948337,18.9311474168,0,0,0.0,0.0,0.0,0,0,0,0,1,1,0,0,0,0.0,0.0,0.0,76,2,0,1,0,357,32832,0,32,0.0,0.0,0,0,0.0,0.0,0,0,BENIGN
1,49,1,1,2,6,2,2,2.0,0.0,6,6,6.0,0.0,163265.3061,40816.32653,49.0,0.0,49,49,0,0.0,0.0,0,0,0,0.0,0.0,0,0,0,0,24,20,20408.16327,20408.16327,2,6,3.333333333,2.309401077,5.333333333,0,0,0,1,0,0,0,0,1,5.0,2.0,6.0,24,1,2,1,6,1024,0,0,24,0.0,0.0,0,0,0.0,0.0,0,0,PortScan
21,9974126,9,15,105,188,22,0,11.66666667,9.300537619,34,0,12.53333333,14.54975045,29.37600748,2.406225869,433657.6522,1126844.679,3420847,3,6686040,835755.0,1544895.253,3465789,3,9974034,712431.0,1391038.568,3420847,3,0,0,296,488,0.902334701,1.503891168,0,34,11.72,12.58808961,158.46,0,0,0,1,0,0,0,0,1,12.20833333,11.66666667,12.53333333,296,9,105,15,188,29200,227,6,32,0.0,0.0,0,0,0.0,0.0,0,0,FTP-Patator
80,75499694,9,5,62,11607,20,0,6.888888889,5.30199124,10135,0,2321.4,4413.201989,154.5569178,0.185431215,5807668.769,17400000.0,62800000,3,74100000,9264176.125,22000000.0,62800000,4,1388436,347109.0,692609.3901,1386022,3,0,0,192,112,0.119205781,0.066225434,0,10135,778.3333333,2615.387752,6840253.095,0,0,0,0,1,0,0,0,0,833.9285714,6.888888889,2321.4,192,9,62,5,11607,256,229,7,20,2032.0,0.0,2032,2032,37100000.0,36500000.0,62800000,11300000,DDoS
443,5635767,6,4,611,164,517,0,101.8333333,204.3050823,152,0,41.0,74.05403433,137.5145566,1.774381375,626196.3333,1827793.981,5499915,41,5635767,1127153.4,2484795.527,5571995,41,111881,37293.66667,40455.74082,80899,979,0,0,132,92,1.064628825,0.70975255,0,517,70.45454545,154.756818,23949.67273,0,0,0,1,0,0,0,0,0,77.5,101.8333333,41.0,132,6,611,4,164,8192,30,5,20,135811.0,0.0,135811,135811,5499915.0,0.0,5499915,5499915,BENIGN
54985,4,3,0,43,0,31,6,14.33333333,14.43375673,0,0,0.0,0.0,10800000.0,750000.0,2.0,2.828427125,4,0,4,2.0,2.828427125,4,0,0,0.0,0.0,0,0,0,0,60,0,750000.0,0.0,6,31,12.25,12.5,156.25,0,0,0,0,1,0,0,0,0,16.33333333,14.33333333,0.0,60,3,43,0,0,31,-1,2,20,0.0,0.0,0,0,0.0,0.0,0,0,BENIGN
80,43836,3,6,26,11601,20,0,8.666666667,10.26320288,4380,0,1933.5,1757.789948,265238.6167,205.3107035,5479.5,9911.902383,22998,3,23048,11524.0,16293.15445,23045,3,43789,8757.8,11845.45509,23364,16,0,0,72,132,68.43690118,136.8738024,0,4380,1162.7,1645.241762,2706820.456,0,0,0,1,0,0,0,0,2,1291.888889,8.666666667,1933.5,72,3,26,6,11601,8192,229,2,20,0.0,0.0,0,0,0.0,0.0,0,0,DDoS
21,258,2,1,14,0,14,0,7.0,9.899494937,0,0,0.0,0.0,54263.56589,11627.90698,129.0,108.8944443,206,52,258,258.0,0.0,258,258,0,0.0,0.0,0,0,1,0,64,20,7751.937984,3875.968992,0,14,7.0,8.082903769,65.33333333,0,1,0,0,1,0,0,0,0,9.333333333,7.0,0.0,64,2,14,1,0,229,0,0,32,0.0,0.0,0,0,0.0,0.0,0,0,FTP-Patator
5061,16,1,1,2,6,2,2,2.0,0.0,6,6,6.0,0.0,500000.0,125000.0,16.0,0.0,16,16,0,0.0,0.0,0,0,0,0.0,0.0,0,0,0,0,24,20,62500.0,62500.0,2,6,3.333333333,2.309401077,5.333333333,0,0,0,1,0,0,0,0,1,5.0,2.0,6.0,24,1,2,1,6,1024,0,0,24,0.0,0.0,0,0,0.0,0.0,0,0,PortScan
47234,98,2,1,31,6,31,0,15.5,21.92031022,6,6,6.0,0.0,377551.0204,30612.2449,49.0,25.45584412,67,31,98,98.0,0.0,98,98,0,0.0,0.0,0,0,1,0,64,20,20408.16327,10204.08163,0,31,17.0,16.35033129,267.3333333,0,1,0,0,1,0,0,0,0,22.66666667,15.5,6.0,64,2,31,1,6,290,0,0,32,0.0,0.0,0,0,0.0,0.0,0,0,BENIGN
53,196,2,2,102,134,51,51,51.0,0.0,67,67,67.0,0.0,1204081.633,20408.16327,65.33333333,30.89228598,101,47,47,47.0,0.0,47,47,48,48.0,0.0,48,48,0,0,64,64,10204.08163,10204.08163,51,67,57.4,8.76356092,76.8,0,0,0,0,0,0,0,0,1,71.75,51.0,67.0,64,2,102,2,134,-1,-1,1,32,0.0,0.0,0,0,0.0,0.0,0,0,BENIGN
1036,82,1,1,0,6,0,0,0.0,0.0,6,6,6.0,0.0,73170.73171,24390.2439,82.0,0.0,82,82,0,0.0,0.0,0,0,0,0.0,0.0,0,0,0,0,40,20,12195.12195,12195.12195,0,6,2.0,3.464101615,12.0,0,0,0,1,0,0,0,0,1,3.0,0.0,6.0,40,1,0,1,6,29200,0,0,40,0.0,0.0,0,0,0.0,0.0,0,0,PortScan
52497,78,1,1,6,6,6,6,6.0,0.0,6,6,6.0,0.0,153846.1538,25641.02564,78.0,0.0,78,78,0,0.0,0.0,0,0,0,0.0,0.0,0,0,0,0,20,20,12820.51282,12820.51282,6,6,6.0,0.0,0.0,0,0,0,0,1,1,0,0,1,9.0,6.0,6.0,20,1,6,1,6,335,258,0,20,0.0,0.0,0,0,0.0,0.0,0,0,BENIGN
53,30865,1,1,93,141,93,93,93.0,0.0,141,141,141.0,0.0,7581.402883525,64.7983152438,30865.0,0.0,30865,30865,0,0.0,0.0,0,0,0,0.0,0.0,0,0,0,0,32,32,32.3991576219,32.3991576219,93,141,109.0,27.7128129211,768.0,0,0,0,0,0,0,0,0,1,163.5,93.0,141.0,32,1,93,1,141,-1,-1,0,32,0.0,0.0,0,0,0.0,0.0,0,0,BENIGN
50714,100065011,7,12,11606,682,4344,0,1658.0,1946.082818,338,0,56.83333333,131.3439851,122.8001664,0.189876559,5559167.278,23500000.0,99700000,4,100000000,16700000.0,40700000.0,99700000,56,99900000,9083559.364,30000000.0,99700000,4,1,0,232,380,0.069954522,0.119922037,0,4344,614.95,1350.079003,1822713.313,0,1,0,0,1,1,0,0,1,647.3157895,1658.0,56.83333333,232,7,11606,12,682,235,229,4,32,23347.0,0.0,23347,23347,99700000.0,0.0,99700000,99700000,BENIGN
80,111,2,0,12,0,6,6,6.0,0.0,0,0,0.0,0.0,108108.1081,18018.01802,111.0,0.0,111,111,111,111.0,0.0,111,111,0,0.0,0.0,0,0,0,0,40,0,18018.01802,0.0,6,6,6.0,0.0,0.0,0,0,0,0,1,0,0,0,0,9.0,6.0,0.0,40,2,12,0,0,256,-1,1,20,0.0,0.0,0,0,0.0,0.0,0,0,BENIGN
49161,86,1,1,0,6,0,0,0.0,0.0,6,6,6.0,0.0,69767.44186,23255.81395,86.0,0.0,86,86,0,0.0,0.0,0,0,0,0.0,0.0,0,0,0,0,40,20,11627.90698,11627.90698,0,6,2.0,3.464101615,12.0,0,0,0,1,0,0,0,0,1,3.0,0.0,6.0,40,1,0,1,6,29200,0,0,40,0.0,0.0,0,0,0.0,0.0,0,0,PortScan
61271,215,2,0,0,0,0,0,0.0,0.0,0,0,0.0,0.0,0.0,9302.3255813954,215.0,0.0,215,215,215,215.0,0.0,215,215,0,0.0,0.0,0,0,0,0,64,0,9302.3255813954,0.0,0,0,0.0,0.0,0.0,0,0,0,0,1,0,0,0,0,0.0,0.0,0.0,64,2,0,0,0,357,-1,0,32,0.0,0.0,0,0,0.0,0.0,0,0,BENIGN
32777,62,1,1,0,6,0,0,0.0,0.0,6,6,6.0,0.0,96774.19355,32258.06452,62.0,0.0,62,62,0,0.0,0.0,0,0,0,0.0,0.0,0,0,0,0,40,20,16129.03226,16129.03226,0,6,2.0,3.464101615,12.0,0,0,0,1,0,0,0,0,1,3.0,0.0,6.0,40,1,0,1,6,29200,0,0,40,0.0,0.0,0,0,0.0,0.0,0,0,PortScan
3827,75,1,1,2,6,2,2,2.0,0.0,6,6,6.0,0.0,106666.6667,26666.66667,75.0,0.0,75,75,0,0.0,0.0,0,0,0,0.0,0.0,0,0,0,0,24,20,13333.33333,13333.33333,2,6,3.333333333,2.309401077,5.333333333,0,0,0,1,0,0,0,0,1,5.0,2.0,6.0,24,1,2,1,6,1024,0,0,24,0.0,0.0,0,0,0.0,0.0,0,0,PortScan
80,11340346,10,8,1281,11632,427,0,128.1,206.2605957,2896,0,1454.0,1541.642908,1138.677779,1.587253158,667079.1765,1813680.683,5926988,1,6342102,704678.0,1960867.159,5928310,1,11300000,1620044.0,2643830.21,5926988,64,0,0,328,264,0.88180731,0.705445848,0,2896,679.6315789,1186.040856,1406692.912,0,0,0,1,0,0,0,0,0,717.3888889,128.1,1454.0,328,10,1281,8,11632,29200,235,3,32,411485.0,0.0,411485,411485,5926988.0,0.0,5926988,5926988,DoS GoldenEye
8487,2527,2,0,0,0,0,0,0.0,0.0,0,0,0.0,0.0,0.0,791.452315,2527.0,0.0,2527,2527,2527,2527.0,0.0,2527,2527,0,0.0,0.0,0,0,0,0,52,0,791.452315,0.0,0,0,0.0,0.0,0.0,0,0,0,0,1,0,0,0,0,0.0,0.0,0.0,52,2,0,0,0,263,-1,0,20,0.0,0.0,0,0,0.0,0.0,0,0,BENIGN
9929,56,1,1,0,6,0,0,0.0,0.0,6,6,6.0,0.0,107142.8571,35714.28571,56.0,0.0,56,56,0,0.0,0.0,0,0,0,0.0,0.0,0,0,0,0,40,20,17857.14286,17857.14286,0,6,2.0,3.464101615,12.0,0,0,0,1,0,0,0,0,1,3.0,0.0,6.0,40,1,0,1,6,29200,0,0,40,0.0,0.0,0,0,0.0,0.0,0,0,PortScan
80,5966829,5,0,30,0,6,6,6.0,0.0,0,0,0.0,0.0,5.027796171,0.837966029,1491707.25,2981408.837,5963820,1,5966829,1491707.25,2981408.837,5963820,1,0,0.0,0.0,0,0,0,0,100,0,0.837966029,0.0,6,6,6.0,0.0,0.0,0,0,0,0,1,0,0,0,0,7.2,6.0,0.0,100,5,30,0,0,256,-1,4,20,3009.0,0.0,3009,3009,5963820.0,0.0,5963820,5963820,DDoS
80,5909220,5,0,30,0,6,6,6.0,0.0,0,0,0.0,0.0,5.076812168,0.846135361,1477305.0,2953392.678,5907394,316,5909220,1477305.0,2953392.678,5907394,316,0,0.0,0.0,0,0,0,0,100,0,0.846135361,0.0,6,6,6.0,0.0,0.0,0,0,0,0,1,0,0,0,0,7.2,6.0,0.0,100,5,30,0,0,256,-1,4,20,1826.0,0.0,1826,1826,5907394.0,0.0,5907394,5907394,DDoS
80,9153672,4,0,24,0,6,6,6.0,0.0,0,0,0.0,0.0,2.621898622,0.436983104,3051224.0,5284251.455,9152952,319,9153672,3051224.0,5284251.455,9152952,319,0,0.0,0.0,0,0,0,0,80,0,0.436983104,0.0,6,6,6.0,0.0,0.0,0,0,0,0,1,0,0,0,0,7.5,6.0,0.0,80,4,24,0,0,256,-1,3,20,720.0,0.0,720,720,9152952.0,0.0,9152952,9152952,DDoS
55844,3,1,1,0,0,0,0,0.0,0.0,0,0,0.0,0.0,0.0,666666.6667,3.0,0.0,3,3,0,0.0,0.0,0,0,0,0.0,0.0,0,0,0,0,32,32,333333.3333,333333.3333,0,0,0.0,0.0,0.0,0,0,0,0,1,1,0,0,1,0.0,0.0,0.0,32,1,0,1,0,3,229,0,32,0.0,0.0,0,0,0.0,0.0,0,0,BENIGN
53,181,2,2,68,158,34,34,34.0,0.0,79,79,79.0,0.0,1248618.785,22099.44751,60.33333333,98.43949072,174,3,4,4.0,0.0,4,4,3,3.0,0.0,3,3,0,0,64,64,11049.72376,11049.72376,34,79,52.0,24.64751509,607.5,0,0,0,0,0,0,0,0,1,65.0,34.0,79.0,64,2,68,2,158,-1,-1,1,32,0.0,0.0,0,0,0.0,0.0,0,0,BENIGN
53,184,2,2,60,252,30,30,30.0,0.0,126,126,126.0,0.0,1695652.17391304,21739.1304347826,61.3333333333,101.0362971082,178,3,3,3.0,0.0,3,3,3,3.0,0.0,3,3,0,0,40,40,10869.5652173913,10869.5652173913,30,126,68.4,52.5813655205,2764.8,0,0,0,0,0,0,0,0,1,85.5,30.0,126.0,40,2,60,2,252,-1,-1,1,20,0.0,0.0,0,0,0.0,0.0,0,0,BENIGN
53,248,2,2,64,120,32,32,32.0,0.0,60,60,60.0,0.0,741935.4839,16129.03226,82.66666667,139.7223437,244,1,1,1.0,0.0,1,1,3,3.0,0.0,3,3,0,0,64,64,8064.516129,8064.516129,32,60,43.2,15.33623161,235.2,0,0,0,0,0,0,0,0,1,54.0,32.0,60.0,64,2,64,2,120,-1,-1,1,32,0.0,0.0,0,0,0.0,0.0,0,0,BENIGN
21,268,2,1,14,0,14,0,7.0,9.899494937,0,0,0.0,0.0,52238.80597,11194.02985,134.0,11.3137085,142,126,268,268.0,0.0,268,268,0,0.0,0.0,0,0,1,0,64,20,7462.686567,3731.343284,0,14,7.0,8.082903769,65.33333333,0,1,0,0,1,0,0,0,0,9.333333333,7.0,0.0,64,2,14,1,0,229,0,0,32,0.0,0.0,0,0,0.0,0.0,0,0,FTP-Patator
53,31613,1,1,51,133,51,51,51.0,0.0,133,133,133.0,0.0,5820.3903457438,63.2651124537,31613.0,0.0,31613,31613,0,0.0,0.0,0,0,0,0.0,0.0,0,0,0,0,32,32,31.6325562269,31.6325562269,51,133,78.3333333333,47.3427220735,2241.3333333333,0,0,0,0,0,0,0,0,1,117.5,51.0,133.0,32,1,51,1,133,-1,-1,0,32,0.0,0.0,0,0,0.0,0.0,0,0,BENIGN
80,147573,3,6,357,11595,357,0,119.0,206.1140461,4344,0,1932.5,1754.831473,80990.42508,60.98676587,18446.625,47759.92349,136269,9,11005,5502.5,7768.982205,10996,9,147532,29506.4,59869.27002,136269,14,0,0,104,200,20.32892196,40.65784391,0,4344,1195.2,1620.936752,2627435.956,0,0,0,1,0,0,0,0,2,1328.0,119.0,1932.5,104,3,357,6,11595,29200,235,1,32,0.0,0.0,0,0,0.0,0.0,0,0,DoS Hulk
53,37281,1,1,51,107,51,51,51.0,0.0,107,107,107.0,0.0,4238.083742,53.64662965,37281.0,0.0,37281,37281,0,0.0,0.0,0,0,0,0.0,0.0,0,0,0,0,20,20,26.82331483,26.82331483,51,107,69.66666667,32.33161507,1045.333333,0,0,0,0,0,0,0,0,1,104.5,51.0,107.0,20,1,51,1,107,-1,-1,0,20,0.0,0.0,0,0,0.0,0.0,0,0,BENIGN
80,3206037,4,0,24,0,6,6,6.0,0.0,0,0,0.0,0.0,7.485877424,1.247646237,1068679.0,1849657.116,3204479,313,3206037,1068679.0,1849657.116,3204479,313,0,0.0,0.0,0,0,0,0,80,0,1.247646237,0.0,6,6,6.0,0.0,0.0,0,0,0,0,1,0,0,0,0,7.5,6.0,0.0,80,4,24,0,0,256,-1,3,20,0.0,0.0,0,0,0.0,0.0,0,0,DDoS
53,234,2,2,166,262,83,83,83.0,0.0,131,131,131.0,0.0,1829059.829,17094.01709,78.0,51.09794516,137,48,49,49.0,0.0,49,49,48,48.0,0.0,48,48,0,0,64,64,8547.008547,8547.008547,83,131,102.2,26.29068276,691.2,0,0,0,0,0,0,0,0,1,127.75,83.0,131.0,64,2,166,2,262,-1,-1,1,32,0.0,0.0,0,0,0.0,0.0,0,0,BENIGN
80,202837,3,4,26,11607,20,0,8.666666667,10.26320288,11595,0,2901.75,5795.50069,57351.46941,34.510469,33806.16667,82375.97804,201955,6,786,393.0,405.8792924,680,106,202694,67564.66667,116386.0103,201955,6,0,0,72,92,14.790201,19.720268,0,11595,1454.125,4097.537534,16800000.0,0,0,0,1,0,0,0,0,1,1661.857143,8.666666667,2901.75,72,3,26,4,11607,8192,229,2,20,0.0,0.0,0,0,0.0,0.0,0,0,DDoS
80,46072128,8,8,1338,1040,1302,0,167.25,458.513047,1004,0,130.0,353.1555707,51.61472029,0.347281549,3071475.2,4580865.405,10000000,80,40100000,5731244.143,5338610.897,10000000,15253,46100000,6579565.0,4716423.01,10000000,25119,0,0,180,172,0.173640775,0.173640775,0,1302,139.8823529,384.9522507,148188.2353,0,0,0,1,0,0,0,0,1,148.625,167.25,130.0,180,8,1338,8,1040,29200,32,7,20,29360.0,28506.83488,72120,14972,10000000.0,1085.265981,10000000,9998696,BENIGN
992,25,1,1,2,6,2,2,2.0,0.0,6,6,6.0,0.0,320000.0,80000.0,25.0,0.0,25,25,0,0.0,0.0,0,0,0,0.0,0.0,0,0,0,0,24,20,40000.0,40000.0,2,6,3.333333333,2.309401077,5.333333333,0,0,0,1,0,0,0,0,1,5.0,2.0,6.0,24,1,2,1,6,1024,0,0,24,0.0,0.0,0,0,0.0,0.0,0,0,PortScan
443,2106456,9,10,1163,6982,818,0,129.2222222,267.6012789,2266,0,698.2,829.1530887,3866.684137,9.019889331,117025.3333,186492.6876,711381,50,1394841,174355.125,150698.3071,406618,41719,2040132,226681.3333,331293.6649,999997,50,0,0,204,212,4.272579157,4.747310174,0,2266,407.25,667.6117588,445705.4605,0,0,0,1,0,0,0,0,1,428.6842105,129.2222222,698.2,204,9,1163,10,6982,8192,34,7,20,0.0,0.0,0,0,0.0,0.0,0,0,BENIGN
80,85652283,6,7,381,11595,381,0,63.5,155.5425987,4344,0,1656.428571,1547.737688,139.8211417,0.151776456,7137690.25,24700000.0,85500000,0,85500000,17100000.0,38200000.0,85500000,0,143630,23938.33333,51830.86048,129123,14,0,0,200,232,0.070050672,0.081725784,0,4344,855.4285714,1343.926206,1806137.648,0,0,0,0,1,0,0,0,1,921.2307692,63.5,1656.428571,200,6,381,7,11595,274,235,1,32,1.0,0.0,1,1,85500000.0,0.0,85500000,85500000,DoS Hulk
3814,53,1,1,2,6,2,2,2.0,0.0,6,6,6.0,0.0,150943.3962,37735.84906,53.0,0.0,53,53,0,0.0,0.0,0,0,0,0.0,0.0,0,0,0,0,24,20,18867.92453,18867.92453,2,6,3.333333333,2.309401077,5.333333333,0,0,0,1,0,0,0,0,1,5.0,2.0,6.0,24,1,2,1,6,1024,0,0,24,0.0,0.0,0,0,0.0,0.0,0,0,PortScan
7615,46,1,1,0,0,0,0,0.0,0.0,0,0,0.0,0.0,0.0,43478.26087,46.0,0.0,46,46,0,0.0,0.0,0,0,0,0.0,0.0,0,0,0,0,20,20,21739.13043,21739.13043,0,0,0.0,0.0,0.0,0,0,0,0,1,1,0,0,1,0.0,0.0,0.0,20,1,0,1,0,127,256,0,20,0.0,0.0,0,0,0.0,0.0,0,0,BENIGN
53,1288,2,2,72,114,36,36,36.0,0.0,57,57,57.0,0.0,144409.9379,3105.590062,429.3333333,740.1637206,1284,1,1,1.0,0.0,1,1,3,3.0,0.0,3,3,0,0,64,64,1552.795031,1552.795031,36,57,44.4,11.50217371,132.3,0,0,0,0,0,0,0,0,1,55.5,36.0,57.0,64,2,72,2,114,-1,-1,1,32,0.0,0.0,0,0,0.0,0.0,0,0,BENIGN
3000,4,2,0,4,0,2,2,2.0,0.0,0,0,0.0,0.0,1000000.0,500000.0,4.0,0.0,4,4,4,4.0,0.0,4,4,0,0.0,0.0,0,0,0,0,48,0,500000.0,0.0,2,2,2.0,0.0,0.0,0,0,0,1,0,0,0,0,0,3.0,2.0,0.0,48,2,4,0,0,1024,-1,1,24,0.0,0.0,0,0,0.0,0.0,0,0,BENIGN
80,8796327,4,4,602,364,602,0,150.5,301.0,364,0,91.0,182.0,109.818564,0.90947051,1256618.143,2172585.559,5002272,73,3794055,1264685.0,2185565.123,3788357,696,8796201,2932067.0,2607288.522,5003041,4160,0,0,136,136,0.454735255,0.454735255,0,602,107.3333333,221.137966,48902.0,0,0,0,1,0,0,0,0,1,120.75,150.5,91.0,136,4,602,4,364,29200,236,1,32,0.0,0.0,0,0,0.0,0.0,0,0,Web Attack � Brute Force
80,1117832,3,5,26,11601,20,0,8.666666667,10.26320288,7300,0,2320.2,3022.508098,10401.38411,7.15671049,159690.2857,414695.8035,1100033,18,16976,8488.0,11230.2699,16429,547,1117814,279453.5,547109.3622,1100033,202,0,0,72,112,2.683766434,4.472944056,0,7300,1291.888889,2460.652985,6054813.111,0,0,0,1,0,0,0,0,1,1453.375,8.666666667,2320.2,72,3,26,5,11601,8192,229,2,20,0.0,0.0,0,0,0.0,0.0,0,0,DDoS
443,117103557,25,30,834,34095,209,0,33.36,66.58821217,2896,0,1136.5,722.2624296,298.2744581,0.469669764,2168584.389,11100000.0,58900000,1,117000000,4879314.875,16500000.0,58900000,48,117000000,4037028.552,15100000.0,58900000,1,0,0,808,968,0.213486256,0.256183508,0,2896,623.7321429,765.448092,585910.7815,0,0,0,1,0,0,0,0,1,635.0727273,33.36,1136.5,808,25,834,30,34095,29200,126,7,32,118715.0,125405.3876,207390,30040,58400000.0,630805.7169,58900000,58000000,BENIGN
53,32043,1,1,51,67,51,51,51.0,0.0,67,67,67.0,0.0,3682.551571,62.41612833,32043.0,0.0,32043,32043,0,0.0,0.0,0,0,0,0.0,0.0,0,0,0,0,32,20,31.20806416,31.20806416,51,67,56.33333333,9.237604307,85.33333333,0,0,0,0,0,0,0,0,1,84.5,51.0,67.0,32,1,51,1,67,-1,-1,0,32,0.0,0.0,0,0,0.0,0.0,0,0,BENIGN
8093,70,1,1,0,6,0,0,0.0,0.0,6,6,6.0,0.0,85714.28571,28571.42857,70.0,0.0,70,70,0,0.0,0.0,0,0,0,0.0,0.0,0,0,0,0,40,20,14285.71429,14285.71429,0,6,2.0,3.464101615,12.0,0,0,0,1,0,0,0,0,1,3.0,0.0,6.0,40,1,0,1,6,29200,0,0,40,0.0,0.0,0,0,0.0,0.0,0,0,PortScan
3918,69,1,1,0,6,0,0,0.0,0.0,6,6,6.0,0.0,86956.52174,28985.50725,69.0,0.0,69,69,0,0.0,0.0,0,0,0,0.0,0.0,0,0,0,0,40,20,14492.75362,14492.75362,0,6,2.0,3.464101615,12.0,0,0,0,1,0,0,0,0,1,3.0,0.0,6.0,40,1,0,1,6,29200,0,0,40,0.0,0.0,0,0,0.0,0.0,0,0,PortScan
80,115399265,16,14,448,979,448,0,28.0,112.0,979,0,69.92857143,261.6487558,12.36576333,0.259966994,3979285.0,4882757.941,10000000,42,115000000,7693284.333,4187450.546,10100000,117,111000000,8504350.231,3766578.213,10100000,3829,0,0,520,456,0.138649063,0.12131793,0,979,46.03225806,190.9150743,36448.56559,0,0,0,1,0,0,0,0,0,47.56666667,28.0,69.92857143,520,16,448,14,979,29200,118,1,32,34232.27273,10556.89924,66061,30902,10000000.0,7007.466279,10000000,9998234,BENIGN
53,769,2,2,82,114,41,41,41.0,0.0,57,57,57.0,0.0,254876.4629,5201.560468,256.3333333,438.7862046,763,3,3,3.0,0.0,3,3,3,3.0,0.0,3,3,0,0,64,40,2600.780234,2600.780234,41,57,47.4,8.76356092,76.8,0,0,0,0,0,0,0,0,1,59.25,41.0,57.0,64,2,82,2,114,-1,-1,1,32,0.0,0.0,0,0,0.0,0.0,0,0,BENIGN
53,69008,2,2,64,176,32,32,32.0,0.0,88,88,88.0,0.0,3477.85764,57.96429399,23002.66667,39836.59122,69002,3,3,3.0,0.0,3,3,3,3.0,0.0,3,3,0,0,64,40,28.982147,28.982147,32,88,54.4,30.67246322,940.8,0,0,0,0,0,0,0,0,1,68.0,32.0,88.0,64,2,64,2,176,-1,-1,1,32,0.0,0.0,0,0,0.0,0.0,0,0,BENIGN
80,85400319,10,7,824,11595,409,0,82.4,172.1434802,4344,0,1656.428571,1547.737688,145.4210025,0.199062488,5337519.937,21300000.0,85000000,4,85300000,9473747.667,28300000.0,85000000,4,365678,60946.33333,98686.16082,228974,47,0,0,316,232,0.117095581,0.081966907,0,4344,689.9444444,1221.027025,1490906.997,0,0,0,0,1,0,0,0,0,730.5294118,82.4,1656.428571,316,10,824,7,11595,251,235,3,20,2987.0,0.0,2987,2987,85000000.0,0.0,85000000,85000000,DoS Hulk
53,162,2,2,68,100,34,34,34.0,0.0,50,50,50.0,0.0,1037037.03703704,24691.3580246914,54.0,54.6717477313,111,2,49,49.0,0.0,49,49,2,2.0,0.0,2,2,0,0,64,64,12345.6790123457,12345.6790123457,34,50,40.4,8.7635609201,76.8,0,0,0,0,0,0,0,0,1,50.5,34.0,50.0,64,2,68,2,100,-1,-1,1,32,0.0,0.0,0,0,0.0,0.0,0,0,BENIGN
443,92356470,84,131,4796,125932,937,0,57.0952381,151.4479209,2447,0,961.3129771,672.259612,1415.472029,2.327936527,431572.2897,4111499.923,58000000,1,92300000,1111810.458,6578815.637,58000000,82,92300000,710153.9,5270988.715,58000000,1,1,0,1680,2620,0.909519387,1.41841714,0,2447,605.4351852,691.5296328,478213.233,0,1,0,0,1,0,0,0,1,608.2511628,57.0952381,961.3129771,1680,84,4796,131,125932,258,661,27,20,360307.2,552473.847,1347290,85742,18100000.0,22400000.0,58000000,5924106,BENIGN
80,5273975,3,1,0,0,0,0,0.0,0.0,0,0,0.0,0.0,0.0,0.758441214,1757991.667,3044178.329,5273106,95,5273975,2636987.5,3728034.535,5273106,869,0,0.0,0.0,0,0,0,0,104,40,0.56883091,0.189610303,0,0,0.0,0.0,0.0,0,0,0,1,0,0,0,0,0,0.0,0.0,0.0,104,3,0,1,0,29200,28960,0,32,0.0,0.0,0,0,0.0,0.0,0,0,Web Attack � Brute Force
53159,214,2,1,37,6,37,0,18.5,26.1629509039,6,6,6.0,0.0,200934.579439252,14018.691588785,107.0,36.7695526217,133,81,214,214.0,0.0,214,214,0,0.0,0.0,0,0,1,0,64,20,9345.7943925234,4672.8971962617,0,37,20.0,19.7821468333,391.3333333333,0,1,0,0,1,0,0,0,0,26.6666666667,18.5,6.0,64,2,37,1,6,123,0,0,32,0.0,0.0,0,0,0.0,0.0,0,0,BENIGN
80,115829186,18,15,1846,1136,926,0,102.5555555556,298.4822828957,568,0,75.7333333333,199.8597603559,25.7448066673,0.2849022871,3619662.0625,4854323.50748463,10216772,31,115829186,6813481.52941177,4779265.8386512,10240011,3356,113027488,8073392.0,4249889.53766857,10240156,2511,0,0,584,488,0.1554012475,0.1295010396,0,926,87.7058823529,251.5157118307,63260.1532976827,0,0,0,1,0,0,0,0,0,90.3636363636,102.5555555556,75.7333333333,584,18,1846,15,1136,29200,64,2,32,88085.0,214599.898645829,735128,23232,10187145.8181818,67347.2868107071,10216772,10020356,BENIGN
80,116853219,361,478,9701,832540,409,0,26.8725761773,96.650948988,4344,0,1741.7154811716,723.8152400223,7207.6833416117,7.1799476915,139442.982100239,1108858.65300183,10017114,0,116822246,324506.238888889,1678895.58409372,10048020,1,116822071,244910.002096436,1466854.31987556,10048084,3,0,0,11560,15304,3.0893457886,4.0906019029,0,4344,1002.6678571429,1011.9004532134,1023942.52721352,0,0,0,1,0,0,0,0,1,1003.862932062,26.8725761773,1741.7154811716,11560,361,9701,478,832540,29200,222,26,32,219871.769230769,522742.857609289,1885422,30847,8766454.84615385,1948621.10149792,10017114,5953997,BENIGN
123,36824,1,1,48,48,48,48,48.0,0.0,48,48,48.0,0.0,2606.995438,54.31240495,36824.0,0.0,36824,36824,0,0.0,0.0,0,0,0,0.0,0.0,0,0,0,0,32,32,27.15620248,27.15620248,48,48,48.0,0.0,0.0,0,0,0,0,0,0,0,0,1,72.0,48.0,48.0,32,1,48,1,48,-1,-1,0,32,0.0,0.0,0,0,0.0,0.0,0,0,BENIGN
1301,45,1,1,0,6,0,0,0.0,0.0,6,6,6.0,0.0,133333.3333,44444.44444,45.0,0.0,45,45,0,0.0,0.0,0,0,0,0.0,0.0,0,0,0,0,40,20,22222.22222,22222.22222,0,6,2.0,3.464101615,12.0,0,0,0,1,0,0,0,0,1,3.0,0.0,6.0,40,1,0,1,6,29200,0,0,40,0.0,0.0,0,0,0.0,0.0,0,0,PortScan
51644,49,1,1,6,6,6,6,6.0,0.0,6,6,6.0,0.0,244897.9592,40816.32653,49.0,0.0,49,49,0,0.0,0.0,0,0,0,0.0,0.0,0,0,0,0,20,20,20408.16327,20408.16327,6,6,6.0,0.0,0.0,0,0,0,0,1,1,0,0,1,9.0,6.0,6.0,20,1,6,1,6,237,256,0,20,0.0,0.0,0,0,0.0,0.0,0,0,Bot
80,5247436,3,1,0,0,0,0,0.0,0.0,0,0,0.0,0.0,0.0,0.762277043,1749145.333,3028859.491,5246571,126,5247436,2623718.0,3709274.285,5246571,865,0,0.0,0.0,0,0,0,0,104,40,0.571707783,0.190569261,0,0,0.0,0.0,0.0,0,0,0,1,0,0,0,0,0,0.0,0.0,0.0,104,3,0,1,0,29200,28960,0,32,0.0,0.0,0,0,0.0,0.0,0,0,Web Attack � Brute Force
53,257,2,2,70,182,35,35,35.0,0.0,91,91,91.0,0.0,980544.747081712,15564.2023346303,85.6666666667,146.6469683742,255,1,1,1.0,0.0,1,1,1,1.0,0.0,1,1,0,0,64,64,7782.1011673152,7782.1011673152,35,91,57.4,30.6724632203,940.8,0,0,0,0,0,0,0,0,1,71.75,35.0,91.0,64,2,70,2,182,-1,-1,1,32,0.0,0.0,0,0,0.0,0.0,0,0,BENIGN
2288,49,2,0,4,0,2,2,2.0,0.0,0,0,0.0,0.0,81632.65306,40816.32653,49.0,0.0,49,49,49,49.0,0.0,49,49,0,0.0,0.0,0,0,0,0,48,0,40816.32653,0.0,2,2,2.0,0.0,0.0,0,0,0,1,0,0,0,0,0,3.0,2.0,0.0,48,2,4,0,0,1024,-1,1,24,0.0,0.0,0,0,0.0,0.0,0,0,BENIGN
443,118107483,22,18,1408,3253,821,0,64.0,187.7899029,1481,0,180.7222222,462.2910728,39.46405326,0.338674561,3028397.0,4588917.091,10200000,4,118000000,5624165.857,5007867.314,10200000,4,115000000,6761058.706,4872204.036,10200000,212,0,0,712,584,0.186271009,0.152403553,0,1481,113.6829268,336.2221319,113045.322,0,0,0,1,0,0,0,0,0,116.525,64.0,180.7222222,712,22,1408,18,3253,29200,5555,4,32,254711.3636,719575.4708,2424313,37492,10200000.0,26666.633,10200000,10100000,BENIGN
80,107140,3,5,26,11607,20,0,8.666666667,10.26320288,7300,0,2321.4,3346.363967,108577.5621,74.66865783,15305.71429,40066.82549,106168,3,757,378.5,371.2310601,641,116,107000,26750.0,52946.08691,106168,3,0,0,72,112,28.00074669,46.66791114,0,7300,1292.555556,2662.264877,7087654.278,0,0,0,1,0,0,0,0,1,1454.125,8.666666667,2321.4,72,3,26,5,11607,8192,229,2,20,0.0,0.0,0,0,0.0,0.0,0,0,DDoS
80,10213642,6,7,2278,3007,1460,0,379.6666666667,617.5479468565,1460,0,429.5714285714,689.2038540091,517.4451973155,1.2728074863,851136.833333333,2877142.12173323,9986298,1,10200937,2040187.4,4442647.21959541,9986298,48,10181124,1696854.0,4067664.48553378,9999104,1,0,0,132,152,0.5874496091,0.6853578772,0,1460,377.5,615.0893305979,378334.884615385,0,0,0,1,0,0,0,0,1,406.5384615385,379.6666666667,429.5714285714,132,6,2278,7,3007,8192,64,5,20,214639.0,0.0,214639,214639,9986298.0,0.0,9986298,9986298,BENIGN
80,5419842,3,1,0,0,0,0,0.0,0.0,0,0,0.0,0.0,0.0,0.738028895,1806614.0,3128382.554,5418959,120,5419842,2709921.0,3831158.281,5418959,883,0,0.0,0.0,0,0,0,0,104,40,0.553521671,0.184507224,0,0,0.0,0.0,0.0,0,0,0,1,0,0,0,0,0,0.0,0.0,0.0,104,3,0,1,0,29200,28960,0,32,0.0,0.0,0,0,0.0,0.0,0,0,Web Attack � Brute Force
443,56102447,14,13,879,6544,465,0,62.7857142857,132.7972303763,2840,0,503.3846153846,870.4559665736,132.3115193175,0.4812624305,2157786.42307692,4023775.53620391,9999368,93,56102447,4315572.84615385,4989609.64926178,10220618,380,50924936,4243744.66666667,5220271.92343264,10215874,211,0,0,292,332,0.2495434825,0.231718948,0,2840,265.1071428571,629.6097168109,396408.395502646,0,0,0,1,0,0,0,0,0,274.9259259259,62.7857142857,503.3846153846,292,14,879,13,6544,8192,239,13,20,168596.666666667,60210.8445935337,223745,69475,9181811.16666667,1991665.86093264,9999368,5116345,BENIGN
80,65233,2,0,12,0,6,6,6.0,0.0,0,0,0.0,0.0,183.9559732,30.65932887,65233.0,0.0,65233,65233,65233,65233.0,0.0,65233,65233,0,0.0,0.0,0,0,0,0,40,0,30.65932887,0.0,6,6,6.0,0.0,0.0,0,0,0,0,1,0,0,0,0,9.0,6.0,0.0,40,2,12,0,0,64240,-1,1,20,0.0,0.0,0,0,0.0,0.0,0,0,BENIGN
80,11076415,8,5,539,11632,539,0,67.375,190.5652775,5840,0,2326.4,3185.599598,1098.821234,1.173664945,923034.5833,2167096.496,6073876,3,6077283,868183.2857,2296183.523,6075438,3,11100000,2769092.5,3226735.17,6073876,138,0,0,264,168,0.722255351,0.451409594,0,5840,869.3571429,2100.594041,4412495.324,0,0,0,1,0,0,0,0,0,936.2307692,67.375,2326.4,264,8,539,5,11632,29200,235,1,32,903.0,0.0,903,903,6073876.0,0.0,6073876,6073876,DoS GoldenEye
53,198,2,2,96,180,48,48,48.0,0.0,90,90,90.0,0.0,1393939.394,20202.0202,66.0,108.2543302,191,3,4,4.0,0.0,4,4,3,3.0,0.0,3,3,0,0,40,40,10101.0101,10101.0101,48,90,64.8,23.00434742,529.2,0,0,0,0,0,0,0,0,1,81.0,48.0,90.0,40,2,96,2,180,-1,-1,1,20,0.0,0.0,0,0,0.0,0.0,0,0,BENIGN
80,9059628,8,6,56,11601,20,0,7.0,5.656854249,4380,0,1933.5,1757.789948,1286.697423,1.545317313,696894.4615,1699629.075,6039829,17,7497151,1071021.571,2255008.886,6039829,247,1580922,316184.4,696231.2561,1561561,17,0,0,172,132,0.883038465,0.662278849,0,4380,777.5333333,1434.571657,2057995.838,0,0,0,0,1,0,0,0,0,833.0714286,7.0,1933.5,172,8,56,6,11601,256,229,6,20,1438826.0,0.0,1438826,1438826,6039829.0,0.0,6039829,6039829,DDoS
80,5846876,3,1,0,0,0,0,0.0,0.0,0,0,0.0,0.0,0.0,0.684126019,1948958.667,3375079.696,5846165,135,5846876,2923438.0,4133360.163,5846165,711,0,0.0,0.0,0,0,0,0,104,40,0.513094514,0.171031505,0,0,0.0,0.0,0.0,0,0,0,1,0,0,0,0,0,0.0,0.0,0.0,104,3,0,1,0,29200,28960,0,32,0.0,0.0,0,0,0.0,0.0,0,0,Web Attack � Brute Force
443,355561,5,7,1425,1161,851,0,285.0,383.4064423,960,0,165.8571429,354.309859,7273.013632,33.74948321,32323.72727,51883.02063,112911,2,226452,56613.0,65223.91252,113454,97,242851,40475.16667,56580.56036,113288,2,0,0,112,152,14.06228467,19.68719854,0,960,198.9230769,344.6598472,118790.4103,0,0,0,1,0,0,0,0,1,215.5,285.0,165.8571429,112,5,1425,7,1161,8192,250,4,20,0.0,0.0,0,0,0.0,0.0,0,0,BENIGN
21,9506242,9,15,109,188,26,0,12.11111111,9.93031274,34,0,12.53333333,14.54975045,31.24262984,2.524656957,413314.8696,1083210.18,3603926,3,5861874,732734.25,1360417.134,3154202,4,9506169,679012.0714,1338425.859,3603926,3,0,0,296,488,0.946746359,1.577910598,0,34,11.88,12.74859469,162.5266667,0,0,0,1,0,0,0,0,1,12.375,12.11111111,12.53333333,296,9,109,15,188,29200,227,6,32,0.0,0.0,0,0,0.0,0.0,0,0,FTP-Patator
33778,3,2,0,0,0,0,0,0.0,0.0,0,0,0.0,0.0,0.0,666666.666666667,3.0,0.0,3,3,3,3.0,0.0,3,3,0,0.0,0.0,0,0,0,0,64,0,666666.666666667,0.0,0,0,0.0,0.0,0.0,0,0,0,0,1,0,0,0,0,0.0,0.0,0.0,64,2,0,0,0,613,-1,0,32,0.0,0.0,0,0,0.0,0.0,0,0,BENIGN
52222,2,3,0,18,0,6,6,6.0,0.0,0,0,0.0,0.0,9000000.0,1500000.0,1.0,0.0,1,1,2,1.0,0.0,1,1,0,0.0,0.0,0,0,0,0,60,0,1500000.0,0.0,6,6,6.0,0.0,0.0,1,0,0,0,1,0,0,0,0,8.0,6.0,0.0,60,3,18,0,0,0,-1,2,20,0.0,0.0,0,0,0.0,0.0,0,0,BENIGN
53,249,2,2,68,358,34,34,34.0,0.0,179,179,179.0,0.0,1710843.373,16064.25703,83.0,102.1028893,198,3,3,3.0,0.0,3,3,48,48.0,0.0,48,48,0,0,64,64,8032.128514,8032.128514,34,179,92.0,79.41977084,6307.5,0,0,0,0,0,0,0,0,1,115.0,34.0,179.0,64,2,68,2,358,-1,-1,1,32,0.0,0.0,0,0,0.0,0.0,0,0,BENIGN
80,31192657,5,4,30,0,6,6,6.0,0.0,0,0,0.0,0.0,0.961764815,0.288529445,3899082.125,5066961.709,10000000,15178,31200000,7798164.25,4436315.678,10000000,1143691,30000000,10000000.0,1487.409269,10000000,10000000,0,0,100,128,0.160294136,0.128235309,0,6,3.6,3.098386677,9.6,0,0,0,0,1,0,0,0,0,4.0,6.0,0.0,100,5,30,4,0,251,96,4,20,15204.33333,38.88873016,15249,15178,10000000.0,1509.779233,10000000,9999501,BENIGN
80,5194578,5,5,72,651,72,0,14.4,32.19937888,646,0,130.2,288.349094,139.1835872,1.925084194,577175.3333,1660884.211,5004866,4,189712,47428.0,54663.58847,94828,4,5099807,1274951.75,2487032.853,5004913,4,0,0,168,168,0.962542097,0.962542097,0,646,65.72727273,193.650247,37500.41818,0,0,0,1,0,0,0,0,1,72.3,14.4,130.2,168,5,72,5,651,29200,114,1,32,0.0,0.0,0,0,0.0,0.0,0,0,BENIGN
80,28446,1,1,0,0,0,0,0.0,0.0,0,0,0.0,0.0,0.0,70.308655,28446.0,0.0,28446,28446,0,0.0,0.0,0,0,0,0.0,0.0,0,0,0,0,32,32,35.1543275,35.1543275,0,0,0.0,0.0,0.0,0,0,0,0,1,1,0,0,1,0.0,0.0,0.0,32,1,0,1,0,1467,972,0,32,0.0,0.0,0,0,0.0,0.0,0,0,BENIGN
33899,43,1,1,2,6,2,2,2.0,0.0,6,6,6.0,0.0,186046.5116,46511.62791,43.0,0.0,43,43,0,0.0,0.0,0,0,0,0.0,0.0,0,0,0,0,24,20,23255.81395,23255.81395,2,6,3.333333333,2.309401077,5.333333333,0,0,0,1,0,0,0,0,1,5.0,2.0,6.0,24,1,2,1,6,1024,0,0,24,0.0,0.0,0,0,0.0,0.0,0,0,PortScan
49156,44,1,1,2,6,2,2,2.0,0.0,6,6,6.0,0.0,181818.1818,45454.54545,44.0,0.0,44,44,0,0.0,0.0,0,0,0,0.0,0.0,0,0,0,0,24,20,22727.27273,22727.27273,2,6,3.333333333,2.309401077,5.333333333,0,0,0,1,0,0,0,0,1,5.0,2.0,6.0,24,1,2,1,6,1024,0,0,24,0.0,0.0,0,0,0.0,0.0,0,0,PortScan
1092,43,1,1,2,6,2,2,2.0,0.0,6,6,6.0,0.0,186046.5116,46511.62791,43.0,0.0,43,43,0,0.0,0.0,0,0,0,0.0,0.0,0,0,0,0,24,20,23255.81395,23255.81395,2,6,3.333333333,2.309401077,5.333333333,0,0,0,1,0,0,0,0,1,5.0,2.0,6.0,24,1,2,1,6,1024,0,0,24,0.0,0.0,0,0,0.0,0.0,0,0,PortScan
80,98347820,7,5,308,11595,308,0,44.0,116.4130577,5792,0,2319.0,2423.629716,121.0296273,0.122015923,8940710.909,29600000.0,98300000,1,98300000,16400000.0,40100000.0,98300000,1,56474,14118.5,21902.70591,46222,60,0,0,232,168,0.071175955,0.050839968,0,5792,915.6153846,1816.154891,3298418.59,0,0,0,0,1,0,0,0,0,991.9166667,44.0,2319.0,232,7,308,5,11595,274,235,1,32,3.0,0.0,3,3,98300000.0,0.0,98300000,98300000,DoS Hulk
53,62554,2,2,68,138,34,34,34.0,0.0,69,69,69.0,0.0,3293.154714,63.94475173,20851.33333,36103.4446,62540,3,11,11.0,0.0,11,11,3,3.0,0.0,3,3,0,0,64,64,31.97237587,31.97237587,34,69,48.0,19.17028951,367.5,0,0,0,0,0,0,0,0,1,60.0,34.0,69.0,64,2,68,2,138,-1,-1,1,32,0.0,0.0,0,0,0.0,0.0,0,0,BENIGN
80,382944,3,4,427,2267,427,0,142.3333333,246.5285649,2267,0,566.75,1133.5,7034.971171,18.27943511,63824.0,128090.0063,323698,4,352857,176428.5,208270.5242,323698,29159,353888,117962.6667,203521.9644,352969,4,0,0,72,92,7.83404362,10.44539149,0,2267,336.75,794.1224717,630630.5,0,0,0,1,0,0,0,0,1,384.8571429,142.3333333,566.75,72,3,427,4,2267,8192,237,1,20,0.0,0.0,0,0,0.0,0.0,0,0,BENIGN
46114,65,1,1,0,0,0,0,0.0,0.0,0,0,0.0,0.0,0.0,30769.2307692308,65.0,0.0,65,65,0,0.0,0.0,0,0,0,0.0,0.0,0,0,0,0,32,32,15384.6153846154,15384.6153846154,0,0,0.0,0.0,0.0,0,0,0,0,1,1,0,0,1,0.0,0.0,0.0,32,1,0,1,0,118,361,0,32,0.0,0.0,0,0,0.0,0.0,0,0,BENIGN
80,98239950,7,6,342,11595,342,0,48.85714286,129.2638498,5792,0,1932.5,2181.008184,121.5086123,0.132329058,8186662.5,28300000.0,98200000,1,98200000,16400000.0,40100000.0,98200000,1,75692,15138.4,27002.79179,62396,45,0,0,232,200,0.071254108,0.06107495,0,5792,852.6428571,1667.109133,2779252.863,0,0,0,0,1,0,0,0,0,918.2307692,48.85714286,1932.5,232,7,342,6,11595,274,235,1,32,1010.0,0.0,1010,1010,98200000.0,0.0,98200000,98200000,DoS Hulk
53276,895567,7,2,11607,26,4380,0,1658.142857,2117.853979,20,6,13.0,9.899494937,12989.53624,10.04949937,111945.875,316301.0832,894751,3,895567,149261.1667,365214.0526,894751,3,92,92.0,0.0,92,92,0,0,164,40,7.816277286,2.233222082,0,4380,1163.3,1903.962654,3625073.789,0,0,0,1,0,0,0,0,0,1292.555556,1658.142857,13.0,164,7,11607,2,26,8192,256,5,20,0.0,0.0,0,0,0.0,0.0,0,0,BENIGN
53,48822,1,1,45,190,45,45,45.0,0.0,190,190,190.0,0.0,4813.403793,40.96513867,48822.0,0.0,48822,48822,0,0.0,0.0,0,0,0,0.0,0.0,0,0,0,0,20,20,20.48256933,20.48256933,45,190,93.33333333,83.71578903,7008.333333,0,0,0,0,0,0,0,0,1,140.0,45.0,190.0,20,1,45,1,190,-1,-1,0,20,0.0,0.0,0,0,0.0,0.0,0,0,BENIGN
443,30246204,7,7,832,179,517,0,118.8571429,192.9666885,161,0,25.57142857,59.79369293,33.42568211,0.462868002,2326631.077,4344029.399,10000000,103,20300000,3388845.833,5186438.986,10100000,103,30200000,5027424.333,5448177.58,10100000,629,0,0,152,176,0.231434001,0.231434001,0,517,67.4,141.4702392,20013.82857,0,0,0,1,0,0,0,0,1,72.21428571,118.8571429,25.57142857,152,7,832,7,179,8192,11256,6,20,163514.5,116425.8386,245840,81189,10000000.0,5222.690686,10000000,9999330,BENIGN
6510,57,1,1,2,6,2,2,2.0,0.0,6,6,6.0,0.0,140350.8772,35087.7193,57.0,0.0,57,57,0,0.0,0.0,0,0,0,0.0,0.0,0,0,0,0,24,20,17543.85965,17543.85965,2,6,3.333333333,2.309401077,5.333333333,0,0,0,1,0,0,0,0,1,5.0,2.0,6.0,24,1,2,1,6,1024,0,0,24,0.0,0.0,0,0,0.0,0.0,0,0,PortScan
80,11315055,5,4,530,3525,530,0,106.0,237.0232056,3525,0,881.25,1762.5,358.3720981,0.795400464,1414381.875,2639442.714,6313203,4,6323684,1580921.0,3161458.011,6323108,4,11300000,3771663.667,3331089.422,6313203,576,0,0,168,136,0.441889147,0.353511317,0,3525,405.5,1108.663986,1229135.833,0,0,0,1,0,0,0,0,0,450.5555556,106.0,881.25,168,5,530,4,3525,29200,235,1,32,640.0,0.0,640,640,6313203.0,0.0,6313203,6313203,DoS GoldenEye
80,99842981,15,14,3030,535,1448,0,202.0,507.0435315,529,0,38.21428571,141.2668934,35.70606531,0.290456071,3565820.75,4853664.816,10000000,1,90400000,6459432.857,4988747.884,10000000,1,99800000,7678440.615,4376184.527,10000000,213,0,0,488,444,0.150235899,0.140220172,0,1448,118.8333333,374.515787,140262.0747,0,0,0,1,0,0,0,0,0,122.9310345,202.0,38.21428571,488,15,3030,14,535,29200,7410,3,32,25775.2,8199.256725,49104,22854,9958522.9,200592.8528,10000000,9388067,BENIGN
53,31033,2,2,70,264,35,35,35.0,0.0,132,132,132.0,0.0,10762.73644,128.8950472,10344.33333,17908.25076,31023,3,7,7.0,0.0,7,7,3,3.0,0.0,3,3,0,0,64,64,64.4475236,64.4475236,35,132,73.8,53.12908808,2822.7,0,0,0,0,0,0,0,0,1,92.25,35.0,132.0,64,2,70,2,264,-1,-1,1,32,0.0,0.0,0,0,0.0,0.0,0,0,BENIGN
80,98074610,8,5,56,11601,20,0,7.0,5.656854249,7300,0,2320.2,3022.508098,118.8584895,0.132552146,8172884.167,25200000.0,87600000,1,97700000,14000000.0,32700000.0,87600000,1,433280,108320.0,206297.3562,417600,195,0,0,172,112,0.081570551,0.050981595,0,7300,833.0714286,2033.250541,4134107.764,0,0,0,0,1,0,0,0,0,897.1538462,7.0,2320.2,172,8,56,5,11601,256,229,6,20,3034.0,0.0,3034,3034,48800000.0,54800000.0,87600000,10100000,DDoS
443,298131,1,1,0,6,0,0,0.0,0.0,6,6,6.0,0.0,20.1253811244,6.7084603748,298131.0,0.0,298131,298131,0,0.0,0.0,0,0,0,0.0,0.0,0,0,0,0,40,20,3.3542301874,3.3542301874,0,6,2.0,3.4641016151,12.0,0,0,0,1,0,0,0,0,1,3.0,0.0,6.0,40,1,0,1,6,29200,0,0,40,0.0,0.0,0,0,0.0,0.0,0,0,BENIGN
53,788,2,2,108,230,54,54,54.0,0.0,115,115,115.0,0.0,428934.0102,5076.142132,262.6666667,410.5086276,736,4,48,48.0,0.0,48,48,4,4.0,0.0,4,4,0,0,64,64,2538.071066,2538.071066,54,115,78.4,33.41107601,1116.3,0,0,0,0,0,0,0,0,1,98.0,54.0,115.0,64,2,108,2,230,-1,-1,1,32,0.0,0.0,0,0,0.0,0.0,0,0,BENIGN
43669,27783,15,6,18467,24,2920,0,1231.1333333333,1054.4924890789,6,0,4.0,3.098386677,665550.87643523,755.857898715,1389.15,5018.5730019913,22140,1,27783,1984.5,5964.8957015835,22140,1,22511,4502.2,9953.9197404842,22308,3,0,0,324,144,539.8984990822,215.9593996329,0,2920,840.5,1041.0882470258,1083864.73809524,0,0,0,1,0,0,0,0,0,880.5238095238,1231.1333333333,4.0,324,15,18467,6,24,8192,357,13,20,0.0,0.0,0,0,0.0,0.0,0,0,BENIGN
1098,50,1,1,2,6,2,2,2.0,0.0,6,6,6.0,0.0,160000.0,40000.0,50.0,0.0,50,50,0,0.0,0.0,0,0,0,0.0,0.0,0,0,0,0,24,20,20000.0,20000.0,2,6,3.333333333,2.309401077,5.333333333,0,0,0,1,0,0,0,0,1,5.0,2.0,6.0,24,1,2,1,6,1024,0,0,24,0.0,0.0,0,0,0.0,0.0,0,0,PortScan
80,66261931,6,8,347,11595,329,0,57.83333333,132.8765091,5792,0,1449.375,2046.673464,180.2241471,0.211282705,5097071.615,18300000.0,66100000,1,66100000,13200000.0,29600000.0,66100000,1,66300000,9465966.857,25000000.0,66100000,7,0,0,164,264,0.090549731,0.120732974,0,5792,796.5333333,1619.50199,2622786.695,1,0,0,0,0,0,0,0,1,853.4285714,57.83333333,1449.375,164,6,347,8,11595,0,235,3,20,13003.0,0.0,13003,13003,66100000.0,0.0,66100000,66100000,DoS Hulk
80,118955,3,5,26,11601,20,0,8.666666667,10.26320288,5840,0,2320.2,2436.833027,97742.84393,67.25232231,16993.57143,33751.59716,89805,53,28470,14235.0,19724.03655,28182,288,118902,29725.5,42199.82609,89805,164,0,0,72,112,25.21962087,42.03270144,0,5840,1291.888889,2110.95076,4456113.111,0,0,0,1,0,0,0,0,1,1453.375,8.666666667,2320.2,72,3,26,5,11601,8192,229,2,20,0.0,0.0,0,0,0.0,0.0,0,0,DDoS
80,100169097,6,7,371,11595,371,0,61.83333333,151.4601158,4344,0,1656.428571,1757.579003,119.4580001,0.129780545,8347424.75,28900000.0,100000000,1,100000000,20000000.0,44700000.0,100000000,1,141658,23609.66667,52025.61769,129374,16,0,0,200,232,0.059898713,0.069881832,0,4344,854.7142857,1458.421772,2126994.066,0,0,0,0,1,0,0,0,1,920.4615385,61.83333333,1656.428571,200,6,371,7,11595,251,235,1,32,4.0,0.0,4,4,100000000.0,0.0,100000000,100000000,DoS Hulk
80,727209,3,5,26,11601,20,0,8.666666667,10.26320288,5840,0,2320.2,2658.195854,15988.52599,11.00096396,103887.0,264092.1461,702454,3,24034,12017.0,16990.36174,24031,3,727130,181782.5,347301.2894,702454,158,0,0,72,112,4.125361485,6.875602475,0,5840,1291.888889,2240.544155,5020038.111,0,0,0,1,0,0,0,0,1,1453.375,8.666666667,2320.2,72,3,26,5,11601,8192,229,2,20,0.0,0.0,0,0,0.0,0.0,0,0,DDoS
53,62013,2,2,76,188,38,38,38.0,0.0,94,94,94.0,0.0,4257.171883,64.50260429,20671.0,35758.19569,61961,4,48,48.0,0.0,48,48,4,4.0,0.0,4,4,0,0,40,40,32.25130215,32.25130215,38,94,60.4,30.67246322,940.8,0,0,0,0,0,0,0,0,1,75.5,38.0,94.0,40,2,76,2,188,-1,-1,1,20,0.0,0.0,0,0,0.0,0.0,0,0,BENIGN
53,30680,2,2,62,118,31,31,31.0,0.0,59,59,59.0,0.0,5867.014342,130.3780965,10226.66667,17707.91011,30674,3,3,3.0,0.0,3,3,3,3.0,0.0,3,3,0,0,64,64,65.18904824,65.18904824,31,59,42.2,15.33623161,235.2,0,0,0,0,0,0,0,0,1,52.75,31.0,59.0,64,2,62,2,118,-1,-1,1,32,0.0,0.0,0,0,0.0,0.0,0,0,BENIGN
443,133301,11,6,1569,1828,1333,0,142.6363636364,397.1028261615,1413,0,304.6666666667,554.1500398508,25483.6797923496,127.5309262496,8331.3125,14294.3655972963,36793,3,133301,13330.1,18117.4075435753,40466,3,80936,16187.2,19203.7867411612,37213,3,0,0,364,200,82.5200111027,45.0109151469,0,1413,188.7222222222,437.3688449535,191291.506535948,0,0,0,1,0,0,0,0,0,199.8235294118,142.6363636364,304.6666666667,364,11,1569,6,1828,65535,362,5,32,0.0,0.0,0,0,0.0,0.0,0,0,BENIGN
80,84781764,6,6,308,11595,308,0,51.33333333,125.7404735,5792,0,1932.5,2537.820147,140.3957577,0.141539872,7707433.091,25500000.0,84600000,1,84600000,16900000.0,37800000.0,84600000,1,207746,41549.2,90794.97617,203946,13,0,0,200,200,0.070769936,0.070769936,0,5792,915.6153846,1910.634429,3650523.923,0,0,0,0,1,0,0,0,1,991.9166667,51.33333333,1932.5,200,6,308,6,11595,251,235,1,32,5.0,0.0,5,5,84600000.0,0.0,84600000,84600000,DoS Hulk
57863,3,2,0,0,0,0,0,0.0,0.0,0,0,0.0,0.0,0.0,666666.6667,3.0,0.0,3,3,3,3.0,0.0,3,3,0,0.0,0.0,0,0,0,0,40,0,666666.6667,0.0,0,0,0.0,0.0,0.0,0,0,0,0,1,0,0,0,0,0.0,0.0,0.0,40,2,0,0,0,377,-1,0,20,0.0,0.0,0,0,0.0,0.0,0,0,BENIGN
8082,43,1,1,2,6,2,2,2.0,0.0,6,6,6.0,0.0,186046.5116,46511.62791,43.0,0.0,43,43,0,0.0,0.0,0,0,0,0.0,0.0,0,0,0,0,24,20,23255.81395,23255.81395,2,6,3.333333333,2.309401077,5.333333333,0,0,0,1,0,0,0,0,1,5.0,2.0,6.0,24,1,2,1,6,1024,0,0,24,0.0,0.0,0,0,0.0,0.0,0,0,PortScan
5952,54,1,1,0,6,0,0,0.0,0.0,6,6,6.0,0.0,111111.1111,37037.03704,54.0,0.0,54,54,0,0.0,0.0,0,0,0,0.0,0.0,0,0,0,0,40,20,18518.51852,18518.51852,0,6,2.0,3.464101615,12.0,0,0,0,1,0,0,0,0,1,3.0,0.0,6.0,40,1,0,1,6,29200,0,0,40,0.0,0.0,0,0,0.0,0.0,0,0,PortScan
80,83079233,6,7,393,11595,375,0,65.5,151.651904,7240,0,1656.428571,2566.885263,144.2959879,0.156477131,6923269.417,23900000.0,82900000,1,82900000,16600000.0,37100000.0,82900000,1,83100000,13800000.0,33800000.0,82900000,71,0,0,164,232,0.072220214,0.084256917,0,7240,856.7142857,1933.610152,3738848.22,1,0,0,0,0,0,0,0,1,922.6153846,65.5,1656.428571,164,6,393,7,11595,0,235,3,20,16000.0,0.0,16000,16000,82900000.0,0.0,82900000,82900000,DoS Hulk
80,116021,4,0,24,0,6,6,6.0,0.0,0,0,0.0,0.0,206.8591031,34.47651718,38673.66667,60133.95507,108024,1000,116021,38673.66667,60133.95507,108024,1000,0,0.0,0.0,0,0,0,0,80,0,34.47651718,0.0,6,6,6.0,0.0,0.0,0,0,0,0,1,0,0,0,0,7.5,6.0,0.0,80,4,24,0,0,256,-1,3,20,0.0,0.0,0,0,0.0,0.0,0,0,DDoS
88,37,1,4,6,24,6,6,6.0,0.0,6,6,6.0,0.0,810810.8108,135135.1351,9.25,16.5,34,1,0,0.0,0.0,0,0,3,1.0,0.0,1,1,0,0,20,80,27027.02703,108108.1081,6,6,6.0,0.0,0.0,0,0,0,0,1,1,0,0,4,7.2,6.0,6.0,20,1,6,4,24,256,0,0,20,0.0,0.0,0,0,0.0,0.0,0,0,BENIGN
80,10054498,5,0,30,0,6,6,6.0,0.0,0,0,0.0,0.0,2.983739218,0.49728987,2513624.5,5026843.669,10100000,4,10100000,2513624.5,5026843.669,10100000,4,0,0.0,0.0,0,0,0,0,100,0,0.49728987,0.0,6,6,6.0,0.0,0.0,0,0,0,0,1,0,0,0,0,7.2,6.0,0.0,100,5,30,0,0,256,-1,4,20,608.0,0.0,608,608,10100000.0,0.0,10100000,10100000,DDoS
22,12557138,21,31,2008,2745,640,0,95.61904762,140.0451628,976,0,88.5483871,223.315,378.5098165,4.141070999,246218.3922,663250.0638,2716212,3,9798594,489929.7,859279.489,2358618,234,12600000,418566.3667,827172.0492,2716212,3,0,0,680,1000,1.672355596,2.468715403,0,976,89.67924528,191.0076291,36483.91437,0,0,0,1,0,0,0,0,1,91.40384615,95.61904762,88.5483871,680,21,2008,31,2745,29200,247,16,32,0.0,0.0,0,0,0.0,0.0,0,0,SSH-Patator
80,1407830,2,4,20,11601,20,0,10.0,14.14213562,8760,0,2900.25,4128.319301,8254.547779,4.26187821,281566.0,626490.5215,1402259,17,5379,5379.0,0.0,5379,5379,1407763,469254.3333,808009.8526,1402259,175,0,0,52,92,1.42062607,2.84125214,0,8760,1660.142857,3303.602601,10900000.0,0,0,0,1,0,0,0,0,2,1936.833333,10.0,2900.25,52,2,20,4,11601,8192,229,1,20,0.0,0.0,0,0,0.0,0.0,0,0,DDoS
53,226,2,2,66,386,33,33,33.0,0.0,193,193,193.0,0.0,2000000.0,17699.11504,75.33333333,118.3948197,212,4,10,10.0,0.0,10,10,4,4.0,0.0,4,4,0,0,64,64,8849.557522,8849.557522,33,193,97.0,87.6356092,7680.0,0,0,0,0,0,0,0,0,1,121.25,33.0,193.0,64,2,66,2,386,-1,-1,1,32,0.0,0.0,0,0,0.0,0.0,0,0,BENIGN
80,97491204,8,7,363,11595,357,0,45.375,125.9330179,4344,0,1656.428571,1757.579003,122.6572194,0.153860034,6963657.429,26100000.0,97500000,0,97500000,13900000.0,36800000.0,97500000,0,8906,1484.333333,3251.4372,8117,16,0,0,252,232,0.082058685,0.071801349,0,4344,747.375,1388.792467,1928744.517,0,0,0,0,1,0,0,0,0,797.2,45.375,1656.428571,252,8,363,7,11595,274,235,2,20,4001.0,0.0,4001,4001,97500000.0,0.0,97500000,97500000,DoS Hulk
80,97768973,8,6,56,11601,20,0,7.0,5.656854249,5840,0,1933.5,2189.772933,119.2300547,0.143194713,7520690.231,26400000.0,95400000,10,97600000,13900000.0,35900000.0,95400000,93,131656,26331.2,56255.5805,126906,10,0,0,172,132,0.08182555,0.061369163,0,5840,777.5333333,1633.102694,2667024.41,0,0,0,0,1,0,0,0,0,833.0714286,7.0,1933.5,172,8,56,6,11601,256,229,6,20,2206013.0,0.0,2206013,2206013,95400000.0,0.0,95400000,95400000,DDoS
22,13003283,20,33,2008,2745,640,0,100.4,141.9141327,976,0,83.18181818,217.2857356,365.523076,4.075893757,250063.1346,687179.87,2800293,3,10600000,557399.0,966713.0193,2850582,3,13000000,406348.875,843477.525,2800293,3,0,0,648,1064,1.538073116,2.537820641,0,976,88.01851852,189.5902723,35944.47135,0,0,0,1,0,0,0,0,1,89.67924528,100.4,83.18181818,648,20,2008,33,2745,29200,247,16,32,0.0,0.0,0,0,0.0,0.0,0,0,SSH-Patator
80,1181836,3,5,26,11607,20,0,8.666666667,10.26320288,7215,0,2321.4,3327.769794,9843.159288,6.769128712,168833.7143,446279.7798,1180901,4,733,366.5,449.0128061,684,49,1181792,295448.0,590302.0817,1180901,4,0,0,72,112,2.538423267,4.230705445,0,7215,1292.555556,2650.585648,7025604.278,0,0,0,1,0,0,0,0,1,1454.125,8.666666667,2321.4,72,3,26,5,11607,8192,229,2,20,0.0,0.0,0,0,0.0,0.0,0,0,DDoS
443,15714471,15,13,2017,5685,475,0,134.4666667,187.6641631,1448,0,437.3076923,506.2343635,490.1214937,1.781797173,582017.4444,2137084.75,9998107,4,10400000,743363.5714,2663895.894,9998107,206,15700000,1307475.5,3131906.536,10000000,4,0,0,488,424,0.9545342,0.827262973,0,1448,265.5862069,390.9739229,152860.6084,0,0,0,1,0,0,0,0,0,275.0714286,134.4666667,437.3076923,488,15,2017,13,5685,29200,41,6,32,216933.0,271599.7147,408983,24883,7640300.5,3334441.93,9998107,5282494,BENIGN
53,31310,2,2,74,204,37,37,37.0,0.0,102,102,102.0,0.0,8878.952411,127.754711,10436.66667,18035.28368,31262,0,0,0.0,0.0,0,0,48,48.0,0.0,48,48,0,0,64,80,63.87735548,63.87735548,37,102,63.0,35.60196624,1267.5,0,0,0,0,0,0,0,0,1,78.75,37.0,102.0,64,2,74,2,204,-1,-1,1,32,0.0,0.0,0,0,0.0,0.0,0,0,BENIGN
80,6101850,4,0,24,0,6,6,6.0,0.0,0,0,0.0,0.0,3.933233364,0.655538894,2033950.0,3522043.079,6100855,3,6101850,2033950.0,3522043.079,6100855,3,0,0.0,0.0,0,0,0,0,80,0,0.655538894,0.0,6,6,6.0,0.0,0.0,0,0,0,0,1,0,0,0,0,7.5,6.0,0.0,80,4,24,0,0,256,-1,3,20,995.0,0.0,995,995,6100855.0,0.0,6100855,6100855,DDoS
2160,39,1,1,2,6,2,2,2.0,0.0,6,6,6.0,0.0,205128.2051,51282.05128,39.0,0.0,39,39,0,0.0,0.0,0,0,0,0.0,0.0,0,0,0,0,24,20,25641.02564,25641.02564,2,6,3.333333333,2.309401077,5.333333333,0,0,0,1,0,0,0,0,1,5.0,2.0,6.0,24,1,2,1,6,1024,0,0,24,0.0,0.0,0,0,0.0,0.0,0,0,PortScan
80,115978242,16,14,514,1774,430,0,32.125,106.1105556,1768,0,126.7142857,472.3972299,19.72783826,0.258669208,3999249.724,4871259.457,9993908,64,116000000,7731882.8,4134126.206,10000000,122,110000000,8498499.154,3737075.596,10000000,37209,0,0,332,424,0.137956911,0.120712297,0,1768,73.80645161,323.6456312,104746.4946,0,0,0,1,0,0,0,0,0,76.26666667,32.125,126.7142857,332,16,514,14,1774,8192,946,15,20,50993.45455,47163.66859,193197,36652,9992670.545,3005.316135,9993908,9983946,BENIGN
80,11825407,8,6,357,11632,357,0,44.625,126.2185604,4392,0,1938.666667,2190.718847,1013.834027,1.183891599,909646.6923,2250633.602,6820793,15,6823613,974801.8571,2578290.01,6821814,207,11800000,2365071.4,3301210.671,6820793,15,0,0,264,200,0.676509485,0.507382114,0,4392,799.2666667,1627.703398,2649418.352,0,0,0,1,0,0,0,0,0,856.3571429,44.625,1938.666667,264,8,357,6,11632,29200,235,1,32,894.0,0.0,894,894,6820793.0,0.0,6820793,6820793,DoS GoldenEye
80,48832,2,0,12,0,6,6,6.0,0.0,0,0,0.0,0.0,245.740498,40.95674967,48832.0,0.0,48832,48832,48832,48832.0,0.0,48832,48832,0,0.0,0.0,0,0,0,0,40,0,40.95674967,0.0,6,6,6.0,0.0,0.0,0,0,0,0,1,0,0,0,0,9.0,6.0,0.0,40,2,12,0,0,253,-1,1,20,0.0,0.0,0,0,0.0,0.0,0,0,BENIGN
2366,18,1,1,0,6,0,0,0.0,0.0,6,6,6.0,0.0,333333.3333,111111.1111,18.0,0.0,18,18,0,0.0,0.0,0,0,0,0.0,0.0,0,0,0,0,40,20,55555.55556,55555.55556,0,6,2.0,3.464101615,12.0,0,0,0,1,0,0,0,0,1,3.0,0.0,6.0,40,1,0,1,6,29200,0,0,40,0.0,0.0,0,0,0.0,0.0,0,0,PortScan
80,97008414,8,7,56,11601,20,0,7.0,5.656854249,4380,0,1657.285714,1561.969346,120.1648344,0.154625763,6929172.429,24500000.0,91800000,1,97000000,13900000.0,34400000.0,91800000,1,46009,7668.166667,15394.05909,38722,48,0,0,172,152,0.082467073,0.072158689,0,4380,728.9375,1300.351618,1690914.329,0,0,0,0,1,0,0,0,0,777.5333333,7.0,1657.285714,172,8,56,7,11601,256,229,6,20,2734.0,0.0,2734,2734,48500000.0,61300000.0,91800000,5120179,DDoS
80,5655581,3,1,0,0,0,0,0.0,0.0,0,0,0.0,0.0,0.0,0.707265973,1885193.667,3231555.419,5616605,58,5655581,2827790.5,3943979.289,5616605,38976,0,0.0,0.0,0,0,0,0,104,40,0.53044948,0.176816493,0,0,0.0,0.0,0.0,0,0,0,1,0,0,0,0,0,0.0,0.0,0.0,104,3,0,1,0,29200,28960,0,32,0.0,0.0,0,0,0.0,0.0,0,0,BENIGN
687,83,1,1,2,6,2,2,2.0,0.0,6,6,6.0,0.0,96385.54217,24096.38554,83.0,0.0,83,83,0,0.0,0.0,0,0,0,0.0,0.0,0,0,0,0,24,20,12048.19277,12048.19277,2,6,3.333333333,2.309401077,5.333333333,0,0,0,1,0,0,0,0,1,5.0,2.0,6.0,24,1,2,1,6,1024,0,0,24,0.0,0.0,0,0,0.0,0.0,0,0,PortScan
53,86537,4,2,164,204,41,41,41.0,0.0,102,102,102.0,0.0,4252.516265,69.33450432,17307.4,25055.58268,54846,3,54898,18299.33333,31650.35011,54846,3,4,4.0,0.0,4,4,0,0,104,40,46.22300288,23.11150144,41,102,58.42857143,29.76495222,885.952381,0,0,0,0,0,0,0,0,0,68.16666667,41.0,102.0,104,4,164,2,204,-1,-1,3,20,0.0,0.0,0,0,0.0,0.0,0,0,BENIGN
443,80199693,16,15,3368,8533,782,0,210.5,321.4703718852,1460,0,568.8666666667,617.5543777869,148.3920892316,0.3865351455,2673323.1,8664341.51651031,44986633,25,75218685,5014579.0,11927052.0303351,44986633,141,80149375,5724955.35714286,12219638.5519054,45056545,48,0,0,332,324,0.1995020106,0.1870331349,0,1460,371.90625,508.8387385952,258916.861895161,0,0,0,1,0,0,0,0,0,383.9032258065,210.5,568.8666666667,332,16,3368,15,8533,8192,98,15,20,1842144.0,2953058.21980079,5250535,50165,23224145.0,19034686.8204663,44986633,9675526,BENIGN
80,48265,3,4,26,11601,20,0,8.666666667,10.26320288,8760,0,2900.25,4128.319301,240899.2023,145.0326323,8044.166667,17321.84558,43214,68,4795,2397.5,3182.687622,4648,147,48196,16065.33333,23623.95787,43214,188,0,0,72,92,62.15684243,82.87578991,0,8760,1453.375,3113.952607,9696700.839,0,0,0,1,0,0,0,0,1,1661.0,8.666666667,2900.25,72,3,26,4,11601,8192,229,2,20,0.0,0.0,0,0,0.0,0.0,0,0,DDoS
80,84796139,6,7,371,11595,353,0,61.83333333,142.6722351,4344,0,1656.428571,1760.597234,141.1149156,0.153308867,7066344.917,24400000.0,84600000,5,84700000,16900000.0,37800000.0,84600000,5,84800000,14100000.0,34500000.0,84600000,46,0,0,164,232,0.070757939,0.082550928,0,4344,855.1428571,1459.491158,2130114.44,1,0,0,0,0,0,0,0,1,920.9230769,61.83333333,1656.428571,164,6,371,7,11595,0,235,3,20,11028.0,0.0,11028,11028,84600000.0,0.0,84600000,84600000,DoS Hulk
53,239,2,2,60,344,30,30,30.0,0.0,172,172,172.0,0.0,1690376.569,16736.40167,79.66666667,98.39884823,190,1,1,1.0,0.0,1,1,48,48.0,0.0,48,48,0,0,64,64,8368.200837,8368.200837,30,172,86.8,77.77660317,6049.2,0,0,0,0,0,0,0,0,1,108.5,30.0,172.0,64,2,60,2,344,-1,-1,1,32,0.0,0.0,0,0,0.0,0.0,0,0,BENIGN
80,102124418,8,5,56,11607,20,0,7.0,5.656854249,10135,0,2321.4,4413.201989,114.2038332,0.127295707,8510368.167,26600000.0,92800000,1,101000000,14400000.0,34700000.0,92800000,1,1358027,339506.75,677477.1873,1355722,190,0,0,172,112,0.07833582,0.048959887,0,10135,833.5,2705.044255,7317264.423,0,0,0,0,1,0,0,0,0,897.6153846,7.0,2321.4,172,8,56,5,11607,256,229,6,20,5.0,0.0,5,5,50400000.0,59900000.0,92800000,7997806,DDoS
53,49572,1,1,45,204,45,45,45.0,0.0,204,204,204.0,0.0,5022.996853,40.34535625,49572.0,0.0,49572,49572,0,0.0,0.0,0,0,0,0.0,0.0,0,0,0,0,32,40,20.17267812,20.17267812,45,204,98.0,91.7986928,8427.0,0,0,0,0,0,0,0,0,1,147.0,45.0,204.0,32,1,45,1,204,-1,-1,0,32,0.0,0.0,0,0,0.0,0.0,0,0,BENIGN
21,10090466,9,15,110,188,25,0,12.22222222,9.984710534,34,0,12.53333333,14.54975045,29.53282832,2.378482817,438715.913,1144721.594,3709791,3,6792752,849094.0,1579389.023,3752673,222,10100000,720743.3571,1413749.475,3709791,3,0,0,296,488,0.891931057,1.486551761,0,34,11.92,12.76362018,162.91,0,0,0,1,0,0,0,0,1,12.41666667,12.22222222,12.53333333,296,9,110,15,188,29200,227,6,32,0.0,0.0,0,0,0.0,0.0,0,0,FTP-Patator
80,80353545,8,5,56,11607,20,0,7.0,5.656854249,7300,0,2321.4,3346.363967,145.1460542,0.161785021,6696128.75,20700000.0,72200000,0,80300000,11500000.0,26900000.0,72200000,0,80452,20113.0,39488.84643,79343,10,0,0,172,112,0.099560013,0.062225008,0,7300,833.5,2184.061804,4770125.962,0,0,0,0,1,0,0,0,0,897.6153846,7.0,2321.4,172,8,56,5,11607,256,229,6,20,13.0,0.0,13,13,40100000.0,45300000.0,72200000,8105779,DDoS
80,19690217,42,41,1884,50244,797,0,44.85714286,139.8276939,1649,0,1225.463415,543.4608126,2647.40607,4.215291279,240124.5976,1236353.33,10000000,8,14900000,362832.4878,1581604.299,10000000,71,19500000,487242.075,1785396.005,10200000,49,0,0,860,832,2.13303896,2.082252318,0,1649,620.5714286,710.7026607,505098.2719,0,0,0,1,0,0,0,0,0,628.0481928,44.85714286,1225.463415,860,42,1884,41,50244,29200,152,41,20,4675970.0,0.0,4675970,4675970,10000000.0,0.0,10000000,10000000,BENIGN
53,150,2,2,68,100,34,34,34.0,0.0,50,50,50.0,0.0,1120000.0,26666.66667,50.0,81.40638796,144,3,3,3.0,0.0,3,3,3,3.0,0.0,3,3,0,0,40,40,13333.33333,13333.33333,34,50,40.4,8.76356092,76.8,0,0,0,0,0,0,0,0,1,50.5,34.0,50.0,40,2,68,2,100,-1,-1,1,20,0.0,0.0,0,0,0.0,0.0,0,0,BENIGN
53872,55,1,1,0,0,0,0,0.0,0.0,0,0,0.0,0.0,0.0,36363.6363636364,55.0,0.0,55,55,0,0.0,0.0,0,0,0,0.0,0.0,0,0,0,0,32,32,18181.8181818182,18181.8181818182,0,0,0.0,0.0,0.0,0,0,0,0,1,1,0,0,1,0.0,0.0,0.0,32,1,0,1,0,118,432,0,32,0.0,0.0,0,0,0.0,0.0,0,0,BENIGN
443,383453,10,8,557,4159,200,0,55.7,72.5825966285,1430,0,519.875,633.5398143989,12298.7693407015,46.9418677126,22556.0588235294,36184.8317556379,127591,0,383453,42605.8888888889,40969.5036870245,127591,2,245416,35059.4285714286,67435.1087067094,177374,0,0,0,212,172,26.0788153959,20.8630523167,0,1430,248.2105263158,464.2584982705,215535.953216374,0,0,0,1,0,0,0,0,0,262.0,55.7,519.875,212,10,557,8,4159,8192,172,9,20,0.0,0.0,0,0,0.0,0.0,0,0,BENIGN
53,175520,2,2,84,192,42,42,42.0,0.0,96,96,96.0,0.0,1572.470374,22.78942571,58506.66667,101331.3231,175514,3,3,3.0,0.0,3,3,3,3.0,0.0,3,3,0,0,40,40,11.39471285,11.39471285,42,96,63.6,29.57701811,874.8,0,0,0,0,0,0,0,0,1,79.5,42.0,96.0,40,2,84,2,192,-1,-1,1,20,0.0,0.0,0,0,0.0,0.0,0,0,BENIGN
80,101010660,7,7,738,11595,360,0,105.4285714,173.9260927,5792,0,1656.428571,2120.732252,122.0960243,0.138599233,7770050.769,27900000.0,101000000,1,101000000,16800000.0,41100000.0,101000000,1,101000000,16800000.0,41100000.0,101000000,46,0,0,196,232,0.069299616,0.069299616,0,5792,822.6,1610.248508,2592900.257,1,0,0,0,0,0,0,0,1,881.3571429,105.4285714,1656.428571,196,7,738,7,11595,0,235,4,20,14014.0,0.0,14014,14014,101000000.0,0.0,101000000,101000000,DoS Hulk
80,1206428,3,5,26,11601,20,0,8.666666667,10.26320288,5840,0,2320.2,2436.833027,9637.541569,6.631145829,172346.8571,452850.9279,1199305,94,6196,3098.0,4122.432534,6013,183,1206319,301579.75,598489.6998,1199305,182,0,0,72,112,2.486679686,4.144466143,0,5840,1291.888889,2110.95076,4456113.111,0,0,0,1,0,0,0,0,1,1453.375,8.666666667,2320.2,72,3,26,5,11601,8192,229,2,20,0.0,0.0,0,0,0.0,0.0,0,0,DDoS
53,312,2,2,66,276,33,33,33.0,0.0,138,138,138.0,0.0,1096153.846,12820.51282,104.0,96.99484522,216,48,48,48.0,0.0,48,48,48,48.0,0.0,48,48,0,0,64,64,6410.25641,6410.25641,33,138,75.0,57.51086854,3307.5,0,0,0,0,0,0,0,0,1,93.75,33.0,138.0,64,2,66,2,276,-1,-1,1,32,0.0,0.0,0,0,0.0,0.0,0,0,BENIGN
80,78439274,8,4,56,11601,20,0,7.0,5.656854249,7215,0,2900.25,3540.00286,148.6117783,0.152984588,7130843.091,21700000.0,72500000,49,78400000,11200000.0,27100000.0,72500000,49,91233,30411.0,38588.43463,73868,157,0,0,172,92,0.101989725,0.050994863,0,7215,897.1538462,2250.514898,5064817.308,0,0,0,0,1,0,0,0,0,971.9166667,7.0,2900.25,172,8,56,4,11601,256,229,6,20,2976.0,0.0,2976,2976,39200000.0,47100000.0,72500000,5891861,DDoS
61564,222,2,1,37,6,37,0,18.5,26.1629509039,6,6,6.0,0.0,193693.693693694,13513.5135135135,111.0,22.627416998,127,95,222,222.0,0.0,222,222,0,0.0,0.0,0,0,1,0,64,20,9009.009009009,4504.5045045045,0,37,20.0,19.7821468333,391.3333333333,0,1,0,0,1,0,0,0,0,26.6666666667,18.5,6.0,64,2,37,1,6,972,0,0,32,0.0,0.0,0,0,0.0,0.0,0,0,BENIGN
443,20714658,11,9,730,5634,372,0,66.36363636,119.2336133,1821,0,626.0,751.215515,307.2220647,0.965499889,1090245.158,3145613.57,10100000,17,20700000,2071465.8,4195152.568,10100000,106,20300000,2536658.375,4649291.577,10100000,49,0,0,232,216,0.531024939,0.43447495,0,1821,303.047619,561.4044421,315174.9476,0,0,0,1,0,0,0,0,0,318.2,66.36363636,626.0,232,11,730,9,5634,8192,245,10,20,133641.5,147967.0437,238270,29013,10000000.0,81284.75292,10100000,9955542,BENIGN
53,115158,4,2,156,202,39,39,39.0,0.0,101,101,101.0,0.0,3108.772295,52.10232897,23031.6,31772.71739,63086,3,52069,17356.33333,30055.98899,52062,3,3,3.0,0.0,3,3,0,0,128,64,34.73488598,17.36744299,39,101,56.71428571,30.25290226,915.2380952,0,0,0,0,0,0,0,0,0,66.16666667,39.0,101.0,128,4,156,2,202,-1,-1,3,32,0.0,0.0,0,0,0.0,0.0,0,0,BENIGN
443,186,2,0,31,0,31,0,15.5,21.92031022,0,0,0.0,0.0,166666.6667,10752.68817,186.0,0.0,186,186,186,186.0,0.0,186,186,0,0.0,0.0,0,0,1,0,64,0,10752.68817,0.0,0,31,20.66666667,17.89785834,320.3333333,0,1,0,0,1,0,0,0,0,31.0,15.5,0.0,64,2,31,0,0,252,-1,0,32,0.0,0.0,0,0,0.0,0.0,0,0,BENIGN
80,98897747,6,6,333,11595,333,0,55.5,135.9466807,4344,0,1932.5,1754.831473,120.609421,0.121337446,8990704.273,29800000.0,98900000,1,98900000,19800000.0,44200000.0,98900000,1,28489,5697.8,7987.900175,17199,16,0,0,200,200,0.060668723,0.060668723,0,4344,917.5384615,1499.194095,2247582.936,0,0,0,0,1,0,0,0,1,994.0,55.5,1932.5,200,6,333,6,11595,251,235,1,32,5.0,0.0,5,5,98900000.0,0.0,98900000,98900000,DoS Hulk
53,48595,2,2,70,286,35,35,35.0,0.0,143,143,143.0,0.0,7325.85657,82.31299516,16198.33333,28052.87225,48591,1,1,1.0,0.0,1,1,3,3.0,0.0,3,3,0,0,64,64,41.15649758,41.15649758,35,143,78.2,59.15403621,3499.2,0,0,0,0,0,0,0,0,1,97.75,35.0,143.0,64,2,70,2,286,-1,-1,1,32,0.0,0.0,0,0,0.0,0.0,0,0,BENIGN
1058,38,1,1,2,6,2,2,2.0,0.0,6,6,6.0,0.0,210526.3158,52631.57895,38.0,0.0,38,38,0,0.0,0.0,0,0,0,0.0,0.0,0,0,0,0,24,20,26315.78947,26315.78947,2,6,3.333333333,2.309401077,5.333333333,0,0,0,1,0,0,0,0,1,5.0,2.0,6.0,24,1,2,1,6,1024,0,0,24,0.0,0.0,0,0,0.0,0.0,0,0,PortScan
443,188408,7,5,376,3508,201,0,53.71428571,78.68653906,1460,0,701.6,731.5646246,20614.83589,63.69156299,17128.0,33497.80572,84712,48,188408,31401.33333,42818.27302,88151,196,88923,22230.75,42130.16521,85388,48,0,0,152,112,37.15341174,26.53815125,0,1460,298.7692308,539.9757948,291573.859,0,0,0,1,0,0,0,0,0,323.6666667,53.71428571,701.6,152,7,376,5,3508,8192,60,6,20,0.0,0.0,0,0,0.0,0.0,0,0,BENIGN
123,68077714,2,2,96,96,48,48,48.0,0.0,48,48,48.0,0.0,2.8203062165,0.0587563795,22692571.3333333,39170887.3117236,67923216,76992,68000208,68000208.0,0.0,68000208,68000208,68000722,68000722.0,0.0,68000722,68000722,0,0,52,52,0.0293781898,0.0293781898,48,48,48.0,0.0,0.0,0,0,0,0,0,0,0,0,1,60.0,48.0,48.0,52,2,96,2,96,-1,-1,1,20,76992.0,0.0,76992,76992,67923216.0,0.0,67923216,67923216,BENIGN
53,77596,1,1,51,79,51,51,51.0,0.0,79,79,79.0,0.0,1675.34409,25.77452446,77596.0,0.0,77596,77596,0,0.0,0.0,0,0,0,0.0,0.0,0,0,0,0,20,32,12.88726223,12.88726223,51,79,60.33333333,16.16580754,261.3333333,0,0,0,0,0,0,0,0,1,90.5,51.0,79.0,20,1,51,1,79,-1,-1,0,20,0.0,0.0,0,0,0.0,0.0,0,0,BENIGN
53,51621,2,2,76,204,38,38,38.0,0.0,102,102,102.0,0.0,5424.149087,77.48784409,17207.0,29799.06816,51616,1,1,1.0,0.0,1,1,4,4.0,0.0,4,4,0,0,64,64,38.74392205,38.74392205,38,102,63.6,35.05424368,1228.8,0,0,0,0,0,0,0,0,1,79.5,38.0,102.0,64,2,76,2,204,-1,-1,1,32,0.0,0.0,0,0,0.0,0.0,0,0,BENIGN
80,975,5,0,6,0,6,0,1.2,2.683281573,0,0,0.0,0.0,6153.846154,5128.205128,243.75,482.8342538,968,1,975,243.75,482.8342538,968,1,0,0.0,0.0,0,0,0,0,148,0,5128.205128,0.0,0,6,1.0,2.449489743,6.0,0,0,0,0,1,0,0,0,0,1.2,1.2,0.0,148,5,6,0,0,251,-1,1,20,0.0,0.0,0,0,0.0,0.0,0,0,DoS Hulk
80,99165865,7,7,354,11595,354,0,50.57142857,133.7994234,4344,0,1656.428571,1547.737688,120.4950917,0.141177612,7628143.462,27400000.0,98900000,1,98900000,16500000.0,40400000.0,98900000,1,229607,38267.83333,88236.78179,218161,16,0,0,232,232,0.070588806,0.070588806,0,4344,796.6,1314.37067,1727570.257,0,0,0,0,1,0,0,0,1,853.5,50.57142857,1656.428571,232,7,354,7,11595,274,235,1,32,1008.0,0.0,1008,1008,98900000.0,0.0,98900000,98900000,DoS Hulk
80,43135,2,6,20,11601,20,0,10.0,14.14213562,4380,0,1933.5,1757.789948,269409.9919,185.4642402,6162.142857,11201.76429,28903,10,13536,13536.0,0.0,13536,13536,43125,8625.0,12728.71307,28903,14,0,0,52,132,46.36606004,139.0981801,0,4380,1291.222222,1690.960066,2859345.944,0,0,0,1,0,0,0,0,3,1452.625,10.0,1933.5,52,2,20,6,11601,8192,229,1,20,0.0,0.0,0,0,0.0,0.0,0,0,DDoS
18365,1530,2,0,12,0,6,6,6.0,0.0,0,0,0.0,0.0,7843.137255,1307.189542,1530.0,0.0,1530,1530,1530,1530.0,0.0,1530,1530,0,0.0,0.0,0,0,0,0,40,0,1307.189542,0.0,6,6,6.0,0.0,0.0,0,0,0,0,1,0,0,0,0,9.0,6.0,0.0,40,2,12,0,0,35040,-1,1,20,0.0,0.0,0,0,0.0,0.0,0,0,BENIGN
53,50276,1,1,52,80,52,52,52.0,0.0,80,80,80.0,0.0,2625.5072,39.78041213,50276.0,0.0,50276,50276,0,0.0,0.0,0,0,0,0.0,0.0,0,0,0,0,32,32,19.89020606,19.89020606,52,80,61.33333333,16.16580754,261.3333333,0,0,0,0,0,0,0,0,1,92.0,52.0,80.0,32,1,52,1,80,-1,-1,0,32,0.0,0.0,0,0,0.0,0.0,0,0,BENIGN
80,1712889,2,5,20,11601,20,0,10.0,14.14213562,5840,0,2320.2,2436.833027,6784.444293,4.086662942,285481.5,693802.5511,1701675,139,10694,10694.0,0.0,10694,10694,1712687,428171.75,849016.4322,1701675,189,0,0,52,112,1.167617983,2.919044959,0,5840,1452.625,2197.033906,4826957.982,0,0,0,1,0,0,0,0,2,1660.142857,10.0,2320.2,52,2,20,5,11601,8192,229,1,20,0.0,0.0,0,0,0.0,0.0,0,0,DDoS
53,264,2,2,70,350,35,35,35.0,0.0,175,175,175.0,0.0,1590909.091,15151.51515,88.0,141.2692465,251,1,12,12.0,0.0,12,12,1,1.0,0.0,1,1,0,0,40,40,7575.757576,7575.757576,35,175,91.0,76.68115805,5880.0,0,0,0,0,0,0,0,0,1,113.75,35.0,175.0,40,2,70,2,350,-1,-1,1,20,0.0,0.0,0,0,0.0,0.0,0,0,BENIGN
53,30957,1,1,47,63,47,47,47.0,0.0,63,63,63.0,0.0,3553.31589,64.60574345,30957.0,0.0,30957,30957,0,0.0,0.0,0,0,0,0.0,0.0,0,0,0,0,32,32,32.30287173,32.30287173,47,63,52.33333333,9.237604307,85.33333333,0,0,0,0,0,0,0,0,1,78.5,47.0,63.0,32,1,47,1,63,-1,-1,0,32,0.0,0.0,0,0,0.0,0.0,0,0,BENIGN
443,187474,7,5,376,3508,201,0,53.71428571,78.68653906,1460,0,701.6,731.5646246,20717.5395,64.0088759,17043.09091,33823.76094,85345,49,187474,31245.66667,43543.47905,89281,519,89908,22477.0,42435.75521,86083,49,0,0,152,112,37.33851094,26.67036496,0,1460,298.7692308,539.9757948,291573.859,0,0,0,1,0,0,0,0,0,323.6666667,53.71428571,701.6,152,7,376,5,3508,8192,60,6,20,0.0,0.0,0,0,0.0,0.0,0,0,BENIGN
443,5262933,8,11,818,7202,472,0,102.25,166.295563,1460,0,654.7272727,668.2433824,1523.865115,3.610154262,292385.1667,1127010.253,4803861,3,459069,65581.28571,82104.45697,221140,500,5238670,523867.0,1573163.098,4999439,3,0,0,172,228,1.520064952,2.09008931,0,1460,401.0,573.1738966,328528.3158,0,0,0,1,0,0,0,0,1,422.1052632,102.25,654.7272727,172,8,818,11,7202,8192,25,7,20,0.0,0.0,0,0,0.0,0.0,0,0,BENIGN
56362,144,2,0,0,0,0,0,0.0,0.0,0,0,0.0,0.0,0.0,13888.88889,144.0,0.0,144,144,144,144.0,0.0,144,144,0,0.0,0.0,0,0,0,0,40,0,13888.88889,0.0,0,0,0.0,0.0,0.0,0,0,0,0,1,0,0,0,0,0.0,0.0,0.0,40,2,0,0,0,10227,-1,0,20,0.0,0.0,0,0,0.0,0.0,0,0,BENIGN
53,47194,2,2,80,494,40,40,40.0,0.0,247,247,247.0,0.0,12162.56304,84.75653685,15731.33333,27231.01413,47175,9,9,9.0,0.0,9,9,10,10.0,0.0,10,10,0,0,40,40,42.37826842,42.37826842,40,247,122.8,113.3785694,12854.7,0,0,0,0,0,0,0,0,1,153.5,40.0,247.0,40,2,80,2,494,-1,-1,1,20,0.0,0.0,0,0,0.0,0.0,0,0,BENIGN
1147,44,1,1,0,6,0,0,0.0,0.0,6,6,6.0,0.0,136363.6364,45454.54545,44.0,0.0,44,44,0,0.0,0.0,0,0,0,0.0,0.0,0,0,0,0,40,20,22727.27273,22727.27273,0,6,2.0,3.464101615,12.0,0,0,0,1,0,0,0,0,1,3.0,0.0,6.0,40,1,0,1,6,29200,0,0,40,0.0,0.0,0,0,0.0,0.0,0,0,PortScan
443,1642,3,0,0,0,0,0,0.0,0.0,0,0,0.0,0.0,0.0,1827.040195,821.0,1156.826694,1639,3,1642,821.0,1156.826694,1639,3,0,0.0,0.0,0,0,0,0,60,0,1827.040195,0.0,0,0,0.0,0.0,0.0,0,0,0,0,1,0,0,0,0,0.0,0.0,0.0,60,3,0,0,0,32846,-1,0,20,0.0,0.0,0,0,0.0,0.0,0,0,BENIGN
56596,12235,4,2,107,6,69,0,26.75,33.38038346,6,0,3.0,4.242640687,9235.798937,490.3964038,2447.0,4741.643755,10893,24,12235,4078.333333,5942.777325,10917,168,11124,11124.0,0.0,11124,11124,1,0,128,64,326.9309358,163.4654679,0,69,26.0,32.32645975,1045.0,0,1,0,0,1,0,0,0,0,30.33333333,26.75,3.0,128,4,107,2,6,340,0,1,32,0.0,0.0,0,0,0.0,0.0,0,0,BENIGN
1971,93,1,1,2,6,2,2,2.0,0.0,6,6,6.0,0.0,86021.50538,21505.37634,93.0,0.0,93,93,0,0.0,0.0,0,0,0,0.0,0.0,0,0,0,0,24,20,10752.68817,10752.68817,2,6,3.333333333,2.309401077,5.333333333,0,0,0,1,0,0,0,0,1,5.0,2.0,6.0,24,1,2,1,6,1024,0,0,24,0.0,0.0,0,0,0.0,0.0,0,0,PortScan
80,86740851,6,6,321,11595,321,0,53.5,131.0477012,4344,0,1932.5,1754.831473,137.3747186,0.13834312,7885531.909,26100000.0,86500000,3,86500000,17300000.0,38700000.0,86500000,3,207294,41458.8,89561.54917,201618,15,0,0,200,200,0.06917156,0.06917156,0,4344,916.6153846,1499.58764,2248763.09,0,0,0,0,1,0,0,0,1,993.0,53.5,1932.5,200,6,321,6,11595,274,235,1,32,1003.0,0.0,1003,1003,86500000.0,0.0,86500000,86500000,DoS Hulk
80,5755424,3,1,0,0,0,0,0.0,0.0,0,0,0.0,0.0,0.0,0.694996581,1918474.667,3302530.012,5731884,90,5755424,2877712.0,4036408.752,5731884,23540,0,0.0,0.0,0,0,0,0,104,40,0.521247435,0.173749145,0,0,0.0,0.0,0.0,0,0,0,1,0,0,0,0,0,0.0,0.0,0.0,104,3,0,1,0,29200,28960,0,32,0.0,0.0,0,0,0.0,0.0,0,0,BENIGN
53,227,2,2,82,212,41,41,41.0,0.0,106,106,106.0,0.0,1295154.185,17621.14537,75.66666667,127.5983281,223,1,1,1.0,0.0,1,1,3,3.0,0.0,3,3,0,0,80,80,8810.572687,8810.572687,41,106,67.0,35.60196624,1267.5,0,0,0,0,0,0,0,0,1,83.75,41.0,106.0,80,2,82,2,212,-1,-1,1,40,0.0,0.0,0,0,0.0,0.0,0,0,BENIGN
548,59,1,1,2,6,2,2,2.0,0.0,6,6,6.0,0.0,135593.2203,33898.30508,59.0,0.0,59,59,0,0.0,0.0,0,0,0,0.0,0.0,0,0,0,0,24,20,16949.15254,16949.15254,2,6,3.333333333,2.309401077,5.333333333,0,0,0,1,0,0,0,0,1,5.0,2.0,6.0,24,1,2,1,6,1024,0,0,24,0.0,0.0,0,0,0.0,0.0,0,0,PortScan
443,6541031,10,7,710,5460,517,0,71.0,164.6828602,1448,0,780.0,687.2699615,943.2763734,2.598978663,408814.4375,1601410.26,6413938,6,6541031,726781.2222,2132778.681,6413938,57,66990,11165.0,15372.7753,33379,48,0,0,328,232,1.528810978,1.070167685,0,1448,342.7777778,556.9029439,310140.8889,0,0,0,1,0,0,0,0,0,362.9411765,71.0,780.0,328,10,710,7,5460,29200,33,3,32,127036.0,0.0,127036,127036,6413938.0,0.0,6413938,6413938,BENIGN
80,4236899,5,0,30,0,6,6,6.0,0.0,0,0,0.0,0.0,7.080650259,1.180108376,1059224.75,2117866.84,4236025,148,4236899,1059224.75,2117866.84,4236025,148,0,0.0,0.0,0,0,0,0,100,0,1.180108376,0.0,6,6,6.0,0.0,0.0,0,0,0,0,1,0,0,0,0,7.2,6.0,0.0,100,5,30,0,0,256,-1,4,20,0.0,0.0,0,0,0.0,0.0,0,0,DDoS
4343,11,1,1,2,6,2,2,2.0,0.0,6,6,6.0,0.0,727272.7273,181818.1818,11.0,0.0,11,11,0,0.0,0.0,0,0,0,0.0,0.0,0,0,0,0,24,20,90909.09091,90909.09091,2,6,3.333333333,2.309401077,5.333333333,0,0,0,1,0,0,0,0,1,5.0,2.0,6.0,24,1,2,1,6,1024,0,0,24,0.0,0.0,0,0,0.0,0.0,0,0,PortScan
53,24164,1,1,95,177,95,95,95.0,0.0,177,177,177.0,0.0,11256.4145,82.76775368,24164.0,0.0,24164,24164,0,0.0,0.0,0,0,0,0.0,0.0,0,0,0,0,32,20,41.38387684,41.38387684,95,177,122.3333333,47.34272207,2241.333333,0,0,0,0,0,0,0,0,1,183.5,95.0,177.0,32,1,95,1,177,-1,-1,0,32,0.0,0.0,0,0,0.0,0.0,0,0,BENIGN
22,107,1,1,0,0,0,0,0.0,0.0,0,0,0.0,0.0,0.0,18691.58879,107.0,0.0,107,107,0,0.0,0.0,0,0,0,0.0,0.0,0,0,0,0,32,32,9345.794393,9345.794393,0,0,0.0,0.0,0.0,0,0,0,0,1,1,0,0,1,0.0,0.0,0.0,32,1,0,1,0,259,247,0,32,0.0,0.0,0,0,0.0,0.0,0,0,SSH-Patator
80,96514104,7,7,700,11595,350,0,100.0,170.7825128,5792,0,1656.428571,1947.638216,127.3907076,0.145056519,7424161.846,26700000.0,96200000,45,96400000,16100000.0,39200000.0,96200000,49,354516,59086.0,94615.70771,215988,45,0,0,232,232,0.07252826,0.07252826,0,5792,819.6666667,1515.002483,2295232.524,0,0,0,0,1,0,0,0,1,878.2142857,100.0,1656.428571,232,7,700,7,11595,251,235,2,32,497.0,0.0,497,497,96200000.0,0.0,96200000,96200000,DoS Hulk
53,62411,2,2,56,186,28,28,28.0,0.0,93,93,93.0,0.0,3877.521591,64.09126596,20803.66667,35955.08874,62321,4,4,4.0,0.0,4,4,86,86.0,0.0,86,86,0,0,40,40,32.04563298,32.04563298,28,93,54.0,35.60196624,1267.5,0,0,0,0,0,0,0,0,1,67.5,28.0,93.0,40,2,56,2,186,-1,-1,1,20,0.0,0.0,0,0,0.0,0.0,0,0,BENIGN
57817,45,2,0,12,0,6,6,6.0,0.0,0,0,0.0,0.0,266666.6667,44444.44444,45.0,0.0,45,45,45,45.0,0.0,45,45,0,0.0,0.0,0,0,0,0,40,0,44444.44444,0.0,6,6,6.0,0.0,0.0,0,0,0,0,1,0,0,0,0,9.0,6.0,0.0,40,2,12,0,0,32,-1,1,20,0.0,0.0,0,0,0.0,0.0,0,0,BENIGN
53,31037,2,2,88,472,44,44,44.0,0.0,236,236,236.0,0.0,18042.9809582112,128.8784354158,10345.6666666667,17914.0241524157,31031,3,3,3.0,0.0,3,3,3,3.0,0.0,3,3,0,0,64,64,64.4392177079,64.4392177079,44,236,120.8,105.162731041,11059.2,0,0,0,0,0,0,0,0,1,151.0,44.0,236.0,64,2,88,2,472,-1,-1,1,32,0.0,0.0,0,0,0.0,0.0,0,0,BENIGN
443,19818,2,0,0,0,0,0,0.0,0.0,0,0,0.0,0.0,0.0,100.918357,19818.0,0.0,19818,19818,19818,19818.0,0.0,19818,19818,0,0.0,0.0,0,0,0,0,40,0,100.918357,0.0,0,0,0.0,0.0,0.0,0,0,0,0,1,0,0,0,0,0.0,0.0,0.0,40,2,0,0,0,252,-1,0,20,0.0,0.0,0,0,0.0,0.0,0,0,BENIGN
53,30758,2,2,76,188,38,38,38.0,0.0,94,94,94.0,0.0,8583.132843,130.0474673,10252.66667,17752.07741,30751,3,3,3.0,0.0,3,3,4,4.0,0.0,4,4,0,0,64,40,65.02373366,65.02373366,38,94,60.4,30.67246322,940.8,0,0,0,0,0,0,0,0,1,75.5,38.0,94.0,64,2,76,2,188,-1,-1,1,32,0.0,0.0,0,0,0.0,0.0,0,0,BENIGN
80,97602889,9,6,62,11601,20,0,6.888888889,5.30199124,4380,0,1933.5,1998.0254,119.4944137,0.153683975,6971634.929,23500000.0,88300000,1,97600000,12200000.0,30900000.0,88300000,1,18594,3718.8,5459.287289,12530,53,0,0,192,132,0.092210385,0.06147359,0,4380,729.3125,1502.917195,2258760.096,0,0,0,0,1,0,0,0,0,777.9333333,6.888888889,1933.5,192,9,62,6,11601,256,229,7,20,1002.0,0.0,1002,1002,48800000.0,55900000.0,88300000,9251721,DDoS
6123,71,1,1,0,6,0,0,0.0,0.0,6,6,6.0,0.0,84507.04225,28169.01408,71.0,0.0,71,71,0,0.0,0.0,0,0,0,0.0,0.0,0,0,0,0,40,20,14084.50704,14084.50704,0,6,2.0,3.464101615,12.0,0,0,0,1,0,0,0,0,1,3.0,0.0,6.0,40,1,0,1,6,29200,0,0,40,0.0,0.0,0,0,0.0,0.0,0,0,PortScan
80,10046748,5,0,30,0,6,6,6.0,0.0,0,0,0.0,0.0,2.986040856,0.497673476,2511687.0,5022715.345,10000000,1,10000000,2511687.0,5022715.345,10000000,1,0,0.0,0.0,0,0,0,0,100,0,0.497673476,0.0,6,6,6.0,0.0,0.0,0,0,0,0,1,0,0,0,0,7.2,6.0,0.0,100,5,30,0,0,256,-1,4,20,988.0,0.0,988,988,10000000.0,0.0,10000000,10000000,DDoS
2111,4,2,0,4,0,2,2,2.0,0.0,0,0,0.0,0.0,1000000.0,500000.0,4.0,0.0,4,4,4,4.0,0.0,4,4,0,0.0,0.0,0,0,0,0,48,0,500000.0,0.0,2,2,2.0,0.0,0.0,0,0,0,1,0,0,0,0,0,3.0,2.0,0.0,48,2,4,0,0,1024,-1,1,24,0.0,0.0,0,0,0.0,0.0,0,0,BENIGN
36214,3,2,0,0,0,0,0,0.0,0.0,0,0,0.0,0.0,0.0,666666.6667,3.0,0.0,3,3,3,3.0,0.0,3,3,0,0.0,0.0,0,0,0,0,64,0,666666.6667,0.0,0,0,0.0,0.0,0.0,0,0,0,0,1,0,0,0,0,0.0,0.0,0.0,64,2,0,0,0,4787,-1,0,32,0.0,0.0,0,0,0.0,0.0,0,0,BENIGN
53,1413,2,2,68,188,34,34,34.0,0.0,94,94,94.0,0.0,181174.8054,2830.856334,471.0,809.7339069,1406,3,3,3.0,0.0,3,3,4,4.0,0.0,4,4,0,0,40,40,1415.428167,1415.428167,34,94,58.0,32.86335345,1080.0,0,0,0,0,0,0,0,0,1,72.5,34.0,94.0,40,2,68,2,188,-1,-1,1,20,0.0,0.0,0,0,0.0,0.0,0,0,BENIGN
53,242,2,2,66,98,33,33,33.0,0.0,49,49,49.0,0.0,677685.9504,16528.92562,80.66666667,99.35961621,192,1,49,49.0,0.0,49,49,1,1.0,0.0,1,1,0,0,40,40,8264.46281,8264.46281,33,49,39.4,8.76356092,76.8,0,0,0,0,0,0,0,0,1,49.25,33.0,49.0,40,2,66,2,98,-1,-1,1,20,0.0,0.0,0,0,0.0,0.0,0,0,BENIGN
61215,46,1,1,0,0,0,0,0.0,0.0,0,0,0.0,0.0,0.0,43478.2608695652,46.0,0.0,46,46,0,0.0,0.0,0,0,0,0.0,0.0,0,0,0,0,32,32,21739.1304347826,21739.1304347826,0,0,0.0,0.0,0.0,0,0,0,0,1,0,0,0,1,0.0,0.0,0.0,32,1,0,1,0,357,32832,0,32,0.0,0.0,0,0,0.0,0.0,0,0,BENIGN
80,73455981,15,12,1328,2159,523,0,88.53333333,178.3010563,1184,0,179.9166667,380.7644126,47.47060692,0.367567074,2825230.038,4453704.444,10000000,42,73500000,5246855.786,4977190.463,10000000,10842,70700000,6426522.727,5001138.591,10000000,788,0,0,312,336,0.20420393,0.163363144,0,1184,124.5357143,279.6579236,78208.55423,0,0,0,1,0,0,0,0,0,129.1481481,88.53333333,179.9166667,312,15,1328,12,2159,8192,1013,14,20,128875.8571,256386.1757,710305,31868,9969952.714,74381.49173,10000000,9801495,BENIGN
53,24368,1,1,49,65,49,49,49.0,0.0,65,65,65.0,0.0,4678.266579,82.07485227,24368.0,0.0,24368,24368,0,0.0,0.0,0,0,0,0.0,0.0,0,0,0,0,40,32,41.03742613,41.03742613,49,65,54.33333333,9.237604307,85.33333333,0,0,0,0,0,0,0,0,1,81.5,49.0,65.0,40,1,49,1,65,-1,-1,0,40,0.0,0.0,0,0,0.0,0.0,0,0,BENIGN
80,112908871,28,20,3794,5728,600,0,135.5,223.9403856,1184,0,286.4,470.8861076,84.33349759,0.425121601,2402316.404,4247544.494,10200000,20,113000000,4181245.37,4928443.397,10200000,5950,113000000,5941780.947,4915471.072,10200000,2515,0,0,904,648,0.247987601,0.177134,0,1184,194.3265306,349.7374246,122316.2662,0,0,0,1,0,0,0,0,0,198.375,135.5,286.4,904,28,3794,20,5728,29200,1194,8,32,296557.2727,831517.0905,2795898,14962,9966499.545,701682.5542,10200000,7863069,BENIGN
53,23962,2,2,84,310,42,42,42.0,0.0,155,155,155.0,0.0,16442.70094,166.930974,7987.333333,13829.271,23956,3,3,3.0,0.0,3,3,3,3.0,0.0,3,3,0,0,40,40,83.46548702,83.46548702,42,155,87.2,61.892649,3830.7,0,0,0,0,0,0,0,0,1,109.0,42.0,155.0,40,2,84,2,310,-1,-1,1,20,0.0,0.0,0,0,0.0,0.0,0,0,BENIGN
80,100179712,6,7,327,11595,309,0,54.5,124.7136721,7240,0,1656.428571,2566.885263,119.0061317,0.129766794,8348309.333,28900000.0,100000000,2,100000000,20000000.0,44700000.0,100000000,2,100000000,16700000.0,40800000.0,100000000,72,0,0,164,232,0.059892366,0.069874427,0,7240,852.0,1934.954939,3744050.615,1,0,0,0,0,0,0,0,1,917.5384615,54.5,1656.428571,164,6,327,7,11595,0,235,3,20,11008.0,0.0,11008,11008,100000000.0,0.0,100000000,100000000,DoS Hulk
443,118945836,30,31,1600,7582,411,0,53.33333333,89.49102569,1418,0,244.5806452,455.4901224,77.19479982,0.512838465,1982430.6,10700000.0,58900000,1,119000000,4101580.552,15200000.0,58900000,3,119000000,3963647.467,14900000.0,59000000,1,0,0,980,1000,0.252215639,0.260622827,0,1418,148.0967742,339.6311263,115349.302,0,0,0,1,0,0,0,0,1,150.5245902,53.33333333,244.5806452,980,30,1600,31,7582,29200,382,14,32,582526.0,711728.4311,1085794,79258,58900000.0,73648.70679,58900000,58800000,BENIGN
21,9606390,9,15,113,188,25,0,12.55555556,10.33333333,34,0,12.53333333,14.54975045,31.33331043,2.498337044,417669.1304,1081986.349,3288757,3,6447650,805956.25,1483238.158,3332879,222,9606273,686162.3571,1335212.473,3288757,3,0,0,296,488,0.936876392,1.561460653,0,34,12.04,12.85975635,165.3733333,0,0,0,1,0,0,0,0,1,12.54166667,12.55555556,12.53333333,296,9,113,15,188,29200,227,6,32,0.0,0.0,0,0,0.0,0.0,0,0,FTP-Patator
64000,5439010,1,5,6,30,6,6,6.0,0.0,6,6,6.0,0.0,6.618851592,1.103141932,1087802.0,2416669.939,5410849,3,0,0.0,0.0,0,0,5431879,1357969.75,2701935.239,5410849,3,0,0,20,100,0.183856989,0.919284943,6,6,6.0,0.0,0.0,0,0,0,0,1,1,0,0,5,7.0,6.0,6.0,20,1,6,5,30,229,0,0,20,28161.0,0.0,28161,28161,5410849.0,0.0,5410849,5410849,BENIGN
80,152546,3,7,383,11595,383,0,127.6666667,221.1251531,4344,0,1656.428571,1946.27472,78520.5774,65.55399683,16949.55556,45690.92807,138174,1,14013,7006.5,9903.030471,14009,4,152493,25415.5,55519.80988,138174,1,0,0,104,232,19.66619905,45.88779778,0,4344,1088.909091,1704.052139,2903793.691,0,0,0,1,0,0,0,0,2,1197.8,127.6666667,1656.428571,104,3,383,7,11595,29200,235,1,32,0.0,0.0,0,0,0.0,0.0,0,0,DoS Hulk
53,105228,1,1,48,130,48,48,48.0,0.0,130,130,130.0,0.0,1691.5649827042,19.0063481203,105228.0,0.0,105228,105228,0,0.0,0.0,0,0,0,0.0,0.0,0,0,0,0,32,32,9.5031740601,9.5031740601,48,130,75.3333333333,47.3427220735,2241.3333333333,0,0,0,0,0,0,0,0,1,113.0,48.0,130.0,32,1,48,1,130,-1,-1,0,32,0.0,0.0,0,0,0.0,0.0,0,0,BENIGN
443,4571703,5,1,123,46,46,0,24.6,23.27659769,46,46,46.0,0.0,36.96653085,1.312421214,914340.6,1987442.51,4469373,3,4571703,1142925.75,2218030.519,4469373,3,0,0.0,0.0,0,0,1,0,100,20,1.093684345,0.218736869,0,46,30.71428571,21.68497395,470.2380952,0,1,0,0,1,0,0,0,0,35.83333333,24.6,46.0,100,5,123,1,46,258,368,2,20,0.0,0.0,0,0,0.0,0.0,0,0,BENIGN
443,5636105,9,8,704,6110,517,0,78.22222222,169.2769755,1460,0,763.75,748.9538895,1208.990961,3.01626744,352256.5625,1336318.062,5361962,1,5636105,704513.125,1882516.256,5361962,3,128707,18386.71429,34227.54164,89956,1,0,0,192,172,1.596847468,1.419419972,0,1460,378.5555556,608.6564009,370462.6144,0,0,0,1,0,0,0,0,0,400.8235294,78.22222222,763.75,192,9,704,8,6110,8192,60,8,20,274140.0,0.0,274140,274140,5361962.0,0.0,5361962,5361962,BENIGN
53,174,2,2,76,154,38,38,38.0,0.0,77,77,77.0,0.0,1321839.08045977,22988.5057471264,58.0,95.2627944163,168,3,3,3.0,0.0,3,3,3,3.0,0.0,3,3,0,0,64,64,11494.2528735632,11494.2528735632,38,77,53.6,21.3611797427,456.3,0,0,0,0,0,0,0,0,1,67.0,38.0,77.0,64,2,76,2,154,-1,-1,1,32,0.0,0.0,0,0,0.0,0.0,0,0,BENIGN
443,178,2,0,12,0,6,6,6.0,0.0,0,0,0.0,0.0,67415.73034,11235.95506,178.0,0.0,178,178,178,178.0,0.0,178,178,0,0.0,0.0,0,0,0,0,40,0,11235.95506,0.0,6,6,6.0,0.0,0.0,0,0,0,0,1,0,0,0,0,9.0,6.0,0.0,40,2,12,0,0,253,-1,1,20,0.0,0.0,0,0,0.0,0.0,0,0,BENIGN
443,5288461,8,6,394,3716,213,0,49.25,78.32669678,1460,0,619.3333333,679.9090135,777.1637155,2.647272997,406804.6923,1386217.95,5017193,1,5288461,755494.4286,1880778.972,5017193,4,57100,11420.0,14540.33849,31294,50,0,0,172,132,1.512727427,1.13454557,0,1460,274.0,503.4902467,253502.4286,0,0,0,1,0,0,0,0,0,293.5714286,49.25,619.3333333,172,8,394,6,3716,8192,119,7,20,271264.0,0.0,271264,271264,5017193.0,0.0,5017193,5017193,BENIGN
80,439070,3,4,555,917,555,0,185.0,320.4293994,917,0,229.25,458.5,3352.540597,15.94278817,73178.33333,113100.8755,223397,1,215668,107834.0,151697.032,215100,568,224168,74722.66667,129419.125,224163,1,0,0,108,136,6.8326235,9.110164666,0,917,184.0,354.1722745,125438.0,0,0,0,1,0,0,0,0,1,210.2857143,185.0,229.25,108,3,555,4,917,65535,4935,1,32,0.0,0.0,0,0,0.0,0.0,0,0,BENIGN
58075,1,2,0,12,0,6,6,6.0,0.0,0,0,0.0,0.0,12000000.0,2000000.0,1.0,0.0,1,1,1,1.0,0.0,1,1,0,0.0,0.0,0,0,0,0,40,0,2000000.0,0.0,6,6,6.0,0.0,0.0,0,0,0,0,1,0,0,0,0,9.0,6.0,0.0,40,2,12,0,0,351,-1,1,20,0.0,0.0,0,0,0.0,0.0,0,0,BENIGN
80,99123751,5,7,339,11595,327,0,67.8,144.9282581,7240,0,1656.428571,2566.885263,120.3949596,0.121060794,9011250.091,29800000.0,99000000,5,99000000,24800000.0,49500000.0,99000000,5,99100000,16500000.0,40400000.0,99000000,70,0,0,144,232,0.050441997,0.070618796,0,7240,918.4615385,1997.504594,3990024.603,1,0,0,0,0,0,0,0,1,995.0,67.8,1656.428571,144,5,339,7,11595,0,235,2,20,13998.0,0.0,13998,13998,99000000.0,0.0,99000000,99000000,DoS Hulk
8392,3,2,0,12,0,6,6,6.0,0.0,0,0,0.0,0.0,4000000.0,666666.6667,3.0,0.0,3,3,3,3.0,0.0,3,3,0,0.0,0.0,0,0,0,0,40,0,666666.6667,0.0,6,6,6.0,0.0,0.0,0,0,0,0,1,0,0,0,0,9.0,6.0,0.0,40,2,12,0,0,360,-1,1,20,0.0,0.0,0,0,0.0,0.0,0,0,BENIGN
443,5236030,9,7,386,6525,199,0,42.88888889,70.76624274,1881,0,932.1428571,808.0149397,1319.893125,3.055750254,349068.6667,1270011.428,4936493,2,5236030,654503.75,1731763.629,4936493,3,83579,13929.83333,22226.65387,54985,48,0,0,192,148,1.718859518,1.336890736,0,1881,406.5294118,672.9902597,452915.8897,0,0,0,1,0,0,0,0,0,431.9375,42.88888889,932.1428571,192,9,386,7,6525,8192,23,8,20,0.0,0.0,0,0,0.0,0.0,0,0,BENIGN
1277,96,1,1,0,6,0,0,0.0,0.0,6,6,6.0,0.0,62500.0,20833.33333,96.0,0.0,96,96,0,0.0,0.0,0,0,0,0.0,0.0,0,0,0,0,40,20,10416.66667,10416.66667,0,6,2.0,3.464101615,12.0,0,0,0,1,0,0,0,0,1,3.0,0.0,6.0,40,1,0,1,6,29200,0,0,40,0.0,0.0,0,0,0.0,0.0,0,0,PortScan
53,24030,2,2,64,276,32,32,32.0,0.0,138,138,138.0,0.0,14148.98044,166.4585934,8010.0,13867.6648,24023,3,4,4.0,0.0,4,4,3,3.0,0.0,3,3,0,0,40,40,83.22929671,83.22929671,32,138,74.4,58.0585911,3370.8,0,0,0,0,0,0,0,0,1,93.0,32.0,138.0,40,2,64,2,276,-1,-1,1,20,0.0,0.0,0,0,0.0,0.0,0,0,BENIGN
33090,57,2,1,0,0,0,0,0.0,0.0,0,0,0.0,0.0,0.0,52631.57895,28.5,34.64823228,53,4,4,4.0,0.0,4,4,0,0.0,0.0,0,0,0,0,64,32,35087.7193,17543.85965,0,0,0.0,0.0,0.0,0,0,0,0,1,1,0,0,0,0.0,0.0,0.0,64,2,0,1,0,442,1444,0,32,0.0,0.0,0,0,0.0,0.0,0,0,BENIGN
50586,55,1,1,0,0,0,0,0.0,0.0,0,0,0.0,0.0,0.0,36363.63636,55.0,0.0,55,55,0,0.0,0.0,0,0,0,0.0,0.0,0,0,0,0,32,32,18181.81818,18181.81818,0,0,0.0,0.0,0.0,0,0,0,0,1,1,0,0,1,0.0,0.0,0.0,32,1,0,1,0,79,299,0,32,0.0,0.0,0,0,0.0,0.0,0,0,BENIGN
31337,85,1,1,2,6,2,2,2.0,0.0,6,6,6.0,0.0,94117.64706,23529.41176,85.0,0.0,85,85,0,0.0,0.0,0,0,0,0.0,0.0,0,0,0,0,24,20,11764.70588,11764.70588,2,6,3.333333333,2.309401077,5.333333333,0,0,0,1,0,0,0,0,1,5.0,2.0,6.0,24,1,2,1,6,1024,0,0,24,0.0,0.0,0,0,0.0,0.0,0,0,PortScan
80,11314149,8,5,339,11632,339,0,42.375,119.8545994,10184,0,2326.4,4437.056321,1058.055714,1.149003783,942845.75,2217704.629,6312998,0,6322772,903253.1429,2389004.483,6321006,0,11300000,2828533.0,3309211.828,6312998,193,0,0,264,168,0.707079251,0.441924532,0,10184,855.0714286,2713.065552,7360724.687,0,0,0,1,0,0,0,0,0,920.8461538,42.375,2326.4,264,8,339,5,11632,29200,235,1,32,848.0,0.0,848,848,6312998.0,0.0,6312998,6312998,DoS GoldenEye
443,115301732,32,39,735,35067,347,0,22.96875,73.78192994,2896,0,899.1538462,763.228273,310.5070442,0.615775659,1647167.6,3678971.305,10000000,3,115000000,3719410.71,4839869.944,10100000,3,111000000,2911466.263,4616200.465,10100000,49,0,0,1032,1256,0.277532691,0.338242968,0,2896,497.25,712.5572228,507737.7958,0,0,0,1,0,0,0,0,1,504.2535211,22.96875,899.1538462,1032,32,735,39,35067,29200,126,4,32,47007.72727,33073.27925,146727,36923,10000000.0,5742.757706,10000000,9997327,BENIGN
53,173164,2,2,74,184,37,37,37.0,0.0,92,92,92.0,0.0,1489.917073,23.0994895,57721.33333,99971.9519,173159,1,1,1.0,0.0,1,1,4,4.0,0.0,4,4,0,0,40,64,11.54974475,11.54974475,37,92,59.0,30.12474066,907.5,0,0,0,0,0,0,0,0,1,73.75,37.0,92.0,40,2,74,2,184,-1,-1,1,20,0.0,0.0,0,0,0.0,0.0,0,0,BENIGN
3322,54,1,1,2,6,2,2,2.0,0.0,6,6,6.0,0.0,148148.1481,37037.03704,54.0,0.0,54,54,0,0.0,0.0,0,0,0,0.0,0.0,0,0,0,0,24,20,18518.51852,18518.51852,2,6,3.333333333,2.309401077,5.333333333,0,0,0,1,0,0,0,0,1,5.0,2.0,6.0,24,1,2,1,6,1024,0,0,24,0.0,0.0,0,0,0.0,0.0,0,0,PortScan
80,85695933,6,7,333,11595,315,0,55.5,127.1624945,5792,0,1656.428571,2120.732252,139.1898026,0.151699148,7141327.75,24700000.0,85500000,3,85600000,17100000.0,38300000.0,85500000,877,85700000,14300000.0,34900000.0,85500000,46,0,0,164,232,0.070014991,0.081684156,0,5792,852.4285714,1666.82119,2778292.879,1,0,0,0,0,0,0,0,1,918.0,55.5,1656.428571,164,6,333,7,11595,0,235,3,20,2789.0,0.0,2789,2789,85500000.0,0.0,85500000,85500000,DoS Hulk
80,87036671,6,5,1008,11595,334,0,168.0,181.8570867,7240,0,2319.0,3331.638186,144.8010345,0.12638351,8703667.1,27300000.0,86400000,21,86900000,17400000.0,38600000.0,86400000,21,603757,150939.25,213482.7907,452988,87,0,0,188,168,0.06893646,0.05744705,0,7240,1050.75,2303.631328,5306717.295,1,0,0,0,0,0,0,0,0,1146.272727,168.0,2319.0,188,6,1008,5,11595,0,235,3,20,0.0,0.0,0,0,86400000.0,0.0,86400000,86400000,DoS Hulk
80,1211537,3,6,26,11607,20,0,8.666666667,10.26320288,5840,0,1934.5,2538.919278,9601.852853,7.42858039,151442.125,427969.2988,1210612,3,618,309.0,367.6955262,569,49,1211520,242304.0,541300.6912,1210612,3,0,0,72,132,2.476193463,4.952386927,0,5840,1163.3,2138.329153,4572451.567,0,0,0,1,0,0,0,0,2,1292.555556,8.666666667,1934.5,72,3,26,6,11607,8192,229,2,20,0.0,0.0,0,0,0.0,0.0,0,0,DDoS
7519,86,3,1,43,6,31,6,14.33333333,14.43375673,6,6,6.0,0.0,569767.4419,46511.62791,28.66666667,46.19884558,82,1,4,2.0,1.414213562,3,1,0,0.0,0.0,0,0,0,0,60,20,34883.72093,11627.90698,6,31,11.0,11.18033989,125.0,0,0,0,0,1,0,0,0,0,13.75,14.33333333,6.0,60,3,43,1,6,980,0,2,20,0.0,0.0,0,0,0.0,0.0,0,0,BENIGN
53,158,2,2,82,210,41,41,41.0,0.0,105,105,105.0,0.0,1848101.266,25316.4557,52.66666667,85.16063253,151,3,3,3.0,0.0,3,3,4,4.0,0.0,4,4,0,0,64,64,12658.22785,12658.22785,41,105,66.6,35.05424368,1228.8,0,0,0,0,0,0,0,0,1,83.25,41.0,105.0,64,2,82,2,210,-1,-1,1,32,0.0,0.0,0,0,0.0,0.0,0,0,BENIGN
1466,3,2,0,31,0,31,0,15.5,21.92031022,0,0,0.0,0.0,10300000.0,666666.6667,3.0,0.0,3,3,3,3.0,0.0,3,3,0,0.0,0.0,0,0,1,0,40,0,666666.6667,0.0,0,31,20.66666667,17.89785834,320.3333333,0,1,0,0,1,0,0,0,0,31.0,15.5,0.0,40,2,31,0,0,110,-1,0,20,0.0,0.0,0,0,0.0,0.0,0,0,BENIGN
80,4574,3,6,313,11595,313,0,104.3333333,180.7106343,5792,0,1932.5,2534.051598,2603410.582,1967.643201,571.75,1248.24926,3656,46,3928,1964.0,2470.631093,3711,217,4519,903.8,1754.088852,4039,46,0,0,104,200,655.8810669,1311.762134,0,5792,1190.8,2119.547845,4492483.067,0,0,0,1,0,0,0,0,2,1323.111111,104.3333333,1932.5,104,3,313,6,11595,29200,235,1,32,0.0,0.0,0,0,0.0,0.0,0,0,DoS Hulk
80,5047891,4,0,24,0,6,6,6.0,0.0,0,0,0.0,0.0,4.754460823,0.792410137,1682630.333,2913529.183,5046884,3,5047891,1682630.333,2913529.183,5046884,3,0,0.0,0.0,0,0,0,0,80,0,0.792410137,0.0,6,6,6.0,0.0,0.0,0,0,0,0,1,0,0,0,0,7.5,6.0,0.0,80,4,24,0,0,256,-1,3,20,1007.0,0.0,1007,1007,5046884.0,0.0,5046884,5046884,DDoS
53,219,2,2,66,386,33,33,33.0,0.0,193,193,193.0,0.0,2063926.941,18264.84018,73.0,84.32674546,167,4,4,4.0,0.0,4,4,48,48.0,0.0,48,48,0,0,40,40,9132.420091,9132.420091,33,193,97.0,87.6356092,7680.0,0,0,0,0,0,0,0,0,1,121.25,33.0,193.0,40,2,66,2,386,-1,-1,1,20,0.0,0.0,0,0,0.0,0.0,0,0,BENIGN
80,82024256,5,7,350,11595,338,0,70.0,149.8465882,4344,0,1656.428571,1947.638216,145.6276543,0.146298188,7456750.545,24700000.0,81900000,4,81900000,20500000.0,40900000.0,81900000,4,82000000,13700000.0,33400000.0,81900000,47,0,0,144,232,0.060957578,0.085340609,0,4344,919.3076923,1609.703978,2591146.897,1,0,0,0,0,0,0,0,1,995.9166667,70.0,1656.428571,144,5,350,7,11595,0,235,2,20,2151.0,0.0,2151,2151,81900000.0,0.0,81900000,81900000,DoS Hulk
53,30697,1,1,46,62,46,46,46.0,0.0,62,62,62.0,0.0,3518.2591132684,65.152946542,30697.0,0.0,30697,30697,0,0.0,0.0,0,0,0,0.0,0.0,0,0,0,0,32,20,32.576473271,32.576473271,46,62,51.3333333333,9.237604307,85.3333333333,0,0,0,0,0,0,0,0,1,77.0,46.0,62.0,32,1,46,1,62,-1,-1,0,32,0.0,0.0,0,0,0.0,0.0,0,0,BENIGN
53085,1000336,2,0,0,0,0,0,0.0,0.0,0,0,0.0,0.0,0.0,1.999328226,1000336.0,0.0,1000336,1000336,1000336,1000336.0,0.0,1000336,1000336,0,0.0,0.0,0,0,0,0,40,0,1.999328226,0.0,0,0,0.0,0.0,0.0,0,0,0,0,1,0,0,0,0,0.0,0.0,0.0,40,2,0,0,0,4998,-1,0,20,0.0,0.0,0,0,0.0,0.0,0,0,BENIGN
443,4,2,0,31,0,31,0,15.5,21.92031022,0,0,0.0,0.0,7750000.0,500000.0,4.0,0.0,4,4,4,4.0,0.0,4,4,0,0.0,0.0,0,0,1,0,64,0,500000.0,0.0,0,31,20.66666667,17.89785834,320.3333333,0,1,0,0,1,0,0,0,0,31.0,15.5,0.0,64,2,31,0,0,378,-1,0,32,0.0,0.0,0,0,0.0,0.0,0,0,BENIGN
80,92406628,8,5,56,11607,20,0,7.0,5.656854249,10135,0,2321.4,4413.201989,126.2138902,0.140682549,7700552.333,23500000.0,81900000,4,90600000,12900000.0,30600000.0,81900000,4,1839305,459826.25,918943.9061,1838242,7,0,0,172,112,0.086573876,0.054108673,0,10135,833.5,2705.044255,7317264.423,0,0,0,0,1,0,0,0,0,897.6153846,7.0,2321.4,172,8,56,5,11607,256,229,6,20,5991.0,0.0,5991,5991,45300000.0,51800000.0,81900000,8681924,DDoS
47408,4,1,2,0,0,0,0,0.0,0.0,0,0,0.0,0.0,0.0,750000.0,2.0,1.414213562,3,1,0,0.0,0.0,0,0,3,3.0,0.0,3,3,0,0,32,64,250000.0,500000.0,0,0,0.0,0.0,0.0,0,0,0,0,1,0,0,0,2,0.0,0.0,0.0,32,1,0,2,0,235,274,0,32,0.0,0.0,0,0,0.0,0.0,0,0,BENIGN
445,10697752,31,24,8326,4368,3072,0,268.5806451613,637.7002312578,420,0,182.0,141.2416984863,1186.6044380165,5.1412670625,198106.518518519,1178366.14436219,8415903,1,10697752,356591.733333333,1574555.9271038,8415903,1,10697573,465111.869565217,1803761.99106578,8465855,1,0,0,644,504,2.8978050716,2.2434619909,0,3072,226.6785714286,482.6517700877,232952.731168831,0,0,0,1,0,0,0,0,0,230.8,268.5806451613,182.0,644,31,8326,24,4368,8192,2050,29,20,2281454.0,0.0,2281454,2281454,8415903.0,0.0,8415903,8415903,BENIGN
5811,49,2,0,4,0,2,2,2.0,0.0,0,0,0.0,0.0,81632.65306,40816.32653,49.0,0.0,49,49,49,49.0,0.0,49,49,0,0.0,0.0,0,0,0,0,48,0,40816.32653,0.0,2,2,2.0,0.0,0.0,0,0,0,1,0,0,0,0,0,3.0,2.0,0.0,48,2,4,0,0,1024,-1,1,24,0.0,0.0,0,0,0.0,0.0,0,0,BENIGN
9103,44,1,1,0,6,0,0,0.0,0.0,6,6,6.0,0.0,136363.6364,45454.54545,44.0,0.0,44,44,0,0.0,0.0,0,0,0,0.0,0.0,0,0,0,0,40,20,22727.27273,22727.27273,0,6,2.0,3.464101615,12.0,0,0,0,1,0,0,0,0,1,3.0,0.0,6.0,40,1,0,1,6,29200,0,0,40,0.0,0.0,0,0,0.0,0.0,0,0,PortScan
53,222,2,2,118,374,59,59,59.0,0.0,187,187,187.0,0.0,2216216.216,18018.01802,74.0,86.9655104,171,3,3,3.0,0.0,3,3,48,48.0,0.0,48,48,0,0,40,40,9009.009009,9009.009009,59,187,110.2,70.10848736,4915.2,0,0,0,0,0,0,0,0,1,137.75,59.0,187.0,40,2,118,2,374,-1,-1,1,20,0.0,0.0,0,0,0.0,0.0,0,0,BENIGN
60604,40,1,1,0,0,0,0,0.0,0.0,0,0,0.0,0.0,0.0,50000.0,40.0,0.0,40,40,0,0.0,0.0,0,0,0,0.0,0.0,0,0,0,0,32,32,25000.0,25000.0,0,0,0.0,0.0,0.0,0,0,0,0,1,1,0,0,1,0.0,0.0,0.0,32,1,0,1,0,358,333,0,32,0.0,0.0,0,0,0.0,0.0,0,0,BENIGN
80,84918060,6,7,368,11595,350,0,61.33333333,141.4477524,5792,0,1656.428571,2120.732252,140.8769819,0.153088754,7076505.0,24500000.0,84800000,23,84800000,17000000.0,37900000.0,84800000,48,84900000,14200000.0,34600000.0,84800000,46,0,0,164,232,0.070656348,0.082432406,0,5792,854.9285714,1665.979151,2775486.533,1,0,0,0,0,0,0,0,1,920.6923077,61.33333333,1656.428571,164,6,368,7,11595,0,235,3,20,4037.0,0.0,4037,4037,84800000.0,0.0,84800000,84800000,DoS Hulk
80,420890,3,5,26,11607,20,0,8.666666667,10.26320288,10135,0,2321.4,4413.201989,27639.05058,19.00734159,60127.14286,158631.8219,419870,5,776,388.0,374.766594,653,123,420844,105211.0,209772.9216,419870,5,0,0,72,112,7.127753095,11.87958849,0,10135,1292.555556,3350.634907,11200000.0,0,0,0,1,0,0,0,0,1,1454.125,8.666666667,2321.4,72,3,26,5,11607,8192,229,2,20,0.0,0.0,0,0,0.0,0.0,0,0,DDoS
21,257,2,1,14,0,14,0,7.0,9.899494937,0,0,0.0,0.0,54474.70817,11673.15175,128.5,84.14570696,188,69,257,257.0,0.0,257,257,0,0.0,0.0,0,0,1,0,64,20,7782.101167,3891.050584,0,14,7.0,8.082903769,65.33333333,0,1,0,0,1,0,0,0,0,9.333333333,7.0,0.0,64,2,14,1,0,229,0,0,32,0.0,0.0,0,0,0.0,0.0,0,0,FTP-Patator
443,7472,3,0,43,0,31,6,14.33333333,14.43375673,0,0,0.0,0.0,5754.817987,401.4989293,3736.0,5277.845015,7468,4,7472,3736.0,5277.845015,7468,4,0,0.0,0.0,0,0,0,0,60,0,401.4989293,0.0,6,31,12.25,12.5,156.25,0,0,0,0,1,0,0,0,0,16.33333333,14.33333333,0.0,60,3,43,0,0,63785,-1,2,20,0.0,0.0,0,0,0.0,0.0,0,0,BENIGN
53,76567,4,2,172,194,43,43,43.0,0.0,97,97,97.0,0.0,4780.1272088498,78.3627411287,15313.4,21596.727490525,45704,1,30860,10286.6666666667,17774.6095972129,30811,1,3,3.0,0.0,3,3,0,0,80,40,52.2418274191,26.1209137096,43,97,58.4285714286,26.3493019696,694.2857142857,0,0,0,0,0,0,0,0,0,68.1666666667,43.0,97.0,80,4,172,2,194,-1,-1,3,20,0.0,0.0,0,0,0.0,0.0,0,0,BENIGN
53,24331,2,2,66,316,33,33,33.0,0.0,158,158,158.0,0.0,15700.13563,164.399326,8110.333333,14040.5812,24323,4,4,4.0,0.0,4,4,4,4.0,0.0,4,4,0,0,40,40,82.19966298,82.19966298,33,158,83.0,68.46531969,4687.5,0,0,0,0,0,0,0,0,1,103.75,33.0,158.0,40,2,66,2,316,-1,-1,1,20,0.0,0.0,0,0,0.0,0.0,0,0,BENIGN
161,59,1,1,2,6,2,2,2.0,0.0,6,6,6.0,0.0,135593.2203,33898.30508,59.0,0.0,59,59,0,0.0,0.0,0,0,0,0.0,0.0,0,0,0,0,24,20,16949.15254,16949.15254,2,6,3.333333333,2.309401077,5.333333333,0,0,0,1,0,0,0,0,1,5.0,2.0,6.0,24,1,2,1,6,1024,0,0,24,0.0,0.0,0,0,0.0,0.0,0,0,PortScan
1000,39,1,1,2,6,2,2,2.0,0.0,6,6,6.0,0.0,205128.2051,51282.05128,39.0,0.0,39,39,0,0.0,0.0,0,0,0,0.0,0.0,0,0,0,0,24,20,25641.02564,25641.02564,2,6,3.333333333,2.309401077,5.333333333,0,0,0,1,0,0,0,0,1,5.0,2.0,6.0,24,1,2,1,6,1024,0,0,24,0.0,0.0,0,0,0.0,0.0,0,0,PortScan
80,1317876,3,6,26,11607,20,0,8.666666667,10.26320288,5840,0,1934.5,2558.396197,8827.082366,6.829170574,164734.5,465553.2688,1316920,46,599,299.5,355.6747109,551,48,1317800,263560.0,588846.1838,1316920,46,0,0,72,132,2.276390191,4.552780383,0,5840,1163.3,2151.187375,4627607.122,0,0,0,1,0,0,0,0,2,1292.555556,8.666666667,1934.5,72,3,26,6,11607,8192,229,2,20,0.0,0.0,0,0,0.0,0.0,0,0,DDoS
80,99501217,8,5,56,11607,20,0,7.0,5.656854249,10220,0,2321.4,4455.182578,117.2146467,0.130651668,8291768.083,28100000.0,97500000,1,99500000,14200000.0,36700000.0,97500000,1,24889,6222.25,11857.84048,24000,1,0,0,172,112,0.080401027,0.050250642,0,10220,833.5,2726.136143,7431818.269,0,0,0,0,1,0,0,0,0,897.6153846,7.0,2321.4,172,8,56,5,11607,256,229,6,20,1954965.0,0.0,1954965,1954965,97500000.0,0.0,97500000,97500000,DDoS
80,1866097,5,0,30,0,6,6,6.0,0.0,0,0,0.0,0.0,16.07633472,2.679389121,466524.25,932383.2846,1865099,1,1866097,466524.25,932383.2846,1865099,1,0,0.0,0.0,0,0,0,0,100,0,2.679389121,0.0,6,6,6.0,0.0,0.0,0,0,0,0,1,0,0,0,0,7.2,6.0,0.0,100,5,30,0,0,256,-1,4,20,0.0,0.0,0,0,0.0,0.0,0,0,DDoS
61316,857,1,1,0,0,0,0,0.0,0.0,0,0,0.0,0.0,0.0,2333.722287,857.0,0.0,857,857,0,0.0,0.0,0,0,0,0.0,0.0,0,0,0,0,32,32,1166.861144,1166.861144,0,0,0.0,0.0,0.0,0,0,0,0,1,1,0,0,1,0.0,0.0,0.0,32,1,0,1,0,122,33304,0,32,0.0,0.0,0,0,0.0,0.0,0,0,BENIGN
443,81405,10,4,736,975,485,0,73.6,152.495682999,837,0,243.75,400.8144832713,21018.364965297,171.9796081322,6261.9230769231,9324.8243813806,23556,3,81405,9045.0,11041.9221832071,23943,3,52707,17569.0,11898.4830965968,24869,3839,0,0,332,136,122.8425772373,49.1370308949,0,837,114.0666666667,237.2323956036,56279.2095238095,0,0,0,1,0,0,0,0,0,122.2142857143,73.6,243.75,332,10,736,4,975,65535,61,5,32,0.0,0.0,0,0,0.0,0.0,0,0,BENIGN
443,7799891,159,235,10234,405738,836,0,64.36477987,166.6526525,4380,0,1726.544681,805.0249831,53330.48885,50.51352641,19847.05089,252427.9827,4985484,0,2814406,17812.6962,38514.5102,113970,45,7690243,32864.28632,327676.563,4995422,1,0,0,3192,4712,20.38490025,30.12862616,0,4380,1053.093671,1031.436615,1063861.491,0,0,0,1,0,0,0,0,1,1055.766497,64.36477987,1726.544681,3192,159,10234,235,405738,8192,388,158,20,0.0,0.0,0,0,0.0,0.0,0,0,BENIGN
443,4199233,5,1,123,46,46,0,24.6,23.27659769,46,46,46.0,0.0,40.24544482,1.428832361,839846.6,1823912.718,4102332,4,4199233,1049808.25,2035426.801,4102332,4,0,0.0,0.0,0,0,1,0,100,20,1.190693634,0.238138727,0,46,30.71428571,21.68497395,470.2380952,0,1,0,0,1,0,0,0,0,35.83333333,24.6,46.0,100,5,123,1,46,254,351,2,20,0.0,0.0,0,0,0.0,0.0,0,0,BENIGN
53,183,2,2,110,232,55,55,55.0,0.0,116,116,116.0,0.0,1868852.459,21857.9235,61.0,100.4589468,177,3,3,3.0,0.0,3,3,3,3.0,0.0,3,3,0,0,64,64,10928.96175,10928.96175,55,116,79.4,33.41107601,1116.3,0,0,0,0,0,0,0,0,1,99.25,55.0,116.0,64,2,110,2,232,-1,-1,1,32,0.0,0.0,0,0,0.0,0.0,0,0,BENIGN
53,30344,1,1,54,109,54,54,54.0,0.0,109,109,109.0,0.0,5371.7374110203,65.9108884788,30344.0,0.0,30344,30344,0,0.0,0.0,0,0,0,0.0,0.0,0,0,0,0,20,20,32.9554442394,32.9554442394,54,109,72.3333333333,31.7542648054,1008.3333333333,0,0,0,0,0,0,0,0,1,108.5,54.0,109.0,20,1,54,1,109,-1,-1,0,20,0.0,0.0,0,0,0.0,0.0,0,0,BENIGN
443,656,2,0,0,0,0,0,0.0,0.0,0,0,0.0,0.0,0.0,3048.780488,656.0,0.0,656,656,656,656.0,0.0,656,656,0,0.0,0.0,0,0,0,0,64,0,3048.780488,0.0,0,0,0.0,0.0,0.0,0,0,0,0,1,0,0,0,0,0.0,0.0,0.0,64,2,0,0,0,644,-1,0,32,0.0,0.0,0,0,0.0,0.0,0,0,BENIGN
22,13272970,22,32,2024,2745,640,0,92.0,138.3384394,976,0,85.78125,220.240592,359.3016484,4.068418749,250433.3962,682636.9174,2416209,4,10900000,517846.7143,938601.6842,2464758,332,13300000,428156.1935,853955.1613,2416209,4,0,0,712,1032,1.657503935,2.410914814,0,976,86.70909091,188.253835,35439.5064,0,0,0,1,0,0,0,0,1,88.31481481,92.0,85.78125,712,22,2024,32,2745,29200,257,16,32,0.0,0.0,0,0,0.0,0.0,0,0,SSH-Patator
443,506881,15,14,1409,12731,869,0,93.93333333,235.8838899,1509,0,909.3571429,701.3405414,27896.09395,57.21263965,18102.89286,51437.99876,269207,1,506852,36203.71429,71055.12452,269207,214,473955,36458.07692,94641.61677,346670,1,0,0,320,284,29.59274465,27.619895,0,1509,471.3333333,649.0874939,421314.5747,0,0,0,1,0,0,0,0,0,487.5862069,93.93333333,909.3571429,320,15,1409,14,12731,29200,8190,3,20,0.0,0.0,0,0,0.0,0.0,0,0,BENIGN
80,99149660,9,6,357,11595,357,0,39.66666667,119.0,4344,0,1932.5,1754.831473,120.5450427,0.151286449,7082118.571,26500000.0,99000000,1,99000000,12400000.0,35000000.0,99000000,1,147429,29485.8,59769.44735,136066,48,0,0,296,200,0.09077187,0.06051458,0,4344,747.0,1390.534909,1933587.333,0,0,0,0,1,0,0,0,0,796.8,39.66666667,1932.5,296,9,357,6,11595,251,235,1,32,2980.0,0.0,2980,2980,99000000.0,0.0,99000000,99000000,DoS Hulk
1033,49,1,1,0,6,0,0,0.0,0.0,6,6,6.0,0.0,122448.9796,40816.32653,49.0,0.0,49,49,0,0.0,0.0,0,0,0,0.0,0.0,0,0,0,0,40,20,20408.16327,20408.16327,0,6,2.0,3.464101615,12.0,0,0,0,1,0,0,0,0,1,3.0,0.0,6.0,40,1,0,1,6,29200,0,0,40,0.0,0.0,0,0,0.0,0.0,0,0,PortScan
38260,500311,5,3,11607,26,5840,0,2321.4,3173.373883,20,0,8.666666667,10.26320288,23251.53754,15.99005419,71473.0,188605.5839,499190,16,500311,125077.75,249408.4173,499190,61,722,361.0,388.9087297,636,86,0,0,112,72,9.993783866,5.99627032,0,5840,1292.555556,2554.159212,6523729.278,0,0,0,1,1,0,0,0,0,1454.125,2321.4,8.666666667,112,5,11607,3,26,29200,256,4,20,0.0,0.0,0,0,0.0,0.0,0,0,BENIGN
80,63,1,1,0,0,0,0,0.0,0.0,0,0,0.0,0.0,0.0,31746.03175,63.0,0.0,63,63,0,0.0,0.0,0,0,0,0.0,0.0,0,0,0,0,32,32,15873.01587,15873.01587,0,0,0.0,0.0,0.0,0,0,0,0,1,1,0,0,1,0.0,0.0,0.0,32,1,0,1,0,237,235,0,32,0.0,0.0,0,0,0.0,0.0,0,0,Web Attack � Brute Force
80,86196033,10,6,972,11595,324,0,97.2,156.5068689,5792,0,1932.5,2181.008184,145.7955727,0.185623392,5746402.2,22100000.0,85600000,6,86100000,9563621.222,28500000.0,85600000,176,568450,113690.0,192727.6911,445014,46,0,0,328,200,0.11601462,0.069608772,0,5792,739.2352941,1525.128664,2326017.441,0,0,0,0,1,0,0,0,0,785.4375,97.2,1932.5,328,10,972,6,11595,274,235,3,32,1153.0,0.0,1153,1153,85600000.0,0.0,85600000,85600000,DoS Hulk
80,84074473,8,6,303,11595,303,0,37.875,107.1266773,7240,0,1932.5,2845.835677,141.5173902,0.166519034,6467267.154,23300000.0,83900000,1,83900000,12000000.0,31700000.0,83900000,1,158783,31756.6,63102.14771,144132,182,0,0,264,200,0.095153734,0.0713653,0,7240,793.2,1955.862185,3825396.886,0,0,0,0,1,0,0,0,0,849.8571429,37.875,1932.5,264,8,303,6,11595,251,235,1,32,1011.0,0.0,1011,1011,83900000.0,0.0,83900000,83900000,DoS Hulk
10025,54,1,1,2,6,2,2,2.0,0.0,6,6,6.0,0.0,148148.1481,37037.03704,54.0,0.0,54,54,0,0.0,0.0,0,0,0,0.0,0.0,0,0,0,0,24,20,18518.51852,18518.51852,2,6,3.333333333,2.309401077,5.333333333,0,0,0,1,0,0,0,0,1,5.0,2.0,6.0,24,1,2,1,6,1024,0,0,24,0.0,0.0,0,0,0.0,0.0,0,0,PortScan
53,189,2,2,82,178,41,41,41.0,0.0,89,89,89.0,0.0,1375661.376,21164.02116,63.0,69.39740629,139,3,47,47.0,0.0,47,47,3,3.0,0.0,3,3,0,0,64,64,10582.01058,10582.01058,41,89,60.2,26.29068276,691.2,0,0,0,0,0,0,0,0,1,75.25,41.0,89.0,64,2,82,2,178,-1,-1,1,32,0.0,0.0,0,0,0.0,0.0,0,0,BENIGN
80,5055926,8,5,354,11632,354,0,44.25,125.1579003,7288,0,2326.4,3351.290617,2370.683432,2.571240165,421327.1667,1441770.359,4999337,1,56589,8084.142857,20553.68248,54688,1,5055875,1263968.75,2493815.838,5004527,160,0,0,264,168,1.58230164,0.988938525,0,7288,856.1428571,2181.193529,4757605.209,0,0,0,1,0,0,0,0,0,922.0,44.25,2326.4,264,8,354,5,11632,29200,235,1,32,0.0,0.0,0,0,0.0,0.0,0,0,DoS GoldenEye
1500,49,1,1,0,6,0,0,0.0,0.0,6,6,6.0,0.0,122448.9796,40816.32653,49.0,0.0,49,49,0,0.0,0.0,0,0,0,0.0,0.0,0,0,0,0,40,20,20408.16327,20408.16327,0,6,2.0,3.464101615,12.0,0,0,0,1,0,0,0,0,1,3.0,0.0,6.0,40,1,0,1,6,29200,0,0,40,0.0,0.0,0,0,0.0,0.0,0,0,PortScan
38722,59,1,1,0,0,0,0,0.0,0.0,0,0,0.0,0.0,0.0,33898.3050847458,59.0,0.0,59,59,0,0.0,0.0,0,0,0,0.0,0.0,0,0,0,0,32,32,16949.1525423729,16949.1525423729,0,0,0.0,0.0,0.0,0,0,0,0,1,1,0,0,1,0.0,0.0,0.0,32,1,0,1,0,152,456,0,32,0.0,0.0,0,0,0.0,0.0,0,0,BENIGN
80,77,2,0,12,0,6,6,6.0,0.0,0,0,0.0,0.0,155844.1558,25974.02597,77.0,0.0,77,77,77,77.0,0.0,77,77,0,0.0,0.0,0,0,0,0,40,0,25974.02597,0.0,6,6,6.0,0.0,0.0,0,0,0,0,1,0,0,0,0,9.0,6.0,0.0,40,2,12,0,0,255,-1,1,20,0.0,0.0,0,0,0.0,0.0,0,0,BENIGN
80,33253,2,4,20,11601,20,0,10.0,14.14213562,8760,0,2900.25,4128.319301,349472.2281,180.434848,6650.6,14169.12048,31990,11,32001,32001.0,0.0,32001,32001,33242,11080.66667,18136.26258,32021,385,0,0,52,92,60.14494933,120.2898987,0,8760,1660.142857,3303.602601,10900000.0,0,0,0,1,0,0,0,0,2,1936.833333,10.0,2900.25,52,2,20,4,11601,8192,229,1,20,0.0,0.0,0,0,0.0,0.0,0,0,DDoS
7019,85,1,1,0,6,0,0,0.0,0.0,6,6,6.0,0.0,70588.23529,23529.41176,85.0,0.0,85,85,0,0.0,0.0,0,0,0,0.0,0.0,0,0,0,0,40,20,11764.70588,11764.70588,0,6,2.0,3.464101615,12.0,0,0,0,1,0,0,0,0,1,3.0,0.0,6.0,40,1,0,1,6,29200,0,0,40,0.0,0.0,0,0,0.0,0.0,0,0,PortScan
53,32117,2,2,76,326,38,38,38.0,0.0,163,163,163.0,0.0,12516.73569,124.5446337,10705.66667,18496.87293,32064,4,49,49.0,0.0,49,49,4,4.0,0.0,4,4,0,0,72,64,62.27231684,62.27231684,38,163,88.0,68.46531969,4687.5,0,0,0,0,0,0,0,0,1,110.0,38.0,163.0,72,2,76,2,326,-1,-1,1,32,0.0,0.0,0,0,0.0,0.0,0,0,BENIGN
53,32742,2,2,94,230,47,47,47.0,0.0,115,115,115.0,0.0,9895.547004,122.167247,10914.0,18862.91396,32695,0,0,0.0,0.0,0,0,47,47.0,0.0,47,47,0,0,64,64,61.08362348,61.08362348,47,115,74.2,37.24513391,1387.2,0,0,0,0,0,0,0,0,1,92.75,47.0,115.0,64,2,94,2,230,-1,-1,1,32,0.0,0.0,0,0,0.0,0.0,0,0,BENIGN
53,191,2,2,68,188,34,34,34.0,0.0,94,94,94.0,0.0,1340314.136,20942.40838,63.66666667,27.13546265,95,48,48,48.0,0.0,48,48,48,48.0,0.0,48,48,0,0,64,64,10471.20419,10471.20419,34,94,58.0,32.86335345,1080.0,0,0,0,0,0,0,0,0,1,72.5,34.0,94.0,64,2,68,2,188,-1,-1,1,32,0.0,0.0,0,0,0.0,0.0,0,0,BENIGN
443,5137041,7,4,635,168,517,0,90.71428571,190.7072051,168,0,42.0,84.0,156.3156689,2.141310533,513704.1,1522960.849,4847143,50,5137041,856173.5,1992970.865,4923913,115,252920,84306.66667,81499.84997,162944,218,0,0,232,136,1.362652157,0.778658376,0,517,66.91666667,150.8487854,22755.35606,0,0,0,1,0,0,0,0,0,73.0,90.71428571,42.0,232,7,635,4,168,29200,340,3,32,0.0,0.0,0,0,0.0,0.0,0,0,BENIGN
53,326,2,2,70,264,35,35,35.0,0.0,132,132,132.0,0.0,1024539.877,12269.93865,108.6666667,186.4841369,324,1,1,1.0,0.0,1,1,1,1.0,0.0,1,1,0,0,64,64,6134.969325,6134.969325,35,132,73.8,53.12908808,2822.7,0,0,0,0,0,0,0,0,1,92.25,35.0,132.0,64,2,70,2,264,-1,-1,1,32,0.0,0.0,0,0,0.0,0.0,0,0,BENIGN
80,819675,3,5,26,11607,20,0,8.666666667,10.26320288,10135,0,2321.4,4413.201989,14192.21033,9.75996584,117096.4286,309354.8126,818647,4,892,446.0,395.9797975,726,166,819632,204908.0,409159.5349,818647,4,0,0,72,112,3.65998719,6.09997865,0,10135,1292.555556,3350.634907,11200000.0,0,0,0,1,0,0,0,0,1,1454.125,8.666666667,2321.4,72,3,26,5,11607,8192,229,2,20,0.0,0.0,0,0,0.0,0.0,0,0,DDoS
53194,56,1,1,6,6,6,6,6.0,0.0,6,6,6.0,0.0,214285.7143,35714.28571,56.0,0.0,56,56,0,0.0,0.0,0,0,0,0.0,0.0,0,0,0,0,20,20,17857.14286,17857.14286,6,6,6.0,0.0,0.0,0,0,0,0,1,1,0,0,1,9.0,6.0,6.0,20,1,6,1,6,290,256,0,20,0.0,0.0,0,0,0.0,0.0,0,0,BENIGN
80,90901555,9,7,62,11601,20,0,6.888888889,5.30199124,2920,0,1657.285714,1299.172136,128.3036357,0.176014591,6060103.667,20500000.0,79500000,1,90300000,11300000.0,27800000.0,79500000,1,599083,99847.16667,235615.0379,580572,48,0,0,192,152,0.099008207,0.077006383,0,2920,686.4117647,1154.994862,1334013.132,0,0,0,0,1,0,0,0,0,729.3125,6.888888889,1657.285714,192,9,62,7,11601,256,229,7,20,2005.0,0.0,2005,2005,45200000.0,48600000.0,79500000,10800000,DDoS
443,6201797,7,4,635,168,517,0,90.71428571,190.7072051,168,0,42.0,84.0,129.4786011,1.773679467,620179.7,1747216.208,5584424,3,6201797,1033632.833,2270473.383,5661819,3,580531,193510.3333,183054.3695,365803,1320,0,0,232,136,1.128705116,0.644974352,0,517,66.91666667,150.8487854,22755.35606,0,0,0,1,0,0,0,0,0,73.0,90.71428571,42.0,232,7,635,4,168,29200,340,3,32,617370.0,0.0,617370,617370,5584424.0,0.0,5584424,5584424,BENIGN
443,5413777,6,4,611,164,517,0,101.8333333,204.3050823,152,0,41.0,74.05403433,143.1532921,1.847139252,601530.7778,1661793.937,5030032,2,5413777,1082755.4,2291096.959,5179864,2,271315,90438.33333,78441.80827,155090,3174,0,0,132,92,1.108283551,0.738855701,0,517,70.45454545,154.756818,23949.67273,0,0,0,1,0,0,0,0,0,77.5,101.8333333,41.0,132,6,611,4,164,8192,237,5,20,383743.0,0.0,383743,383743,5030032.0,0.0,5030032,5030032,BENIGN
443,5458090,9,7,378,5046,191,0,42.0,68.57659951,1460,0,720.8571429,684.2047521,993.7542254,2.931428393,363872.6667,1324266.229,5149189,1,5458090,682261.25,1805589.648,5149189,4,183124,30520.66667,46194.36465,94054,81,0,0,192,152,1.648928471,1.282499922,0,1460,319.0588235,545.961591,298074.0588,0,0,0,1,0,0,0,0,0,339.0,42.0,720.8571429,192,9,378,7,5046,8192,110,8,20,308897.0,0.0,308897,308897,5149189.0,0.0,5149189,5149189,BENIGN
7938,34,1,1,0,6,0,0,0.0,0.0,6,6,6.0,0.0,176470.5882,58823.52941,34.0,0.0,34,34,0,0.0,0.0,0,0,0,0.0,0.0,0,0,0,0,40,20,29411.76471,29411.76471,0,6,2.0,3.464101615,12.0,0,0,0,1,0,0,0,0,1,3.0,0.0,6.0,40,1,0,1,6,29200,0,0,40,0.0,0.0,0,0,0.0,0.0,0,0,PortScan
3971,46,1,1,2,6,2,2,2.0,0.0,6,6,6.0,0.0,173913.0435,43478.26087,46.0,0.0,46,46,0,0.0,0.0,0,0,0,0.0,0.0,0,0,0,0,24,20,21739.13043,21739.13043,2,6,3.333333333,2.309401077,5.333333333,0,0,0,1,0,0,0,0,1,5.0,2.0,6.0,24,1,2,1,6,1024,0,0,24,0.0,0.0,0,0,0.0,0.0,0,0,PortScan
53,243783,2,2,66,234,33,33,33.0,0.0,117,117,117.0,0.0,1230.602626,16.40803501,81261.0,140742.9845,243777,3,3,3.0,0.0,3,3,3,3.0,0.0,3,3,0,0,64,40,8.204017507,8.204017507,33,117,66.6,46.00869483,2116.8,0,0,0,0,0,0,0,0,1,83.25,33.0,117.0,64,2,66,2,234,-1,-1,1,32,0.0,0.0,0,0,0.0,0.0,0,0,BENIGN
53,159,2,2,96,224,48,48,48.0,0.0,112,112,112.0,0.0,2012578.616,25157.2327,53.0,85.73797292,152,3,3,3.0,0.0,3,3,4,4.0,0.0,4,4,0,0,40,40,12578.61635,12578.61635,48,112,73.6,35.05424368,1228.8,0,0,0,0,0,0,0,0,1,92.0,48.0,112.0,40,2,96,2,224,-1,-1,1,20,0.0,0.0,0,0,0.0,0.0,0,0,BENIGN
53,60911,2,2,74,190,37,37,37.0,0.0,95,95,95.0,0.0,4334.192510384,65.6695834907,20303.6666666667,35163.5181592134,60907,1,1,1.0,0.0,1,1,3,3.0,0.0,3,3,0,0,40,40,32.8347917453,32.8347917453,37,95,60.2,31.7679083353,1009.2,0,0,0,0,0,0,0,0,1,75.25,37.0,95.0,40,2,74,2,190,-1,-1,1,20,0.0,0.0,0,0,0.0,0.0,0,0,BENIGN
443,115937429,19,16,1222,441,539,0,64.31578947,163.8566625,277,0,27.5625,76.48526547,14.34394409,0.301886977,3409924.382,4720103.702,10000000,4,116000000,6440968.278,4781928.833,10000000,4,110000000,7356177.067,4582078.891,10000000,321,0,0,392,464,0.163881502,0.138005475,0,539,46.19444444,129.2792812,16713.13254,0,0,0,1,0,0,0,0,0,47.51428571,64.31578947,27.5625,392,19,1222,16,441,8192,980,18,20,32564.91667,32036.70526,134292,23001,9628887.167,1277835.839,10000000,5571508,BENIGN
9666,48,1,1,2,6,2,2,2.0,0.0,6,6,6.0,0.0,166666.6667,41666.66667,48.0,0.0,48,48,0,0.0,0.0,0,0,0,0.0,0.0,0,0,0,0,24,20,20833.33333,20833.33333,2,6,3.333333333,2.309401077,5.333333333,0,0,0,1,0,0,0,0,1,5.0,2.0,6.0,24,1,2,1,6,1024,0,0,24,0.0,0.0,0,0,0.0,0.0,0,0,PortScan
443,60993031,16,15,737,5686,415,0,46.0625,112.6229513,1460,0,379.0666667,554.6013326,105.3071129,0.508254787,2033101.033,4027795.617,10000000,27,61000000,4066202.067,5011302.657,10100000,18510,60900000,4353010.786,5078369.097,10100000,48,0,0,344,372,0.262325052,0.245929736,0,1460,200.71875,417.2305184,174081.3054,0,0,0,1,0,0,0,0,0,207.1935484,46.0625,379.0666667,344,16,737,15,5686,8192,114,9,20,205779.3333,379975.4787,981401,50496,9951660.0,130984.1937,10000000,9684747,BENIGN
53,63703,1,1,74,90,74,74,74.0,0.0,90,90,90.0,0.0,2574.447043,31.39569565,63703.0,0.0,63703,63703,0,0.0,0.0,0,0,0,0.0,0.0,0,0,0,0,32,32,15.69784783,15.69784783,74,90,79.33333333,9.237604307,85.33333333,0,0,0,0,0,0,0,0,1,119.0,74.0,90.0,32,1,74,1,90,-1,-1,0,32,0.0,0.0,0,0,0.0,0.0,0,0,BENIGN
59846,3,2,0,0,0,0,0,0.0,0.0,0,0,0.0,0.0,0.0,666666.6667,3.0,0.0,3,3,3,3.0,0.0,3,3,0,0.0,0.0,0,0,0,0,64,0,666666.6667,0.0,0,0,0.0,0.0,0.0,0,0,0,0,1,0,0,0,0,0.0,0.0,0.0,64,2,0,0,0,118,-1,0,32,0.0,0.0,0,0,0.0,0.0,0,0,BENIGN
443,32027834,2,0,74,0,37,37,37.0,0.0,0,0,0.0,0.0,2.310490307,0.062445684,32000000.0,0.0,32000000,32000000,32000000,32000000.0,0.0,32000000,32000000,0,0.0,0.0,0,0,1,0,64,0,0.062445684,0.0,37,37,37.0,0.0,0.0,0,1,0,0,1,1,0,0,0,55.5,37.0,0.0,64,2,74,0,0,33304,-1,1,32,0.0,0.0,0,0,0.0,0.0,0,0,BENIGN
53,250,2,2,56,612,28,28,28.0,0.0,306,306,306.0,0.0,2672000.0,16000.0,83.3333333333,138.2762934611,243,3,3,3.0,0.0,3,3,4,4.0,0.0,4,4,0,0,40,40,8000.0,8000.0,28,306,139.2,152.2668709864,23185.2,0,0,0,0,0,0,0,0,1,174.0,28.0,306.0,40,2,56,2,612,-1,-1,1,20,0.0,0.0,0,0,0.0,0.0,0,0,BENIGN
53,45184,2,2,68,182,34,34,34.0,0.0,91,91,91.0,0.0,5532.932011,88.52691218,15061.33333,26081.79841,45178,3,3,3.0,0.0,3,3,3,3.0,0.0,3,3,0,0,64,64,44.26345609,44.26345609,34,91,56.8,31.22018578,974.7,0,0,0,0,0,0,0,0,1,71.0,34.0,91.0,64,2,68,2,182,-1,-1,1,32,0.0,0.0,0,0,0.0,0.0,0,0,BENIGN
443,5614736,6,4,320,157,226,0,53.33333333,86.76788961,145,0,39.25,70.55671478,84.95501837,1.781027639,623859.5556,1802858.038,5430800,3,5614736,1122947.2,2455787.187,5515770,4,137441,45813.66667,45235.89476,90452,3,0,0,132,92,1.068616583,0.712411055,0,226,43.36363636,74.24455903,5512.254545,0,0,0,1,0,0,0,0,0,47.7,53.33333333,39.25,132,6,320,4,157,8192,110,5,20,183932.0,0.0,183932,183932,5430800.0,0.0,5430800,5430800,BENIGN
80,3068,2,0,0,0,0,0,0.0,0.0,0,0,0.0,0.0,0.0,651.8904824,3068.0,0.0,3068,3068,3068,3068.0,0.0,3068,3068,0,0.0,0.0,0,0,0,0,64,0,651.8904824,0.0,0,0,0.0,0.0,0.0,0,0,0,0,1,0,0,0,0,0.0,0.0,0.0,64,2,0,0,0,242,-1,0,32,0.0,0.0,0,0,0.0,0.0,0,0,BENIGN
80,44451,3,5,26,11601,20,0,8.666666667,10.26320288,8760,0,2320.2,3668.897,261568.9186,179.9734539,6350.142857,10864.66349,27895,136,29020,14510.0,19121.58158,28031,989,44315,11078.75,13971.69239,29419,184,0,0,72,112,67.49004522,112.4834087,0,8760,1291.888889,2866.607422,8217438.111,0,0,0,1,0,0,0,0,1,1453.375,8.666666667,2320.2,72,3,26,5,11601,8192,229,2,20,0.0,0.0,0,0,0.0,0.0,0,0,DDoS
7200,43,1,1,0,6,0,0,0.0,0.0,6,6,6.0,0.0,139534.8837,46511.62791,43.0,0.0,43,43,0,0.0,0.0,0,0,0,0.0,0.0,0,0,0,0,40,20,23255.81395,23255.81395,0,6,2.0,3.464101615,12.0,0,0,0,1,0,0,0,0,1,3.0,0.0,6.0,40,1,0,1,6,29200,0,0,40,0.0,0.0,0,0,0.0,0.0,0,0,PortScan
53,194,2,2,66,166,33,33,33.0,0.0,83,83,83.0,0.0,1195876.289,20618.5567,64.66666667,105.9449543,187,3,4,4.0,0.0,4,4,3,3.0,0.0,3,3,0,0,64,64,10309.27835,10309.27835,33,83,53.0,27.38612788,750.0,0,0,0,0,0,0,0,0,1,66.25,33.0,83.0,64,2,66,2,166,-1,-1,1,32,0.0,0.0,0,0,0.0,0.0,0,0,BENIGN
80,192519,3,5,26,11607,20,0,8.666666667,10.26320288,10135,0,2321.4,4413.201989,60425.20478,41.55434009,27502.71429,72244.07266,191336,3,918,459.0,410.1219331,749,169,192474,48118.5,95479.21495,191336,3,0,0,72,112,15.58287753,25.97146256,0,10135,1292.555556,3350.634907,11200000.0,0,0,0,1,0,0,0,0,1,1454.125,8.666666667,2321.4,72,3,26,5,11607,8192,229,2,20,0.0,0.0,0,0,0.0,0.0,0,0,DDoS
443,4518020,5,1,129,41,45,6,25.8,18.78030884,41,41,41.0,0.0,37.62710214,1.32801537,903604.0,2011905.326,4502591,46,4518020,1129505.0,2248735.079,4502591,46,0,0.0,0.0,0,0,1,0,100,20,1.106679475,0.221335895,6,45,30.14285714,17.03358028,290.1428571,0,1,0,0,1,0,0,0,0,35.16666667,25.8,41.0,100,5,129,1,41,237,30,4,20,0.0,0.0,0,0,0.0,0.0,0,0,BENIGN
63578,65,1,1,0,0,0,0,0.0,0.0,0,0,0.0,0.0,0.0,30769.23077,65.0,0.0,65,65,0,0.0,0.0,0,0,0,0.0,0.0,0,0,0,0,32,32,15384.61538,15384.61538,0,0,0.0,0.0,0.0,0,0,0,0,1,1,0,0,1,0.0,0.0,0.0,32,1,0,1,0,57,33304,0,32,0.0,0.0,0,0,0.0,0.0,0,0,BENIGN
80,115838928,16,14,514,1969,430,0,32.125,106.1105556,1963,0,140.6428571,524.5129033,21.43493593,0.258980297,3994445.793,4881053.02,10000000,91,116000000,7722595.2,4148475.731,10000000,16480,110000000,8486069.462,3757108.715,10000000,769,0,0,332,424,0.138122825,0.120857472,0,1963,80.09677419,357.7675553,127997.6237,0,0,0,1,0,0,0,0,0,82.76666667,32.125,140.6428571,332,16,514,14,1969,8192,946,15,20,30452.36364,11665.45152,64988,23512,9998112.091,4029.087824,10000000,9992118,BENIGN
6502,69,1,1,0,6,0,0,0.0,0.0,6,6,6.0,0.0,86956.52174,28985.50725,69.0,0.0,69,69,0,0.0,0.0,0,0,0,0.0,0.0,0,0,0,0,40,20,14492.75362,14492.75362,0,6,2.0,3.464101615,12.0,0,0,0,1,0,0,0,0,1,3.0,0.0,6.0,40,1,0,1,6,29200,0,0,40,0.0,0.0,0,0,0.0,0.0,0,0,PortScan
80,117242698,6,0,0,0,0,0,0.0,0.0,0,0,0.0,0.0,0.0,0.051175895,23400000.0,52400000.0,117000000,0,117000000,23400000.0,52400000.0,117000000,0,0,0.0,0.0,0,0,0,0,200,0,0.051175895,0.0,0,0,0.0,0.0,0.0,0,0,0,0,1,0,0,0,0,0.0,0.0,0.0,200,6,0,0,0,274,-1,0,32,1995.0,0.0,1995,1995,117000000.0,0.0,117000000,117000000,DoS Hulk
443,95099,1,1,0,0,0,0,0.0,0.0,0,0,0.0,0.0,0.0,21.03071536,95099.0,0.0,95099,95099,0,0.0,0.0,0,0,0,0.0,0.0,0,0,0,0,32,32,10.51535768,10.51535768,0,0,0.0,0.0,0.0,0,0,0,0,1,1,0,0,1,0.0,0.0,0.0,32,1,0,1,0,304,254,0,32,0.0,0.0,0,0,0.0,0.0,0,0,BENIGN
5054,43,1,1,2,6,2,2,2.0,0.0,6,6,6.0,0.0,186046.5116,46511.62791,43.0,0.0,43,43,0,0.0,0.0,0,0,0,0.0,0.0,0,0,0,0,24,20,23255.81395,23255.81395,2,6,3.333333333,2.309401077,5.333333333,0,0,0,1,0,0,0,0,1,5.0,2.0,6.0,24,1,2,1,6,1024,0,0,24,0.0,0.0,0,0,0.0,0.0,0,0,PortScan
21,9016892,9,15,108,188,23,0,12.0,9.656603958,34,0,12.53333333,14.54975045,32.82727574,2.661671006,392038.7826,1017145.476,3041276,3,5933817,741727.125,1371316.654,3003300,221,9016826,644059.0,1255407.547,3041276,3,0,0,296,488,0.998126627,1.663544379,0,34,11.84,12.67767066,160.7233333,0,0,0,1,0,0,0,0,1,12.33333333,12.0,12.53333333,296,9,108,15,188,29200,227,6,32,0.0,0.0,0,0,0.0,0.0,0,0,FTP-Patator
80,68641710,6,7,359,11595,341,0,59.83333333,137.7743324,5792,0,1656.428571,2120.732252,174.1506731,0.189389221,5720142.5,19800000.0,68500000,1,68500000,13700000.0,30600000.0,68500000,1,68600000,11400000.0,28000000.0,68500000,46,0,0,164,232,0.08741041,0.101978811,0,5792,854.2857143,1666.190701,2776191.451,1,0,0,0,0,0,0,0,1,920.0,59.83333333,1656.428571,164,6,359,7,11595,0,235,3,20,8997.0,0.0,8997,8997,68500000.0,0.0,68500000,68500000,DoS Hulk
443,549461,84,126,671,175984,421,0,7.988095238,49.06486831,2836,0,1396.698413,307.2526327,321505.985,382.1927307,2629.0,13505.3636,172945,-1,549461,6620.012048,21125.00276,172945,1,512446,4099.568,22226.42522,238622,1,0,0,3876,4040,152.8770923,229.3156384,0,2836,837.2274882,723.4238864,523342.1194,0,0,0,1,0,0,0,0,1,841.2142857,7.988095238,1396.698413,3876,84,671,126,175984,65535,349,5,32,0.0,0.0,0,0,0.0,0.0,0,0,BENIGN
443,56184,5,0,29,0,29,0,5.8,12.9691942695,0,0,0.0,0.0,516.1611846789,88.9933077033,14046.0,27988.0893357633,56028,1,56184,14046.0,27988.0893357633,56028,1,0,0.0,0.0,0,0,0,0,160,0,88.9933077033,0.0,0,29,4.8333333333,11.8392004235,140.1666666667,0,0,0,0,1,0,0,0,0,5.8,5.8,0.0,160,5,29,0,0,33061,-1,1,32,0.0,0.0,0,0,0.0,0.0,0,0,BENIGN
80,10876740,5,0,30,0,6,6,6.0,0.0,0,0,0.0,0.0,2.758179381,0.459696563,2719185.0,5435704.809,10900000,4,10900000,2719185.0,5435704.809,10900000,4,0,0.0,0.0,0,0,0,0,100,0,0.459696563,0.0,6,6,6.0,0.0,0.0,0,0,0,0,1,0,0,0,0,7.2,6.0,0.0,100,5,30,0,0,256,-1,4,20,3998.0,0.0,3998,3998,10900000.0,0.0,10900000,10900000,DDoS
53,26782,1,1,52,114,52,52,52.0,0.0,114,114,114.0,0.0,6198.192816,74.67702188,26782.0,0.0,26782,26782,0,0.0,0.0,0,0,0,0.0,0.0,0,0,0,0,32,20,37.33851094,37.33851094,52,114,72.66666667,35.79571669,1281.333333,0,0,0,0,0,0,0,0,1,109.0,52.0,114.0,32,1,52,1,114,-1,-1,0,32,0.0,0.0,0,0,0.0,0.0,0,0,BENIGN
80,98890944,8,7,302,11595,302,0,37.75,106.773124,4344,0,1656.428571,1757.579003,120.3042414,0.151682241,7063638.857,26400000.0,98900000,1,98900000,14100000.0,37400000.0,98900000,1,26673,4445.5,7203.391889,17231,9,0,0,264,232,0.080897195,0.070785046,0,4344,743.5625,1390.103927,1932388.929,0,0,0,0,1,0,0,0,0,793.1333333,37.75,1656.428571,264,8,302,7,11595,274,235,1,32,992.0,0.0,992,992,98900000.0,0.0,98900000,98900000,DoS Hulk
443,1187894,8,6,1172,3643,793,0,146.5,274.0208543,2920,0,607.1666667,1140.96598,4053.391969,11.78556336,91376.46154,160231.786,586802,52,1143890,163412.8571,199233.2065,586802,21431,1152077,230415.4,319502.7171,772548,138,0,0,172,132,6.734607633,5.050955725,0,2920,321.0,749.8866581,562330.0,0,0,0,1,0,0,0,0,0,343.9285714,146.5,607.1666667,172,8,1172,6,3643,8192,135,7,20,0.0,0.0,0,0,0.0,0.0,0,0,BENIGN
53,153,2,2,78,134,39,39,39.0,0.0,67,67,67.0,0.0,1385620.915,26143.79085,51.0,49.56813493,102,3,3,3.0,0.0,3,3,48,48.0,0.0,48,48,0,0,64,64,13071.89542,13071.89542,39,67,50.2,15.33623161,235.2,0,0,0,0,0,0,0,0,1,62.75,39.0,67.0,64,2,78,2,134,-1,-1,1,32,0.0,0.0,0,0,0.0,0.0,0,0,BENIGN
53,60053,1,1,45,127,45,45,45.0,0.0,127,127,127.0,0.0,2864.136679,33.30391488,60053.0,0.0,60053,60053,0,0.0,0.0,0,0,0,0.0,0.0,0,0,0,0,32,32,16.65195744,16.65195744,45,127,72.33333333,47.34272207,2241.333333,0,0,0,0,0,0,0,0,1,108.5,45.0,127.0,32,1,45,1,127,-1,-1,0,32,0.0,0.0,0,0,0.0,0.0,0,0,BENIGN
80,1319911,3,5,26,11607,20,0,8.666666667,10.26320288,5840,0,2321.4,3173.373883,8813.47303,6.06101472,188558.7143,498377.2766,1318772,7,852,426.0,543.058008,810,42,1319836,329959.0,659208.7698,1318772,7,0,0,72,112,2.27288052,3.7881342,0,5840,1292.555556,2554.159212,6523729.278,0,0,0,1,0,0,0,0,1,1454.125,8.666666667,2321.4,72,3,26,5,11607,8192,229,2,20,0.0,0.0,0,0,0.0,0.0,0,0,DDoS
80,118115209,19,17,1805,762,587,0,95.0,212.2477588,250,0,44.82352941,97.92103662,21.73301831,0.304787168,3374720.257,4684633.362,10000000,46,118000000,6559909.444,4711980.647,10000000,199,118000000,7379893.938,4394537.522,10000000,19137,0,0,392,484,0.160859894,0.143927274,0,587,69.37837838,165.9849979,27551.01952,0,0,0,1,0,0,0,0,0,71.30555556,95.0,44.82352941,392,19,1805,17,762,8192,362,18,20,100755.5,165930.8751,591359,36751,9739108.667,763971.7483,10000000,7324761,BENIGN
16993,21,1,1,0,6,0,0,0.0,0.0,6,6,6.0,0.0,285714.2857,95238.09524,21.0,0.0,21,21,0,0.0,0.0,0,0,0,0.0,0.0,0,0,0,0,40,20,47619.04762,47619.04762,0,6,2.0,3.464101615,12.0,0,0,0,1,0,0,0,0,1,3.0,0.0,6.0,40,1,0,1,6,29200,0,0,40,0.0,0.0,0,0,0.0,0.0,0,0,PortScan
53,402,1,1,53,113,53,53,53.0,0.0,113,113,113.0,0.0,412935.3234,4975.124378,402.0,0.0,402,402,0,0.0,0.0,0,0,0,0.0,0.0,0,0,0,0,32,32,2487.562189,2487.562189,53,113,73.0,34.64101615,1200.0,0,0,0,0,0,0,0,0,1,109.5,53.0,113.0,32,1,53,1,113,-1,-1,0,32,0.0,0.0,0,0,0.0,0.0,0,0,BENIGN
52136,3,2,0,12,0,6,6,6.0,0.0,0,0,0.0,0.0,4000000.0,666666.666666667,3.0,0.0,3,3,3,3.0,0.0,3,3,0,0.0,0.0,0,0,0,0,40,0,666666.666666667,0.0,6,6,6.0,0.0,0.0,0,0,0,0,1,0,0,0,0,9.0,6.0,0.0,40,2,12,0,0,373,-1,1,20,0.0,0.0,0,0,0.0,0.0,0,0,BENIGN
58237,1838406,1,5,6,30,6,6,6.0,0.0,6,6,6.0,0.0,19.58218152,3.26369692,367681.2,819089.0022,1832911,273,0,0.0,0.0,0,0,1835784,458946.0,915977.0557,1832911,273,0,0,20,100,0.543949487,2.719747433,6,6,6.0,0.0,0.0,0,0,0,0,1,1,0,0,5,7.0,6.0,6.0,20,1,6,5,30,229,0,0,20,0.0,0.0,0,0,0.0,0.0,0,0,BENIGN
53,127526,2,2,70,148,35,35,35.0,0.0,74,74,74.0,0.0,1709.455327,31.36615278,42508.66667,73623.70633,127522,1,1,1.0,0.0,1,1,3,3.0,0.0,3,3,0,0,40,64,15.68307639,15.68307639,35,74,50.6,21.36117974,456.3,0,0,0,0,0,0,0,0,1,63.25,35.0,74.0,40,2,70,2,148,-1,-1,1,20,0.0,0.0,0,0,0.0,0.0,0,0,BENIGN
49287,4,2,0,12,0,6,6,6.0,0.0,0,0,0.0,0.0,3000000.0,500000.0,4.0,0.0,4,4,4,4.0,0.0,4,4,0,0.0,0.0,0,0,0,0,40,0,500000.0,0.0,6,6,6.0,0.0,0.0,0,0,0,0,1,0,0,0,0,9.0,6.0,0.0,40,2,12,0,0,33580,-1,1,20,0.0,0.0,0,0,0.0,0.0,0,0,BENIGN
80,59912,3,4,431,2267,431,0,143.6666667,248.837966,2267,0,566.75,1133.5,45032.71465,116.8380291,9985.333333,15128.73085,29523,4,29615,14807.5,20868.84243,29564,51,30409,10136.33333,16890.68354,29635,4,0,0,104,136,50.07344105,66.76458806,0,2267,337.25,794.1886696,630735.6429,0,0,0,1,0,0,0,0,1,385.4285714,143.6666667,566.75,104,3,431,4,2267,29200,235,1,32,0.0,0.0,0,0,0.0,0.0,0,0,BENIGN
53,339862,2,2,76,310,38,38,38.0,0.0,155,155,155.0,0.0,1135.755101,11.76948291,113287.3333,196213.355,339855,3,3,3.0,0.0,3,3,4,4.0,0.0,4,4,0,0,40,64,5.884741454,5.884741454,38,155,84.8,64.08353923,4106.7,0,0,0,0,0,0,0,0,1,106.0,38.0,155.0,40,2,76,2,310,-1,-1,1,20,0.0,0.0,0,0,0.0,0.0,0,0,BENIGN
1296,48,1,1,0,6,0,0,0.0,0.0,6,6,6.0,0.0,125000.0,41666.66667,48.0,0.0,48,48,0,0.0,0.0,0,0,0,0.0,0.0,0,0,0,0,40,20,20833.33333,20833.33333,0,6,2.0,3.464101615,12.0,0,0,0,1,0,0,0,0,1,3.0,0.0,6.0,40,1,0,1,6,29200,0,0,40,0.0,0.0,0,0,0.0,0.0,0,0,PortScan
8080,997979,3,3,0,18,0,0,0.0,0.0,6,6,6.0,0.0,18.03645167,6.012150556,199595.8,272549.1981,499559,463,997309,498654.5,1933.937047,500022,497287,997446,498723.0,2129.805625,500229,497217,0,0,92,60,3.006075278,3.006075278,0,6,2.571428571,3.207134903,10.28571429,0,0,0,1,0,0,0,0,1,3.0,0.0,6.0,92,3,0,3,18,8192,0,0,28,0.0,0.0,0,0,0.0,0.0,0,0,Bot
62920,86,1,3,0,18,0,0,0.0,0.0,6,6,6.0,0.0,209302.325581395,46511.6279069767,28.6666666667,46.1988455844,82,1,0,0.0,0.0,0,0,4,2.0,1.4142135624,3,1,0,0,32,60,11627.9069767442,34883.7209302326,0,6,3.6,3.286335345,10.8,0,0,0,0,1,0,0,0,3,4.5,0.0,6.0,32,1,0,3,18,972,0,0,32,0.0,0.0,0,0,0.0,0.0,0,0,BENIGN
80,1128017,4,0,24,0,6,6,6.0,0.0,0,0,0.0,0.0,21.27627509,3.546045849,376005.6667,650387.2923,1127008,3,1128017,376005.6667,650387.2923,1127008,3,0,0.0,0.0,0,0,0,0,80,0,3.546045849,0.0,6,6,6.0,0.0,0.0,0,0,0,0,1,0,0,0,0,7.5,6.0,0.0,80,4,24,0,0,256,-1,3,20,0.0,0.0,0,0,0.0,0.0,0,0,DDoS
53,3123,2,2,60,344,30,30,30.0,0.0,172,172,172.0,0.0,129362.7922,1280.819725,1041.0,1761.659161,3075,0,0,0.0,0.0,0,0,48,48.0,0.0,48,48,0,0,64,64,640.4098623,640.4098623,30,172,86.8,77.77660317,6049.2,0,0,0,0,0,0,0,0,1,108.5,30.0,172.0,64,2,60,2,344,-1,-1,1,32,0.0,0.0,0,0,0.0,0.0,0,0,BENIGN
21,237,2,1,14,0,14,0,7.0,9.899494937,0,0,0.0,0.0,59071.72996,12658.22785,118.5,33.23401872,142,95,237,237.0,0.0,237,237,0,0.0,0.0,0,0,1,0,64,20,8438.818565,4219.409283,0,14,7.0,8.082903769,65.33333333,0,1,0,0,1,0,0,0,0,9.333333333,7.0,0.0,64,2,14,1,0,229,0,0,32,0.0,0.0,0,0,0.0,0.0,0,0,FTP-Patator
443,5136168,8,6,611,3499,342,0,76.375,125.4226426,1460,2,583.1666667,703.474354,800.2074698,2.725767537,395089.8462,1342961.371,4863405,2,5136168,733738.2857,1821610.413,4863405,3,159258,31851.6,42174.90026,78716,2,0,0,172,124,1.55758145,1.168186087,0,1460,274.0,503.2410669,253251.5714,0,0,0,1,0,0,0,0,0,293.5714286,76.375,583.1666667,172,8,611,6,3499,8192,34962,7,20,0.0,0.0,0,0,0.0,0.0,0,0,BENIGN
443,116537808,26,26,4189,7877,1867,0,161.1153846,487.1371328,1448,0,302.9615385,540.1374255,103.5372143,0.446207123,2285055.059,4161636.021,10000000,3,117000000,4661512.32,4975542.665,10100000,3,111000000,4451982.64,5061764.572,10100000,3,0,0,840,840,0.223103561,0.223103561,0,1867,227.6603774,510.2915058,260397.4209,0,0,0,1,0,0,0,0,1,232.0384615,161.1153846,302.9615385,840,26,4189,26,7877,29200,1301,5,32,89951.33333,228075.0878,814187,24052,9621532.417,1387987.169,10000000,5214158,BENIGN
42214,53,1,1,0,0,0,0,0.0,0.0,0,0,0.0,0.0,0.0,37735.84906,53.0,0.0,53,53,0,0.0,0.0,0,0,0,0.0,0.0,0,0,0,0,32,32,18867.92453,18867.92453,0,0,0.0,0.0,0.0,0,0,0,0,1,1,0,0,1,0.0,0.0,0.0,32,1,0,1,0,358,333,0,32,0.0,0.0,0,0,0.0,0.0,0,0,BENIGN
60358,59,1,1,6,6,6,6,6.0,0.0,6,6,6.0,0.0,203389.830508475,33898.3050847458,59.0,0.0,59,59,0,0.0,0.0,0,0,0,0.0,0.0,0,0,0,0,20,20,16949.1525423729,16949.1525423729,6,6,6.0,0.0,0.0,0,0,0,0,1,1,0,0,1,9.0,6.0,6.0,20,1,6,1,6,32,32850,0,20,0.0,0.0,0,0,0.0,0.0,0,0,BENIGN
80,67253030,7,7,331,11595,325,0,47.28571429,122.4809023,4344,0,1656.428571,1757.579003,177.3303002,0.208169059,5173310.0,18600000.0,67100000,1,67100000,11200000.0,27400000.0,67100000,1,152844,25474.0,56509.16358,140418,49,0,0,220,232,0.10408453,0.10408453,0,4344,795.0666667,1423.388536,2026034.924,0,0,0,0,1,0,0,0,1,851.8571429,47.28571429,1656.428571,220,7,331,7,11595,251,235,2,20,969.0,0.0,969,969,67100000.0,0.0,67100000,67100000,DoS Hulk
53,784,2,2,70,126,35,35,35.0,0.0,63,63,63.0,0.0,250000.0,5102.040816,261.3333333,446.5807131,777,3,3,3.0,0.0,3,3,4,4.0,0.0,4,4,0,0,64,64,2551.020408,2551.020408,35,63,46.2,15.33623161,235.2,0,0,0,0,0,0,0,0,1,57.75,35.0,63.0,64,2,70,2,126,-1,-1,1,32,0.0,0.0,0,0,0.0,0.0,0,0,BENIGN
21,9143836,9,15,104,188,22,0,11.55555556,9.207484878,34,0,12.53333333,14.54975045,31.93408106,2.624718991,397558.087,1051665.128,3774970,1,6562510,820313.75,1543863.225,3817305,49,9143724,653123.1429,1300750.091,3774970,1,0,0,296,488,0.984269622,1.640449369,0,34,11.68,12.5655614,157.8933333,0,0,0,1,0,0,0,0,1,12.16666667,11.55555556,12.53333333,296,9,104,15,188,29200,227,6,32,0.0,0.0,0,0,0.0,0.0,0,0,FTP-Patator
80,9001228,3,0,0,0,0,0,0.0,0.0,0,0,0.0,0.0,0.0,0.333287858,4500614.0,2123277.615,6001998,2999230,9001228,4500614.0,2123277.615,6001998,2999230,0,0.0,0.0,0,0,0,0,92,0,0.333287858,0.0,0,0,0.0,0.0,0.0,0,0,0,1,0,0,0,0,0,0.0,0.0,0.0,92,3,0,0,0,8192,-1,0,28,2999230.0,0.0,2999230,2999230,6001998.0,0.0,6001998,6001998,BENIGN
38079,51,1,1,0,0,0,0,0.0,0.0,0,0,0.0,0.0,0.0,39215.68627,51.0,0.0,51,51,0,0.0,0.0,0,0,0,0.0,0.0,0,0,0,0,32,32,19607.84314,19607.84314,0,0,0.0,0.0,0.0,0,0,0,0,1,1,0,0,1,0.0,0.0,0.0,32,1,0,1,0,114,229,0,32,0.0,0.0,0,0,0.0,0.0,0,0,BENIGN
53,176,2,2,80,112,40,40,40.0,0.0,56,56,56.0,0.0,1090909.091,22727.27273,58.66666667,61.07645482,124,3,49,49.0,0.0,49,49,3,3.0,0.0,3,3,0,0,40,40,11363.63636,11363.63636,40,56,46.4,8.76356092,76.8,0,0,0,0,0,0,0,0,1,58.0,40.0,56.0,40,2,80,2,112,-1,-1,1,20,0.0,0.0,0,0,0.0,0.0,0,0,BENIGN
7884,2,3,0,43,0,31,6,14.33333333,14.43375673,0,0,0.0,0.0,21500000.0,1500000.0,1.0,0.0,1,1,2,1.0,0.0,1,1,0,0.0,0.0,0,0,0,0,60,0,1500000.0,0.0,6,31,12.25,12.5,156.25,0,0,0,0,1,0,0,0,0,16.33333333,14.33333333,0.0,60,3,43,0,0,946,-1,2,20,0.0,0.0,0,0,0.0,0.0,0,0,BENIGN
21,9909897,9,15,103,188,23,0,11.44444444,9.207484878,34,0,12.53333333,14.54975045,29.36458371,2.421821337,430865.087,1090299.287,3291354,1,6832561,854070.125,1508762.732,3334375,119,9909896,707849.7143,1341875.671,3291354,1,0,0,296,488,0.908183001,1.513638335,0,34,11.64,12.56609194,157.9066667,0,0,0,1,0,0,0,0,1,12.125,11.44444444,12.53333333,296,9,103,15,188,29200,227,6,32,0.0,0.0,0,0,0.0,0.0,0,0,FTP-Patator
80,67660517,6,5,308,11595,308,0,51.33333333,125.7404735,5792,0,2319.0,3170.403917,175.9223921,0.162576352,6766051.7,21300000.0,67500000,4,67500000,13500000.0,30200000.0,67500000,4,148439,37109.75,66279.44328,136170,65,0,0,200,168,0.08867801,0.073898342,0,5792,991.9166667,2243.834561,5034793.538,0,0,0,0,1,0,0,0,0,1082.090909,51.33333333,2319.0,200,6,308,5,11595,251,235,1,32,995.0,0.0,995,995,67500000.0,0.0,67500000,67500000,DoS Hulk
19801,55,1,1,2,6,2,2,2.0,0.0,6,6,6.0,0.0,145454.5455,36363.63636,55.0,0.0,55,55,0,0.0,0.0,0,0,0,0.0,0.0,0,0,0,0,24,20,18181.81818,18181.81818,2,6,3.333333333,2.309401077,5.333333333,0,0,0,1,0,0,0,0,1,5.0,2.0,6.0,24,1,2,1,6,1024,0,0,24,0.0,0.0,0,0,0.0,0.0,0,0,PortScan
80,116321495,16,14,575,600,564,0,35.9375,140.817361,600,0,42.85714286,160.3567451,10.10131446,0.257905901,4011086.034,4840136.968,10000000,88,116000000,7754766.333,4037291.01,10100000,36785,112000000,8597680.923,3540169.293,10100000,15976,0,0,332,424,0.137549814,0.120356087,0,600,37.90322581,145.3238578,21119.02366,0,0,0,1,0,0,0,0,0,39.16666667,35.9375,42.85714286,332,16,575,14,600,8192,344,12,20,158125.2727,402262.3973,1370992,36632,10000000.0,17692.96755,10000000,9953453,BENIGN
53,198,2,2,74,204,37,37,37.0,0.0,102,102,102.0,0.0,1404040.404,20202.0202,66.0,109.1192009,192,3,3,3.0,0.0,3,3,3,3.0,0.0,3,3,0,0,40,40,10101.0101,10101.0101,37,102,63.0,35.60196624,1267.5,0,0,0,0,0,0,0,0,1,78.75,37.0,102.0,40,2,74,2,204,-1,-1,1,20,0.0,0.0,0,0,0.0,0.0,0,0,BENIGN
80,65666,3,4,340,357,340,0,113.3333333,196.2990915,357,0,89.25,178.5,10614.32096,106.600067,10944.33333,16637.26232,32629,3,32789,16394.5,23181.08161,32786,3,33037,11012.33333,18500.07358,32371,4,0,0,104,136,45.685743,60.914324,0,357,87.125,161.3881191,26046.125,0,0,0,1,0,0,0,0,1,99.57142857,113.3333333,89.25,104,3,340,4,357,29200,59,1,32,0.0,0.0,0,0,0.0,0.0,0,0,BENIGN
80,99198693,9,6,352,11595,352,0,39.11111111,117.3333333,5792,0,1932.5,2181.008184,120.4350545,0.15121167,7085620.929,26500000.0,99200000,1,99200000,12400000.0,35100000.0,99200000,1,7419,1483.8,3097.071956,7023,46,0,0,296,200,0.090727002,0.060484668,0,5792,746.6875,1578.914172,2492969.963,0,0,0,0,1,0,0,0,0,796.4666667,39.11111111,1932.5,296,9,352,6,11595,251,235,1,32,1009.0,0.0,1009,1009,99200000.0,0.0,99200000,99200000,DoS Hulk
80,10776340,9,6,349,11632,349,0,38.77777778,116.3333333,4392,0,1938.666667,2190.718847,1111.78749,1.391938265,769738.5714,1961771.06,5773851,16,5777470,722183.75,2041492.552,5774620,198,10800000,2155262.8,2963288.681,5773851,16,0,0,296,200,0.835162959,0.556775306,0,4392,748.8125,1585.2885,2513139.629,0,0,0,1,0,0,0,0,0,798.7333333,38.77777778,1938.666667,296,9,349,6,11632,29200,235,1,32,951.0,0.0,951,951,5773851.0,0.0,5773851,5773851,DoS GoldenEye
53,198289,2,2,72,250,36,36,36.0,0.0,125,125,125.0,0.0,1623.892399,20.17257639,66096.33333,114476.1454,198282,3,4,4.0,0.0,4,4,3,3.0,0.0,3,3,0,0,80,88,10.0862882,10.0862882,36,125,71.6,48.74730762,2376.3,0,0,0,0,0,0,0,0,1,89.5,36.0,125.0,80,2,72,2,250,-1,-1,1,40,0.0,0.0,0,0,0.0,0.0,0,0,BENIGN
53,31311,2,2,70,240,35,35,35.0,0.0,120,120,120.0,0.0,9900.6738845773,127.7506307687,10437.0,18072.2181261737,31305,3,3,3.0,0.0,3,3,3,3.0,0.0,3,3,0,0,64,40,63.8753153844,63.8753153844,35,120,69.0,46.5564173879,2167.5,0,0,0,0,0,0,0,0,1,86.25,35.0,120.0,64,2,70,2,240,-1,-1,1,32,0.0,0.0,0,0,0.0,0.0,0,0,BENIGN
443,148905,3,0,65,0,53,6,21.66666667,27.13546265,0,0,0.0,0.0,436.5199288,20.14707364,74452.5,105287.4926,148902,3,148905,74452.5,105287.4926,148902,3,0,0.0,0.0,0,0,0,0,60,0,20.14707364,0.0,6,53,17.75,23.5,552.25,0,0,0,0,1,0,0,0,0,23.66666667,21.66666667,0.0,60,3,65,0,0,253,-1,2,20,0.0,0.0,0,0,0.0,0.0,0,0,BENIGN
5859,60,1,1,0,6,0,0,0.0,0.0,6,6,6.0,0.0,100000.0,33333.33333,60.0,0.0,60,60,0,0.0,0.0,0,0,0,0.0,0.0,0,0,0,0,40,20,16666.66667,16666.66667,0,6,2.0,3.464101615,12.0,0,0,0,1,0,0,0,0,1,3.0,0.0,6.0,40,1,0,1,6,29200,0,0,40,0.0,0.0,0,0,0.0,0.0,0,0,PortScan
53,173,2,2,70,166,35,35,35.0,0.0,83,83,83.0,0.0,1364161.84971098,23121.387283237,57.6666666667,94.6854441471,167,3,3,3.0,0.0,3,3,3,3.0,0.0,3,3,0,0,80,80,11560.6936416185,11560.6936416185,35,83,54.2,26.2906827602,691.2,0,0,0,0,0,0,0,0,1,67.75,35.0,83.0,80,2,70,2,166,-1,-1,1,40,0.0,0.0,0,0,0.0,0.0,0,0,BENIGN
417,24,1,1,0,6,0,0,0.0,0.0,6,6,6.0,0.0,250000.0,83333.33333,24.0,0.0,24,24,0,0.0,0.0,0,0,0,0.0,0.0,0,0,0,0,40,20,41666.66667,41666.66667,0,6,2.0,3.464101615,12.0,0,0,0,1,0,0,0,0,1,3.0,0.0,6.0,40,1,0,1,6,29200,0,0,40,0.0,0.0,0,0,0.0,0.0,0,0,PortScan
49671,14552747,11,6,2408,2160,968,0,218.9090909,380.1022111,952,0,360.0,462.1203306,313.892628,1.168164334,909546.6875,3623662.793,14500000,1,14600000,1455274.7,4582844.686,14500000,1,940,188.0,284.2340585,673,3,0,0,244,144,0.755871039,0.412293294,0,968,253.7777778,395.4170629,156354.6536,0,0,0,1,0,0,0,0,0,268.7058824,218.9090909,360.0,244,11,2408,6,2160,8192,2049,9,20,0.0,0.0,0,0,0.0,0.0,0,0,BENIGN
51633,217,2,0,12,0,6,6,6.0,0.0,0,0,0.0,0.0,55299.53917,9216.589862,217.0,0.0,217,217,217,217.0,0.0,217,217,0,0.0,0.0,0,0,0,0,40,0,9216.589862,0.0,6,6,6.0,0.0,0.0,0,0,0,0,1,0,0,0,0,9.0,6.0,0.0,40,2,12,0,0,70,-1,1,20,0.0,0.0,0,0,0.0,0.0,0,0,BENIGN
443,6,1,1,6,6,6,6,6.0,0.0,6,6,6.0,0.0,2000000.0,333333.333333333,6.0,0.0,6,6,0,0.0,0.0,0,0,0,0.0,0.0,0,0,0,0,20,20,166666.666666667,166666.666666667,6,6,6.0,0.0,0.0,0,0,0,0,1,0,0,0,1,9.0,6.0,6.0,20,1,6,1,6,256,382,0,20,0.0,0.0,0,0,0.0,0.0,0,0,BENIGN
53,23526,1,1,42,200,42,42,42.0,0.0,200,200,200.0,0.0,10286.49154,85.01232679,23526.0,0.0,23526,23526,0,0.0,0.0,0,0,0,0.0,0.0,0,0,0,0,32,32,42.50616339,42.50616339,42,200,94.66666667,91.22134253,8321.333333,0,0,0,0,0,0,0,0,1,142.0,42.0,200.0,32,1,42,1,200,-1,-1,0,32,0.0,0.0,0,0,0.0,0.0,0,0,BENIGN
53,54447,2,2,68,122,34,34,34.0,0.0,61,61,61.0,0.0,3489.632119,73.46593935,18149.0,31434.12409,54446,0,0,0.0,0.0,0,0,1,1.0,0.0,1,1,0,0,40,64,36.73296968,36.73296968,34,61,44.8,14.78850905,218.7,0,0,0,0,0,0,0,0,1,56.0,34.0,61.0,40,2,68,2,122,-1,-1,1,20,0.0,0.0,0,0,0.0,0.0,0,0,BENIGN
80,1847069,3,5,26,11607,20,0,8.666666667,10.26320288,7300,0,2321.4,3346.363967,6298.086319,4.331186328,263867.0,697625.1384,1845932,2,884,442.0,552.9575029,833,51,1846986,461746.5,922790.4094,1845932,2,0,0,72,112,1.624194873,2.706991455,0,7300,1292.555556,2662.264877,7087654.278,0,0,0,1,0,0,0,0,1,1454.125,8.666666667,2321.4,72,3,26,5,11607,8192,229,2,20,0.0,0.0,0,0,0.0,0.0,0,0,DDoS
80,92400496,8,4,56,11601,20,0,7.0,5.656854249,8760,0,2900.25,4128.319301,126.1573314,0.129869433,8400045.091,24500000.0,81900000,1,90600000,12900000.0,30600000.0,81900000,1,1850912,616970.6667,1065295.799,1847067,374,0,0,172,92,0.086579622,0.043289811,0,8760,897.1538462,2488.507044,6192667.308,0,0,0,0,1,0,0,0,0,971.9166667,7.0,2900.25,172,8,56,4,11601,256,229,6,20,3036.0,0.0,3036,3036,45300000.0,51700000.0,81900000,8681784,DDoS
21,8339737,9,15,109,188,23,0,12.11111111,9.778093429,34,0,12.53333333,14.54975045,35.61263383,2.877788592,362597.2609,961107.2367,3498202,4,4797487,599685.875,1110517.691,2517037,226,8339644,595688.8571,1188996.704,3498202,4,0,0,296,488,1.079170722,1.79861787,0,34,11.88,12.70931417,161.5266667,0,0,0,1,0,0,0,0,1,12.375,12.11111111,12.53333333,296,9,109,15,188,29200,227,6,32,0.0,0.0,0,0,0.0,0.0,0,0,FTP-Patator
56827,48,1,1,6,6,6,6,6.0,0.0,6,6,6.0,0.0,250000.0,41666.66667,48.0,0.0,48,48,0,0.0,0.0,0,0,0,0.0,0.0,0,0,0,0,20,20,20833.33333,20833.33333,6,6,6.0,0.0,0.0,0,0,0,0,1,1,0,0,1,9.0,6.0,6.0,20,1,6,1,6,119,253,0,20,0.0,0.0,0,0,0.0,0.0,0,0,BENIGN
80,117783988,6,1,24,0,6,0,4.0,3.098386677,0,0,0.0,0.0,0.203762841,0.059430829,19600000.0,40700000.0,102000000,141,118000000,23600000.0,44200000.0,102000000,1004,0,0.0,0.0,0,0,0,0,160,32,0.05094071,0.008490118,0,6,3.75,3.105295017,9.642857143,1,0,0,0,0,0,0,0,0,4.285714286,4.0,0.0,160,6,24,1,0,0,235,3,20,32033.0,0.0,32033,32033,58900000.0,60600000.0,102000000,16000000,DoS Hulk
53,23376,1,1,56,72,56,56,56.0,0.0,72,72,72.0,0.0,5475.701574,85.5578371,23376.0,0.0,23376,23376,0,0.0,0.0,0,0,0,0.0,0.0,0,0,0,0,20,20,42.77891855,42.77891855,56,72,61.33333333,9.237604307,85.33333333,0,0,0,0,0,0,0,0,1,92.0,56.0,72.0,20,1,56,1,72,-1,-1,0,20,0.0,0.0,0,0,0.0,0.0,0,0,BENIGN
10009,81,1,1,0,6,0,0,0.0,0.0,6,6,6.0,0.0,74074.07407,24691.35802,81.0,0.0,81,81,0,0.0,0.0,0,0,0,0.0,0.0,0,0,0,0,40,20,12345.67901,12345.67901,0,6,2.0,3.464101615,12.0,0,0,0,1,0,0,0,0,1,3.0,0.0,6.0,40,1,0,1,6,29200,0,0,40,0.0,0.0,0,0,0.0,0.0,0,0,PortScan
80,456194,3,5,26,11607,20,0,8.666666667,10.26320288,7215,0,2321.4,3327.769794,25500.11618,17.53639899,65170.57143,171990.8741,455209,3,695,347.5,485.7823587,691,4,456041,114010.25,227466.011,455209,3,0,0,72,112,6.576149621,10.96024937,0,7215,1292.555556,2650.585648,7025604.278,0,0,0,1,0,0,0,0,1,1454.125,8.666666667,2321.4,72,3,26,5,11607,8192,229,2,20,0.0,0.0,0,0,0.0,0.0,0,0,DDoS
80,10159707,5,0,30,0,6,6,6.0,0.0,0,0,0.0,0.0,2.952841061,0.492140177,2539926.75,5077850.233,10200000,0,10200000,2539926.75,5077850.233,10200000,0,0,0.0,0.0,0,0,0,0,100,0,0.492140177,0.0,6,6,6.0,0.0,0.0,0,0,0,0,1,0,0,0,0,7.2,6.0,0.0,100,5,30,0,0,256,-1,4,20,3005.0,0.0,3005,3005,10200000.0,0.0,10200000,10200000,DDoS
53,31128,2,2,68,158,34,34,34.0,0.0,79,79,79.0,0.0,7260.344384477,128.5016705217,10376.0,17927.6060030334,31077,3,48,48.0,0.0,48,48,3,3.0,0.0,3,3,0,0,64,40,64.2508352609,64.2508352609,34,79,52.0,24.6475150877,607.5,0,0,0,0,0,0,0,0,1,65.0,34.0,79.0,64,2,68,2,158,-1,-1,1,32,0.0,0.0,0,0,0.0,0.0,0,0,BENIGN
53,108059,1,1,60,163,60,60,60.0,0.0,163,163,163.0,0.0,2063.6874300151,18.5084074441,108059.0,0.0,108059,108059,0,0.0,0.0,0,0,0,0.0,0.0,0,0,0,0,44,20,9.254203722,9.254203722,60,163,94.3333333333,59.4670777265,3536.3333333333,0,0,0,0,0,0,0,0,1,141.5,60.0,163.0,44,1,60,1,163,-1,-1,0,44,0.0,0.0,0,0,0.0,0.0,0,0,BENIGN
53,902,1,1,46,93,46,46,46.0,0.0,93,93,93.0,0.0,154101.99556541,2217.2949002217,902.0,0.0,902,902,0,0.0,0.0,0,0,0,0.0,0.0,0,0,0,0,20,20,1108.6474501109,1108.6474501109,46,93,61.6666666667,27.1354626519,736.3333333333,0,0,0,0,0,0,0,0,1,92.5,46.0,93.0,20,1,46,1,93,-1,-1,0,20,0.0,0.0,0,0,0.0,0.0,0,0,BENIGN
443,118053947,33,44,23577,33992,4510,0,714.4545454545,1267.2445031176,1700,0,772.5454545455,709.3031121196,487.6499385489,0.6522441812,1553341.40789474,9425541.24691999,58516103,1,118053947,3689185.84375,14390866.5648733,58593480,48,117817121,2739933.04651163,12471127.3639499,58552858,1,0,0,684,892,0.2795332205,0.3727109607,0,4510,738.0641025641,977.9271257972,956341.463369964,0,0,0,1,0,0,0,0,1,747.6493506494,714.4545454545,772.5454545455,684,33,23577,44,33992,8192,726,31,20,400796.5,172604.058180855,522846,278747,58507808.5,11730.1943931036,58516103,58499514,BENIGN
53,91035,2,2,86,242,43,43,43.0,0.0,121,121,121.0,0.0,3603.009831,43.93914429,30345.0,52555.61766,91031,1,1,1.0,0.0,1,1,3,3.0,0.0,3,3,0,0,64,64,21.96957214,21.96957214,43,121,74.2,42.72235949,1825.2,0,0,0,0,0,0,0,0,1,92.75,43.0,121.0,64,2,86,2,242,-1,-1,1,32,0.0,0.0,0,0,0.0,0.0,0,0,BENIGN
64514,27,1,1,6,6,6,6,6.0,0.0,6,6,6.0,0.0,444444.444444444,74074.0740740741,27.0,0.0,27,27,0,0.0,0.0,0,0,0,0.0,0.0,0,0,0,0,20,20,37037.037037037,37037.037037037,6,6,6.0,0.0,0.0,0,0,0,0,1,1,0,0,1,9.0,6.0,6.0,20,1,6,1,6,58,256,0,20,0.0,0.0,0,0,0.0,0.0,0,0,BENIGN
80,115476348,18,16,339,4464,339,0,18.83333333,79.90306627,1568,0,279.0,600.3652222,41.59293295,0.294432588,3499283.273,4750686.017,10000000,36,115000000,6792726.353,4672096.579,10100000,225,111000000,7374123.867,4590592.477,10100000,225,0,0,584,520,0.155876076,0.138556512,0,1568,137.2285714,423.8425128,179642.4756,0,0,0,1,0,0,0,0,0,141.2647059,18.83333333,279.0,584,18,339,16,4464,29200,118,1,32,42221.36364,23744.79778,113795,34777,10000000.0,7444.667717,10000000,9998136,BENIGN
80,49446,1,3,0,1983,0,0,0.0,0.0,1983,0,661.0,1144.885584,40104.35627,80.89633135,16482.0,24083.51322,44122,9,0,0.0,0.0,0,0,5324,2662.0,3751.908581,5315,9,0,0,32,96,20.22408284,60.67224851,0,1983,396.6,886.8245599,786457.8,0,0,0,0,1,1,0,0,3,495.75,0.0,661.0,32,1,0,3,1983,229,235,0,32,0.0,0.0,0,0,0.0,0.0,0,0,DoS Slowhttptest
1107,70,1,1,0,6,0,0,0.0,0.0,6,6,6.0,0.0,85714.28571,28571.42857,70.0,0.0,70,70,0,0.0,0.0,0,0,0,0.0,0.0,0,0,0,0,40,20,14285.71429,14285.71429,0,6,2.0,3.464101615,12.0,0,0,0,1,0,0,0,0,1,3.0,0.0,6.0,40,1,0,1,6,29200,0,0,40,0.0,0.0,0,0,0.0,0.0,0,0,PortScan
21,233,2,1,14,0,14,0,7.0,9.899494937,0,0,0.0,0.0,60085.83691,12875.53648,116.5,81.31727984,174,59,233,233.0,0.0,233,233,0,0.0,0.0,0,0,1,0,64,20,8583.690987,4291.845494,0,14,7.0,8.082903769,65.33333333,0,1,0,0,1,0,0,0,0,9.333333333,7.0,0.0,64,2,14,1,0,229,0,0,32,0.0,0.0,0,0,0.0,0.0,0,0,FTP-Patator
443,6000626,10,6,347,5038,190,0,34.7,67.4092806,2648,0,839.6666667,1065.349645,897.4063706,2.666388473,400041.7333,1493500.587,5798151,2,6000626,666736.2222,1924561.518,5798151,3,111207,22241.4,29773.05099,58081,259,0,0,328,200,1.666492796,0.999895678,0,2648,316.7647059,718.1682019,515765.5662,0,0,0,1,0,0,0,0,0,336.5625,34.7,839.6666667,328,10,347,6,5038,29200,110,3,32,202472.0,0.0,202472,202472,5798151.0,0.0,5798151,5798151,BENIGN
80,39017,3,4,26,11601,20,0,8.666666667,10.26320288,7215,0,2900.25,3540.00286,297998.3084,179.4089756,6502.833333,9977.42192,20939,3,21023,10511.5,14861.26322,21020,3,38936,12978.66667,11231.17965,21086,159,0,0,72,92,76.88956096,102.5194146,0,7215,1453.375,2786.259804,7763243.696,0,0,0,1,0,0,0,0,1,1661.0,8.666666667,2900.25,72,3,26,4,11601,8192,229,2,20,0.0,0.0,0,0,0.0,0.0,0,0,DDoS
53,48434,2,2,74,206,37,37,37.0,0.0,103,103,103.0,0.0,5781.06289,82.58661271,16144.66667,27879.37848,48337,48,48,48.0,0.0,48,48,49,49.0,0.0,49,49,0,0,64,64,41.29330636,41.29330636,37,103,63.4,36.1496888,1306.8,0,0,0,0,0,0,0,0,1,79.25,37.0,103.0,64,2,74,2,206,-1,-1,1,32,0.0,0.0,0,0,0.0,0.0,0,0,BENIGN
80,150542,3,6,336,11595,336,0,112.0,193.9896904,5792,0,1932.5,2179.547086,79253.63022,59.78398055,18817.75,47647.49388,136124,4,14014,7007.0,9903.737577,14010,4,150498,30099.6,59575.78196,136124,48,0,0,104,200,19.92799352,39.85598703,0,5792,1193.1,1886.722169,3559720.544,0,0,0,1,0,0,0,0,2,1325.666667,112.0,1932.5,104,3,336,6,11595,29200,235,1,32,0.0,0.0,0,0,0.0,0.0,0,0,DoS Hulk
5815,26,1,1,0,6,0,0,0.0,0.0,6,6,6.0,0.0,230769.2308,76923.07692,26.0,0.0,26,26,0,0.0,0.0,0,0,0,0.0,0.0,0,0,0,0,40,20,38461.53846,38461.53846,0,6,2.0,3.464101615,12.0,0,0,0,1,0,0,0,0,1,3.0,0.0,6.0,40,1,0,1,6,29200,0,0,40,0.0,0.0,0,0,0.0,0.0,0,0,PortScan
80,62195277,15,13,2525,1442,737,0,168.3333333333,292.3057759721,380,0,110.9230769231,173.3005393041,63.7829782477,0.4501949561,2303528.77777778,4202016.53951952,10029270,21,61753550,4410967.85714286,5075571.75081089,10080001,9307,62144406,5178700.5,5112165.35364141,10080275,799,0,0,488,424,0.2411758694,0.2090190868,0,737,136.7931034483,238.9656848214,57104.5985221675,0,0,0,1,0,0,0,0,0,141.6785714286,168.3333333333,110.9230769231,488,15,2525,13,1442,29200,135,4,32,279267.833333333,559630.114729155,1421608,50728,10012990.5,28276.2200284975,10029270,9959981,BENIGN
53,62078,4,2,148,262,37,37,37.0,0.0,131,131,131.0,0.0,6604.59422,96.65259834,12415.6,16977.66593,31380,3,30694,10231.33333,17677.03619,30643,3,4,4.0,0.0,4,4,0,0,80,40,64.43506556,32.21753278,37,131,63.85714286,45.86730343,2103.809524,0,0,0,0,0,0,0,0,0,74.5,37.0,131.0,80,4,148,2,262,-1,-1,3,20,0.0,0.0,0,0,0.0,0.0,0,0,BENIGN
1204,4,2,0,31,0,31,0,15.5,21.92031022,0,0,0.0,0.0,7750000.0,500000.0,4.0,0.0,4,4,4,4.0,0.0,4,4,0,0.0,0.0,0,0,1,0,40,0,500000.0,0.0,0,31,20.66666667,17.89785834,320.3333333,0,1,0,0,1,0,0,0,0,31.0,15.5,0.0,40,2,31,0,0,110,-1,0,20,0.0,0.0,0,0,0.0,0.0,0,0,BENIGN
53,37534,1,1,84,180,84,84,84.0,0.0,180,180,180.0,0.0,7033.6228486173,53.2850215804,37534.0,0.0,37534,37534,0,0.0,0.0,0,0,0,0.0,0.0,0,0,0,0,20,20,26.6425107902,26.6425107902,84,180,116.0,55.4256258422,3072.0,0,0,0,0,0,0,0,0,1,174.0,84.0,180.0,20,1,84,1,180,-1,-1,0,20,0.0,0.0,0,0,0.0,0.0,0,0,BENIGN
443,61035701,15,12,958,997,674,0,63.86666667,179.2806526,821,0,83.08333333,236.1033897,32.03043412,0.442364052,2347526.962,4281810.004,10000000,18,61000000,4359692.929,5143872.889,10100000,163,61000000,5541057.273,5241507.978,10100000,327,0,0,488,392,0.245757807,0.196606245,0,821,69.82142857,199.1362931,39655.26323,0,0,0,1,0,0,0,0,0,72.40740741,63.86666667,83.08333333,488,15,958,12,997,29200,124,3,32,119036.5,86187.07571,294965,83657,10000000.0,27593.53713,10000000,9960005,BENIGN
443,63103191,7,0,0,0,0,0,0.0,0.0,0,0,0.0,0.0,0.0,0.110929414,10500000.0,11900000.0,32100000,999756,63100000,10500000.0,11900000.0,32100000,999756,0,0.0,0.0,0,0,0,0,280,0,0.110929414,0.0,0,0,0.0,0.0,0.0,0,0,0,1,0,0,0,0,0,0.0,0.0,0.0,280,7,0,0,0,29200,-1,0,40,7007676.0,0.0,7007676,7007676,18700000.0,12200000.0,32100000,8015946,BENIGN
53,295,2,2,80,336,40,40,40.0,0.0,168,168,168.0,0.0,1410169.492,13559.32203,98.33333333,165.122177,289,3,3,3.0,0.0,3,3,3,3.0,0.0,3,3,0,0,40,40,6779.661017,6779.661017,40,168,91.2,70.10848736,4915.2,0,0,0,0,0,0,0,0,1,114.0,40.0,168.0,40,2,80,2,336,-1,-1,1,20,0.0,0.0,0,0,0.0,0.0,0,0,BENIGN
31892,3007896,1,5,6,30,6,6,6.0,0.0,6,6,6.0,0.0,11.96849891,1.994749818,601579.2,1332151.201,2984569,1,0,0.0,0.0,0,0,2989928,747482.0,1491392.498,2984569,1,0,0,20,100,0.332458303,1.662291515,6,6,6.0,0.0,0.0,0,0,0,0,1,1,0,0,5,7.0,6.0,6.0,20,1,6,5,30,229,0,0,20,0.0,0.0,0,0,0.0,0.0,0,0,BENIGN
53,60793,1,1,41,73,41,41,41.0,0.0,73,73,73.0,0.0,1875.215897,32.8985245,60793.0,0.0,60793,60793,0,0.0,0.0,0,0,0,0.0,0.0,0,0,0,0,20,20,16.44926225,16.44926225,41,73,51.66666667,18.47520861,341.3333333,0,0,0,0,0,0,0,0,1,77.5,41.0,73.0,20,1,41,1,73,-1,-1,0,20,0.0,0.0,0,0,0.0,0.0,0,0,BENIGN
53,146,2,2,88,200,44,44,44.0,0.0,100,100,100.0,0.0,1972602.73972603,27397.2602739726,48.6666666667,78.2325592917,139,3,4,4.0,0.0,4,4,3,3.0,0.0,3,3,0,0,40,40,13698.6301369863,13698.6301369863,44,100,66.4,30.6724632203,940.8,0,0,0,0,0,0,0,0,1,83.0,44.0,100.0,40,2,88,2,200,-1,-1,1,20,0.0,0.0,0,0,0.0,0.0,0,0,BENIGN
443,855774,9,11,703,3950,267,0,78.11111111,103.3022803,1448,0,359.0909091,569.9183195,5437.183182,23.37065627,45040.73684,61210.71408,219271,1,760341,95042.625,104028.7565,314451,382,760478,76047.8,81812.60013,219271,2,0,0,296,360,10.51679532,12.85386095,0,1448,221.5714286,434.4990876,188789.4571,0,0,0,1,0,0,0,0,1,232.65,78.11111111,359.0909091,296,9,703,11,3950,29200,252,4,32,0.0,0.0,0,0,0.0,0.0,0,0,BENIGN
52377,50,1,1,0,0,0,0,0.0,0.0,0,0,0.0,0.0,0.0,40000.0,50.0,0.0,50,50,0,0.0,0.0,0,0,0,0.0,0.0,0,0,0,0,20,20,20000.0,20000.0,0,0,0.0,0.0,0.0,0,0,0,0,1,1,0,0,1,0.0,0.0,0.0,20,1,0,1,0,29,256,0,20,0.0,0.0,0,0,0.0,0.0,0,0,BENIGN
53,188,2,2,122,314,61,61,61.0,0.0,157,157,157.0,0.0,2319148.936,21276.59574,62.66666667,66.90540586,135,3,3,3.0,0.0,3,3,50,50.0,0.0,50,50,0,0,64,64,10638.29787,10638.29787,61,157,99.4,52.58136552,2764.8,0,0,0,0,0,0,0,0,1,124.25,61.0,157.0,64,2,122,2,314,-1,-1,1,32,0.0,0.0,0,0,0.0,0.0,0,0,BENIGN
53,59742,1,1,62,94,62,62,62.0,0.0,94,94,94.0,0.0,2611.228282,33.47728566,59742.0,0.0,59742,59742,0,0.0,0.0,0,0,0,0.0,0.0,0,0,0,0,32,32,16.73864283,16.73864283,62,94,72.66666667,18.47520861,341.3333333,0,0,0,0,0,0,0,0,1,109.0,62.0,94.0,32,1,62,1,94,-1,-1,0,32,0.0,0.0,0,0,0.0,0.0,0,0,BENIGN
53,141,2,2,102,134,51,51,51.0,0.0,67,67,67.0,0.0,1673758.86524823,28368.7943262411,47.0,75.3458691635,134,3,3,3.0,0.0,3,3,4,4.0,0.0,4,4,0,0,64,64,14184.3971631206,14184.3971631206,51,67,57.4,8.7635609201,76.8,0,0,0,0,0,0,0,0,1,71.75,51.0,67.0,64,2,102,2,134,-1,-1,1,32,0.0,0.0,0,0,0.0,0.0,0,0,BENIGN
5200,42,1,1,2,6,2,2,2.0,0.0,6,6,6.0,0.0,190476.1905,47619.04762,42.0,0.0,42,42,0,0.0,0.0,0,0,0,0.0,0.0,0,0,0,0,24,20,23809.52381,23809.52381,2,6,3.333333333,2.309401077,5.333333333,0,0,0,1,0,0,0,0,1,5.0,2.0,6.0,24,1,2,1,6,1024,0,0,24,0.0,0.0,0,0,0.0,0.0,0,0,BENIGN
80,5058640,2,1,0,0,0,0,0.0,0.0,0,0,0.0,0.0,0.0,0.593044771,2529320.0,3543633.107,5035047,23593,5058640,5058640.0,0.0,5058640,5058640,0,0.0,0.0,0,0,0,0,64,32,0.395363181,0.19768159,0,0,0.0,0.0,0.0,0,0,0,0,1,0,0,0,0,0.0,0.0,0.0,64,2,0,1,0,365,306,0,32,0.0,0.0,0,0,0.0,0.0,0,0,BENIGN
53,62523,2,2,60,194,30,30,30.0,0.0,97,97,97.0,0.0,4062.5049981607,63.9764566639,20841.0,36094.2067927805,62519,1,1,1.0,0.0,1,1,3,3.0,0.0,3,3,0,0,64,64,31.988228332,31.988228332,30,97,56.8,36.6974113528,1346.7,0,0,0,0,0,0,0,0,1,71.0,30.0,97.0,64,2,60,2,194,-1,-1,1,32,0.0,0.0,0,0,0.0,0.0,0,0,BENIGN
55701,679,3,0,286,0,274,6,95.33333333,154.7298721,0,0,0.0,0.0,421207.6583,4418.26215,339.5,474.4686502,675,4,679,339.5,474.4686502,675,4,0,0.0,0.0,0,0,0,0,60,0,4418.26215,0.0,6,274,73.0,134.0,17956.0,0,0,0,0,1,0,0,0,0,97.33333333,95.33333333,0.0,60,3,286,0,0,60,-1,2,20,0.0,0.0,0,0,0.0,0.0,0,0,BENIGN
52465,3,2,0,12,0,6,6,6.0,0.0,0,0,0.0,0.0,4000000.0,666666.666666667,3.0,0.0,3,3,3,3.0,0.0,3,3,0,0.0,0.0,0,0,0,0,40,0,666666.666666667,0.0,6,6,6.0,0.0,0.0,0,0,0,0,1,0,0,0,0,9.0,6.0,0.0,40,2,12,0,0,32763,-1,1,20,0.0,0.0,0,0,0.0,0.0,0,0,BENIGN
22,11837373,21,32,2008,2745,640,0,95.61904762,140.0451628,976,0,85.78125,220.240592,401.5248991,4.477344762,227641.7885,633402.8512,2528431,18,10600000,527803.2,951555.169,2574047,382,11800000,381848.129,788225.457,2528431,43,0,0,680,1032,1.774042264,2.703302498,0,976,88.01851852,189.5902723,35944.47135,0,0,0,1,0,0,0,0,1,89.67924528,95.61904762,85.78125,680,21,2008,32,2745,29200,247,16,32,0.0,0.0,0,0,0.0,0.0,0,0,SSH-Patator
53,77118,1,1,48,112,48,48,48.0,0.0,112,112,112.0,0.0,2074.742602,25.93428253,77118.0,0.0,77118,77118,0,0.0,0.0,0,0,0,0.0,0.0,0,0,0,0,20,20,12.96714126,12.96714126,48,112,69.33333333,36.95041723,1365.333333,0,0,0,0,0,0,0,0,1,104.0,48.0,112.0,20,1,48,1,112,-1,-1,0,20,0.0,0.0,0,0,0.0,0.0,0,0,BENIGN
53,193,2,2,142,242,71,71,71.0,0.0,121,121,121.0,0.0,1989637.306,20725.3886,64.33333333,106.2324495,187,3,3,3.0,0.0,3,3,3,3.0,0.0,3,3,0,0,40,40,10362.6943,10362.6943,71,121,91.0,27.38612788,750.0,0,0,0,0,0,0,0,0,1,113.75,71.0,121.0,40,2,142,2,242,-1,-1,1,20,0.0,0.0,0,0,0.0,0.0,0,0,BENIGN
80,81278749,8,4,56,11607,20,0,7.0,5.656854249,11595,0,2901.75,5795.50069,143.4938424,0.147640068,7388977.182,22200000.0,74100000,12,80100000,11400000.0,27700000.0,74100000,67,1134923,378307.6667,654415.1512,1133961,12,0,0,172,92,0.098426712,0.049213356,0,11595,897.6153846,3214.167532,10300000.0,0,0,0,0,1,0,0,0,0,972.4166667,7.0,2901.75,172,8,56,4,11607,256,229,6,20,763.0,0.0,763,763,40100000.0,48100000.0,74100000,6083874,DDoS
1058,51,1,1,2,6,2,2,2.0,0.0,6,6,6.0,0.0,156862.7451,39215.68627,51.0,0.0,51,51,0,0.0,0.0,0,0,0,0.0,0.0,0,0,0,0,24,20,19607.84314,19607.84314,2,6,3.333333333,2.309401077,5.333333333,0,0,0,1,0,0,0,0,1,5.0,2.0,6.0,24,1,2,1,6,1024,0,0,24,0.0,0.0,0,0,0.0,0.0,0,0,BENIGN
53,122248,2,2,62,158,31,31,31.0,0.0,79,79,79.0,0.0,1799.620444,32.7203717,40749.33333,70538.35024,122200,1,1,1.0,0.0,1,1,47,47.0,0.0,47,47,0,0,64,40,16.36018585,16.36018585,31,79,50.2,26.29068276,691.2,0,0,0,0,0,0,0,0,1,62.75,31.0,79.0,64,2,62,2,158,-1,-1,1,32,0.0,0.0,0,0,0.0,0.0,0,0,BENIGN
21,237,2,1,14,0,14,0,7.0,9.899494937,0,0,0.0,0.0,59071.72996,12658.22785,118.5,58.68986284,160,77,237,237.0,0.0,237,237,0,0.0,0.0,0,0,1,0,64,20,8438.818565,4219.409283,0,14,7.0,8.082903769,65.33333333,0,1,0,0,1,0,0,0,0,9.333333333,7.0,0.0,64,2,14,1,0,229,0,0,32,0.0,0.0,0,0,0.0,0.0,0,0,FTP-Patator
80,98689679,7,6,361,11595,355,0,51.57142857,133.8181068,4344,0,1932.5,1754.831473,121.1474201,0.131726034,8224139.917,28500000.0,98700000,0,98700000,16400000.0,40300000.0,98700000,0,30462,6092.4,8673.754135,19017,31,0,0,220,200,0.070929403,0.060796631,0,4344,854.0,1460.24608,2132318.615,0,0,0,0,1,0,0,0,0,919.6923077,51.57142857,1932.5,220,7,361,6,11595,274,235,2,20,5.0,0.0,5,5,98700000.0,0.0,98700000,98700000,DoS Hulk
443,5297888,5,1,135,46,46,6,27.0,20.1246118,46,46,46.0,0.0,34.16455765,1.132526773,1059577.6,2307919.307,5187933,4,5297888,1324472.0,2575961.261,5187933,4,0,0.0,0.0,0,0,1,0,100,20,0.943772311,0.188754462,6,46,32.42857143,18.86670032,355.952381,0,1,0,0,1,0,0,0,0,37.83333333,27.0,46.0,100,5,135,1,46,256,377,4,20,93317.0,0.0,93317,93317,5187933.0,0.0,5187933,5187933,BENIGN
56035,896,3,0,286,0,274,6,95.33333333,154.7298721,0,0,0.0,0.0,319196.4286,3348.214286,448.0,629.3250353,893,3,896,448.0,629.3250353,893,3,0,0.0,0.0,0,0,0,0,60,0,3348.214286,0.0,6,274,73.0,134.0,17956.0,0,0,0,0,1,0,0,0,0,97.33333333,95.33333333,0.0,60,3,286,0,0,60,-1,2,20,0.0,0.0,0,0,0.0,0.0,0,0,BENIGN
80,81703552,8,5,56,11607,20,0,7.0,5.656854249,10135,0,2321.4,4413.201989,142.7477718,0.159111809,6808629.333,21500000.0,74900000,6,80400000,11500000.0,28000000.0,74900000,6,1351601,337900.25,674528.128,1349692,189,0,0,172,112,0.09791496,0.06119685,0,10135,833.5,2705.044255,7317264.423,0,0,0,0,1,0,0,0,0,897.6153846,7.0,2321.4,172,8,56,5,11607,256,229,6,20,988.0,0.0,988,988,40200000.0,49100000.0,74900000,5456817,DDoS
53,229245,4,2,120,286,30,30,30.0,0.0,143,143,143.0,0.0,1771.030993,26.17287182,45849.0,85555.36924,196840,3,32402,10800.66667,18622.43296,32304,48,3,3.0,0.0,3,3,0,0,80,40,17.44858121,8.724290606,30,143,62.28571429,55.13835412,3040.238095,0,0,0,0,0,0,0,0,0,72.66666667,30.0,143.0,80,4,120,2,286,-1,-1,3,20,0.0,0.0,0,0,0.0,0.0,0,0,BENIGN
53,48743,2,2,66,198,33,33,33.0,0.0,99,99,99.0,0.0,5416.162321,82.06306547,16247.66667,28095.89383,48690,4,49,49.0,0.0,49,49,4,4.0,0.0,4,4,0,0,64,40,41.03153273,41.03153273,33,99,59.4,36.1496888,1306.8,0,0,0,0,0,0,0,0,1,74.25,33.0,99.0,64,2,66,2,198,-1,-1,1,32,0.0,0.0,0,0,0.0,0.0,0,0,BENIGN
80,1236019,5,0,30,0,6,6,6.0,0.0,0,0,0.0,0.0,24.27147156,4.045245259,309004.75,613346.5715,1229016,3,1236019,309004.75,613346.5715,1229016,3,0,0.0,0.0,0,0,0,0,100,0,4.045245259,0.0,6,6,6.0,0.0,0.0,0,0,0,0,1,0,0,0,0,7.2,6.0,0.0,100,5,30,0,0,256,-1,4,20,0.0,0.0,0,0,0.0,0.0,0,0,DDoS
783,11,1,1,2,6,2,2,2.0,0.0,6,6,6.0,0.0,727272.7273,181818.1818,11.0,0.0,11,11,0,0.0,0.0,0,0,0,0.0,0.0,0,0,0,0,24,20,90909.09091,90909.09091,2,6,3.333333333,2.309401077,5.333333333,0,0,0,1,0,0,0,0,1,5.0,2.0,6.0,24,1,2,1,6,1024,0,0,24,0.0,0.0,0,0,0.0,0.0,0,0,PortScan
161,12,1,1,2,6,2,2,2.0,0.0,6,6,6.0,0.0,666666.6667,166666.6667,12.0,0.0,12,12,0,0.0,0.0,0,0,0,0.0,0.0,0,0,0,0,24,20,83333.33333,83333.33333,2,6,3.333333333,2.309401077,5.333333333,0,0,0,1,0,0,0,0,1,5.0,2.0,6.0,24,1,2,1,6,1024,0,0,24,0.0,0.0,0,0,0.0,0.0,0,0,PortScan
80,9014416,4,0,24,0,6,6,6.0,0.0,0,0,0.0,0.0,2.66240209,0.443733682,3004805.333,5203696.082,9013516,354,9014416,3004805.333,5203696.082,9013516,354,0,0.0,0.0,0,0,0,0,80,0,0.443733682,0.0,6,6,6.0,0.0,0.0,0,0,0,0,1,0,0,0,0,7.5,6.0,0.0,80,4,24,0,0,256,-1,3,20,900.0,0.0,900,900,9013516.0,0.0,9013516,9013516,DDoS
80,115207341,16,14,635,282,624,0,39.6875,155.8172942,282,0,20.14285714,75.36767022,7.95956223,0.260400073,3972666.931,4881305.973,10000000,70,115000000,7680489.4,4167722.866,10000000,153,110000000,8480999.923,3760443.339,10000000,360,0,0,332,424,0.138880039,0.121520034,0,624,29.58064516,121.3514934,14726.18495,0,0,0,1,0,0,0,0,0,30.56666667,39.6875,20.14285714,332,16,635,14,282,8192,952,12,20,21005.0,19376.31154,79426,15020,10000000.0,19444.1168,10000000,9947312,BENIGN
52490,4,2,0,0,0,0,0,0.0,0.0,0,0,0.0,0.0,0.0,500000.0,4.0,0.0,4,4,4,4.0,0.0,4,4,0,0.0,0.0,0,0,0,0,64,0,500000.0,0.0,0,0,0.0,0.0,0.0,0,0,0,0,1,0,0,0,0,0.0,0.0,0.0,64,2,0,0,0,905,-1,0,32,0.0,0.0,0,0,0.0,0.0,0,0,BENIGN
53,150,2,2,86,118,43,43,43.0,0.0,59,59,59.0,0.0,1360000.0,26666.6666666667,50.0,79.6743371482,142,4,4,4.0,0.0,4,4,4,4.0,0.0,4,4,0,0,64,64,13333.3333333333,13333.3333333333,43,59,49.4,8.7635609201,76.8,0,0,0,0,0,0,0,0,1,61.75,43.0,59.0,64,2,86,2,118,-1,-1,1,32,0.0,0.0,0,0,0.0,0.0,0,0,BENIGN
843,99,2,2,4,12,2,2,2.0,0.0,6,6,6.0,0.0,161616.1616,40404.0404,33.0,27.71281292,49,1,49,49.0,0.0,49,49,1,1.0,0.0,1,1,0,0,48,40,20202.0202,20202.0202,2,6,3.6,2.19089023,4.8,0,0,0,1,0,0,0,0,1,4.5,2.0,6.0,48,2,4,2,12,1024,0,1,24,0.0,0.0,0,0,0.0,0.0,0,0,BENIGN
53,175,2,2,84,212,42,42,42.0,0.0,106,106,106.0,0.0,1691428.571,22857.14286,58.33333333,59.55109851,122,4,4,4.0,0.0,4,4,49,49.0,0.0,49,49,0,0,40,40,11428.57143,11428.57143,42,106,67.6,35.05424368,1228.8,0,0,0,0,0,0,0,0,1,84.5,42.0,106.0,40,2,84,2,212,-1,-1,1,20,0.0,0.0,0,0,0.0,0.0,0,0,BENIGN
135,10295955,11,6,656,560,168,0,59.63636364,82.78076193,172,0,93.33333333,77.75517132,118.1046343,1.651133868,643497.1875,2515542.325,10100000,1,10300000,1029595.5,3178821.547,10100000,1,677,135.4,145.4279891,336,1,0,0,244,144,1.068380738,0.58275313,0,172,67.55555556,79.70402767,6352.732026,0,0,0,1,0,0,0,0,0,71.52941176,59.63636364,93.33333333,244,11,656,6,560,8192,2052,4,20,0.0,0.0,0,0,0.0,0.0,0,0,BENIGN
57710,77,2,1,31,6,31,0,15.5,21.92031022,6,6,6.0,0.0,480519.4805,38961.03896,38.5,48.7903679,73,4,4,4.0,0.0,4,4,0,0.0,0.0,0,0,1,0,64,20,25974.02597,12987.01299,0,31,17.0,16.35033129,267.3333333,0,1,0,0,1,0,0,0,0,22.66666667,15.5,6.0,64,2,31,1,6,972,0,0,32,0.0,0.0,0,0,0.0,0.0,0,0,BENIGN
53,47003,1,1,41,128,41,41,41.0,0.0,128,128,128.0,0.0,3595.51518,42.5504755,47003.0,0.0,47003,47003,0,0.0,0.0,0,0,0,0.0,0.0,0,0,0,0,32,32,21.27523775,21.27523775,41,128,70.0,50.22947342,2523.0,0,0,0,0,0,0,0,0,1,105.0,41.0,128.0,32,1,41,1,128,-1,-1,0,32,0.0,0.0,0,0,0.0,0.0,0,0,BENIGN
443,189,2,0,0,0,0,0,0.0,0.0,0,0,0.0,0.0,0.0,10582.01058,189.0,0.0,189,189,189,189.0,0.0,189,189,0,0.0,0.0,0,0,0,0,64,0,10582.01058,0.0,0,0,0.0,0.0,0.0,0,0,0,0,1,0,0,0,0,0.0,0.0,0.0,64,2,0,0,0,489,-1,0,32,0.0,0.0,0,0,0.0,0.0,0,0,BENIGN
443,72808276,9,8,617,5359,249,0,68.5555555556,100.4379299756,1460,0,669.875,617.0020693413,82.0785812866,0.2334899401,4550517.25,18143001.6918371,72586711,13,72808276,9101034.5,25652116.3849577,72586711,515,98951,14135.8571428571,17308.7381826692,37164,48,0,0,192,172,0.1236123212,0.1098776189,0,1460,332.0,508.380936376,258451.176470588,0,0,0,1,0,0,0,0,0,351.5294117647,68.5555555556,669.875,192,9,617,8,5359,8192,980,8,20,0.0,0.0,0,0,0.0,0.0,0,0,BENIGN
55438,16,1,1,6,6,6,6,6.0,0.0,6,6,6.0,0.0,750000.0,125000.0,16.0,0.0,16,16,0,0.0,0.0,0,0,0,0.0,0.0,0,0,0,0,20,20,62500.0,62500.0,6,6,6.0,0.0,0.0,0,0,0,0,1,1,0,0,1,9.0,6.0,6.0,20,1,6,1,6,32,256,0,20,0.0,0.0,0,0,0.0,0.0,0,0,BENIGN
46134,391310,2,3,0,18,0,0,0.0,0.0,6,6,6.0,0.0,45.9993355652,12.7775932125,97827.5,195641.0001346,391289,0,391310,391310.0,0.0,391310,391310,4,2.0,2.8284271247,4,0,0,0,64,60,5.111037285,7.6665559275,0,6,3.0,3.286335345,10.8,0,0,0,0,1,0,0,0,1,3.6,0.0,6.0,64,2,0,3,18,110,0,0,32,0.0,0.0,0,0,0.0,0.0,0,0,BENIGN
53,259,2,2,84,168,42,42,42.0,0.0,84,84,84.0,0.0,972972.973,15444.01544,86.33333333,65.53116307,162,48,49,49.0,0.0,49,49,48,48.0,0.0,48,48,0,0,64,64,7722.007722,7722.007722,42,84,58.8,23.00434742,529.2,0,0,0,0,0,0,0,0,1,73.5,42.0,84.0,64,2,84,2,168,-1,-1,1,32,0.0,0.0,0,0,0.0,0.0,0,0,BENIGN
80,15460,3,2,18,0,6,6,6.0,0.0,0,0,0.0,0.0,1164.294955,323.4152652,3865.0,7090.73259,14487,4,973,486.5,682.3580438,969,4,15326,15326.0,0.0,15326,15326,0,0,60,64,194.0491591,129.3661061,0,6,4.0,3.098386677,9.6,1,0,0,0,0,0,0,0,0,4.8,6.0,0.0,60,3,18,2,0,0,235,2,20,0.0,0.0,0,0,0.0,0.0,0,0,DoS Hulk
443,90254828,16,18,5582,5256,3516,0,348.875,910.3557454827,1430,0,292.0,532.6355116168,120.0822187595,0.3767111495,2734994.78787879,10902361.3425408,45005553,1,90217950,6014530.0,15843808.3364585,45042254,1,90218291,5306958.29411765,14954621.201116,45042431,1,0,0,332,396,0.177275835,0.1994353144,0,3516,309.6571428571,714.9708321018,511183.290756302,0,0,0,1,0,0,0,0,1,318.7647058824,348.875,292.0,332,16,5582,18,5256,8192,438,15,20,106719.0,99020.4052102394,176737,36701,45002256.0,4662.6621151441,45005553,44998959,BENIGN
443,1211,2,0,0,0,0,0,0.0,0.0,0,0,0.0,0.0,0.0,1651.527663,1211.0,0.0,1211,1211,1211,1211.0,0.0,1211,1211,0,0.0,0.0,0,0,0,0,64,0,1651.527663,0.0,0,0,0.0,0.0,0.0,0,0,0,0,1,0,0,0,0,0.0,0.0,0.0,64,2,0,0,0,356,-1,0,32,0.0,0.0,0,0,0.0,0.0,0,0,BENIGN
19801,60,1,1,0,6,0,0,0.0,0.0,6,6,6.0,0.0,100000.0,33333.33333,60.0,0.0,60,60,0,0.0,0.0,0,0,0,0.0,0.0,0,0,0,0,40,20,16666.66667,16666.66667,0,6,2.0,3.464101615,12.0,0,0,0,1,0,0,0,0,1,3.0,0.0,6.0,40,1,0,1,6,29200,0,0,40,0.0,0.0,0,0,0.0,0.0,0,0,PortScan
1503,51,2,2,4,12,2,2,2.0,0.0,6,6,6.0,0.0,313725.4902,78431.37255,17.0,27.71281292,49,1,49,49.0,0.0,49,49,1,1.0,0.0,1,1,0,0,48,40,39215.68627,39215.68627,2,6,3.6,2.19089023,4.8,0,0,0,1,0,0,0,0,1,4.5,2.0,6.0,48,2,4,2,12,1024,0,1,24,0.0,0.0,0,0,0.0,0.0,0,0,BENIGN
53997,210,3,0,18,0,6,6,6.0,0.0,0,0,0.0,0.0,85714.28571,14285.71429,105.0,144.2497834,207,3,210,105.0,144.2497834,207,3,0,0.0,0.0,0,0,0,0,60,0,14285.71429,0.0,6,6,6.0,0.0,0.0,0,0,0,0,1,0,0,0,0,8.0,6.0,0.0,60,3,18,0,0,32,-1,2,20,0.0,0.0,0,0,0.0,0.0,0,0,BENIGN
443,115933930,23,23,7157,6803,4380,0,311.173913,988.0677954,1400,0,295.7826087,549.7921059,120.4134113,0.396777716,2576309.556,4338660.949,10000000,2,116000000,5269724.091,4992011.302,10000000,4,111000000,5043972.409,5120142.661,10000000,2,0,0,480,468,0.198388858,0.198388858,0,4380,297.0212766,783.2617001,613498.8908,0,0,0,1,0,0,0,0,1,303.4782609,311.173913,295.7826087,480,23,7157,23,6803,29200,24820,22,20,76592.90909,139126.8159,496076,34564,10000000.0,5010.48437,10000000,9996743,BENIGN
80,103,2,0,0,0,0,0,0.0,0.0,0,0,0.0,0.0,0.0,19417.47573,103.0,0.0,103,103,103,103.0,0.0,103,103,0,0.0,0.0,0,0,0,0,64,0,19417.47573,0.0,0,0,0.0,0.0,0.0,0,0,0,0,1,0,0,0,0,0.0,0.0,0.0,64,2,0,0,0,237,-1,0,32,0.0,0.0,0,0,0.0,0.0,0,0,BENIGN
21,9551530,9,15,106,188,25,0,11.77777778,9.523363085,34,0,12.53333333,14.54975045,30.780409,2.512686449,415283.913,1079618.416,3321497,3,6187445,773430.625,1431857.453,3222891,4,9551402,682243.0,1332813.146,3321497,3,0,0,296,488,0.942257418,1.570429031,0,34,11.76,12.64344362,159.8566667,0,0,0,1,0,0,0,0,1,12.25,11.77777778,12.53333333,296,9,106,15,188,29200,227,6,32,0.0,0.0,0,0,0.0,0.0,0,0,FTP-Patator
80,86024223,8,4,366,11595,360,0,45.75,126.9935319,11595,0,2898.75,5797.5,139.0422323,0.139495593,7820383.909,25600000.0,85000000,1,86000000,12300000.0,32100000.0,85000000,1,1888,629.3333333,597.1652479,1195,5,0,0,260,136,0.092997062,0.046498531,0,11595,920.0769231,3208.953891,10300000.0,0,0,0,0,1,0,0,0,0,996.75,45.75,2898.75,260,8,366,4,11595,274,235,2,20,3.0,0.0,3,3,85000000.0,0.0,85000000,85000000,DoS Hulk
80,1826919,3,5,26,11607,20,0,8.666666667,10.26320288,7300,0,2321.4,3346.363967,6367.551052,4.37895714,260988.4286,689940.3554,1825626,3,1044,522.0,453.9625535,843,201,1826783,456695.75,912620.2709,1825626,3,0,0,72,112,1.642108928,2.736848213,0,7300,1292.555556,2662.264877,7087654.278,0,0,0,1,0,0,0,0,1,1454.125,8.666666667,2321.4,72,3,26,5,11607,8192,229,2,20,0.0,0.0,0,0,0.0,0.0,0,0,DDoS
80,5017,6,0,0,0,0,0,0.0,0.0,0,0,0.0,0.0,0.0,1195.933825,1003.4,2239.757643,5010,1,5017,1003.4,2239.757643,5010,1,0,0.0,0.0,0,0,0,0,192,0,1195.933825,0.0,0,0,0.0,0.0,0.0,0,0,0,0,1,0,0,0,0,0.0,0.0,0.0,192,6,0,0,0,251,-1,0,32,0.0,0.0,0,0,0.0,0.0,0,0,DoS Hulk
443,116797222,34,42,1042,44327,517,0,30.64705882,111.4006916,2896,0,1055.404762,958.1549612,388.442458,0.650700408,1557296.293,3587230.996,10000000,1,117000000,3539309.758,4762430.281,10000000,4,111000000,2716779.61,4493730.14,10000000,1,0,0,1096,1352,0.291102814,0.359597594,0,2896,589.2077922,874.5910674,764909.5352,0,0,0,1,0,0,0,0,1,596.9605263,30.64705882,1055.404762,1096,34,1042,42,44327,29200,972,4,32,98742.41667,261043.7576,927667,23091,9634359.083,1339138.94,10000000,5382102,BENIGN
58963,216,3,1,31,0,31,0,10.33333333,17.89785834,0,0,0.0,0.0,143518.5185,18518.51852,72.0,75.34586916,153,4,216,108.0,147.0782105,212,4,0,0.0,0.0,0,0,0,0,96,20,13888.88889,4629.62963,0,31,6.2,13.86362146,192.2,0,0,0,0,1,0,0,0,0,7.75,10.33333333,0.0,96,3,31,1,0,59,0,1,32,0.0,0.0,0,0,0.0,0.0,0,0,BENIGN
80,500809,3,4,26,11601,20,0,8.666666667,10.26320288,8760,0,2900.25,4128.319301,23216.43581,13.97738459,83468.16667,203887.6684,499652,4,500002,250001.0,353286.1042,499812,190,500649,166883.0,288354.4256,499846,329,0,0,72,92,5.990307682,7.98707691,0,8760,1453.375,3113.952607,9696700.839,0,0,0,1,0,0,0,0,1,1661.0,8.666666667,2900.25,72,3,26,4,11601,8192,229,2,20,0.0,0.0,0,0,0.0,0.0,0,0,DDoS
443,23878,3,2,18,0,6,6,6.0,0.0,0,0,0.0,0.0,753.8319792277,209.3977720077,5969.5,11590.9721622764,23353,11,23878,11939.0,16816.4134701785,23830,48,23390,23390.0,0.0,23390,23390,0,0,60,76,125.6386632046,83.7591088031,0,6,4.0,3.098386677,9.6,1,0,0,0,0,0,0,0,0,4.8,6.0,0.0,60,3,18,2,0,0,972,2,20,0.0,0.0,0,0,0.0,0.0,0,0,BENIGN
80,284837,3,6,26,11601,20,0,8.666666667,10.26320288,2920,0,1933.5,1495.722401,40819.83731,31.59701865,35604.625,95627.68476,272041,48,12299,6149.5,8628.824051,12251,48,284739,56947.8,120354.8777,272041,64,0,0,72,132,10.53233955,21.0646791,0,2920,1162.7,1494.366611,2233131.567,0,0,0,1,0,0,0,0,2,1291.888889,8.666666667,1933.5,72,3,26,6,11601,8192,229,2,20,0.0,0.0,0,0,0.0,0.0,0,0,DDoS
22,281683,35,34,2488,6562,456,0,71.08571429,118.2145038,976,0,193.0,346.1553338,32128.31445,244.9562096,4142.397059,13527.23447,91743,0,281683,8284.794118,30375.29809,176271,1,278796,8448.363636,19005.97108,91743,1,0,0,1136,1104,124.2531498,120.7030598,0,976,129.2857143,261.0626635,68153.71429,0,0,0,1,0,0,0,0,0,131.1594203,71.08571429,193.0,1136,35,2488,34,6562,29200,243,20,32,0.0,0.0,0,0,0.0,0.0,0,0,BENIGN
443,5206966,5,1,135,46,46,6,27.0,20.1246118,46,46,46.0,0.0,34.76112577,1.152302512,1041393.2,2257447.893,5079446,3,5206966,1301741.5,2518765.789,5079446,3,0,0.0,0.0,0,0,1,0,100,20,0.960252093,0.192050419,6,46,32.42857143,18.86670032,355.952381,0,1,0,0,1,0,0,0,0,37.83333333,27.0,46.0,100,5,135,1,46,261,127,4,20,93466.0,0.0,93466,93466,5079446.0,0.0,5079446,5079446,BENIGN
8080,81754,4,3,208,134,196,0,52.0,96.04165763,128,0,44.66666667,72.23111056,4183.281552,85.62272182,13625.66667,32478.91114,79921,52,81754,27251.33333,46634.26106,81099,52,80546,40273.0,56070.73932,79921,625,0,0,92,72,48.92726961,36.69545221,0,196,42.75,75.86407017,5755.357143,0,0,0,1,0,0,0,0,0,48.85714286,52.0,44.66666667,92,4,208,3,134,8192,237,3,20,0.0,0.0,0,0,0.0,0.0,0,0,Bot
53,247,2,2,84,204,42,42,42.0,0.0,102,102,102.0,0.0,1165991.903,16194.33198,82.33333333,99.28914006,194,4,49,49.0,0.0,49,49,4,4.0,0.0,4,4,0,0,40,40,8097.165992,8097.165992,42,102,66.0,32.86335345,1080.0,0,0,0,0,0,0,0,0,1,82.5,42.0,102.0,40,2,84,2,204,-1,-1,1,20,0.0,0.0,0,0,0.0,0.0,0,0,BENIGN
443,1598515,15,16,1346,8509,732,0,89.73333333,188.5749062,1430,0,531.8125,607.085191,6165.096981,19.39299913,53283.83333,207707.1142,1131949,1,1598515,114179.6429,300185.4373,1132367,3,1530198,102013.2,290649.7934,1131986,1,0,0,324,332,9.383709255,10.00928987,0,1430,307.96875,496.3438899,246357.2571,0,0,0,1,0,0,0,0,1,317.9032258,89.73333333,531.8125,324,15,1346,16,8509,8192,363,13,20,0.0,0.0,0,0,0.0,0.0,0,0,BENIGN
50614,4,2,0,12,0,6,6,6.0,0.0,0,0,0.0,0.0,3000000.0,500000.0,4.0,0.0,4,4,4,4.0,0.0,4,4,0,0.0,0.0,0,0,0,0,40,0,500000.0,0.0,6,6,6.0,0.0,0.0,0,0,0,0,1,0,0,0,0,9.0,6.0,0.0,40,2,12,0,0,30,-1,1,20,0.0,0.0,0,0,0.0,0.0,0,0,BENIGN
53,30724,2,2,88,198,44,44,44.0,0.0,99,99,99.0,0.0,9308.683765,130.1913813,10241.33333,17731.58147,30716,4,4,4.0,0.0,4,4,4,4.0,0.0,4,4,0,0,40,40,65.09569067,65.09569067,44,99,66.0,30.12474066,907.5,0,0,0,0,0,0,0,0,1,82.5,44.0,99.0,40,2,88,2,198,-1,-1,1,20,0.0,0.0,0,0,0.0,0.0,0,0,BENIGN
53,24080,2,2,56,226,28,28,28.0,0.0,113,113,113.0,0.0,11710.96346,166.1129568,8026.666667,13857.58025,24028,3,49,49.0,0.0,49,49,3,3.0,0.0,3,3,0,0,40,40,83.05647841,83.05647841,28,113,62.0,46.55641739,2167.5,0,0,0,0,0,0,0,0,1,77.5,28.0,113.0,40,2,56,2,226,-1,-1,1,20,0.0,0.0,0,0,0.0,0.0,0,0,BENIGN
53,71415,2,2,60,246,30,30,30.0,0.0,123,123,123.0,0.0,4284.8141146818,56.010642022,23805.0,41224.5412709469,71407,4,4,4.0,0.0,4,4,4,4.0,0.0,4,4,0,0,64,64,28.005321011,28.005321011,30,123,67.2,50.938197848,2594.7,0,0,0,0,0,0,0,0,1,84.0,30.0,123.0,64,2,60,2,246,-1,-1,1,32,0.0,0.0,0,0,0.0,0.0,0,0,BENIGN
53,23413,1,1,95,177,95,95,95.0,0.0,177,177,177.0,0.0,11617.4774697817,85.4226284543,23413.0,0.0,23413,23413,0,0.0,0.0,0,0,0,0.0,0.0,0,0,0,0,32,20,42.7113142271,42.7113142271,95,177,122.3333333333,47.3427220735,2241.3333333333,0,0,0,0,0,0,0,0,1,183.5,95.0,177.0,32,1,95,1,177,-1,-1,0,32,0.0,0.0,0,0,0.0,0.0,0,0,BENIGN
53,23277481,2,2,102,174,53,49,51.0,2.8284271247,109,65,87.0,31.1126983722,11.8569530784,0.1718398997,7759160.33333333,13384965.342578,23214787,30656,23246825,23246825.0,0.0,23246825,23246825,23245443,23245443.0,0.0,23245443,23245443,0,0,64,52,0.0859199498,0.0859199498,49,109,65.8,24.883729624,619.2,0,0,0,0,0,0,0,0,1,82.25,51.0,87.0,64,2,102,2,174,-1,-1,1,32,32038.0,0.0,32038,32038,23214787.0,0.0,23214787,23214787,BENIGN
53,60541,1,1,41,236,41,41,41.0,0.0,236,236,236.0,0.0,4575.4117044648,33.0354635701,60541.0,0.0,60541,60541,0,0.0,0.0,0,0,0,0.0,0.0,0,0,0,0,20,20,16.5177317851,16.5177317851,41,236,106.0,112.583302492,12675.0,0,0,0,0,0,0,0,0,1,159.0,41.0,236.0,20,1,41,1,236,-1,-1,0,20,0.0,0.0,0,0,0.0,0.0,0,0,BENIGN
443,5934204,9,6,390,3974,209,0,43.33333333,73.96113844,1992,0,662.3333333,848.6124361,735.3977046,2.527718966,423871.7143,1494701.943,5613848,3,5934204,741775.5,1970014.157,5613848,3,297897,59579.4,92613.56512,221821,216,0,0,204,132,1.51663138,1.011087586,0,1992,272.75,583.278607,340213.9333,0,0,0,1,0,0,0,0,0,290.9333333,43.33333333,662.3333333,204,9,390,6,3974,8192,119,7,20,320353.0,0.0,320353,320353,5613848.0,0.0,5613848,5613848,BENIGN
14790,5140,2,0,12,0,6,6,6.0,0.0,0,0,0.0,0.0,2334.63035,389.1050584,5140.0,0.0,5140,5140,5140,5140.0,0.0,5140,5140,0,0.0,0.0,0,0,0,0,40,0,389.1050584,0.0,6,6,6.0,0.0,0.0,0,0,0,0,1,0,0,0,0,9.0,6.0,0.0,40,2,12,0,0,35040,-1,1,20,0.0,0.0,0,0,0.0,0.0,0,0,BENIGN
60020,74,1,1,0,6,0,0,0.0,0.0,6,6,6.0,0.0,81081.08108,27027.02703,74.0,0.0,74,74,0,0.0,0.0,0,0,0,0.0,0.0,0,0,0,0,40,20,13513.51351,13513.51351,0,6,2.0,3.464101615,12.0,0,0,0,1,0,0,0,0,1,3.0,0.0,6.0,40,1,0,1,6,29200,0,0,40,0.0,0.0,0,0,0.0,0.0,0,0,PortScan
49666,33778452,17,14,5118,2000,1712,0,301.0588235,540.8937593,284,0,142.8571429,109.6826591,210.726057,0.917744839,1125948.4,6157142.345,33700000,1,33800000,2111153.25,8430590.982,33700000,1,2513,193.3076923,206.4422375,559,1,0,0,364,304,0.503279428,0.414465411,0,1712,222.4375,404.8366407,163892.7056,0,0,0,1,0,0,0,0,0,229.6129032,301.0588235,142.8571429,364,17,5118,14,2000,8192,2049,15,20,0.0,0.0,0,0,0.0,0.0,0,0,BENIGN
55196,240,1,1,6,6,6,6,6.0,0.0,6,6,6.0,0.0,50000.0,8333.3333333333,240.0,0.0,240,240,0,0.0,0.0,0,0,0,0.0,0.0,0,0,0,0,20,20,4166.6666666667,4166.6666666667,6,6,6.0,0.0,0.0,0,0,0,0,1,0,0,0,1,9.0,6.0,6.0,20,1,6,1,6,32,32850,0,20,0.0,0.0,0,0,0.0,0.0,0,0,BENIGN
1757,3,2,0,12,0,6,6,6.0,0.0,0,0,0.0,0.0,4000000.0,666666.6667,3.0,0.0,3,3,3,3.0,0.0,3,3,0,0.0,0.0,0,0,0,0,40,0,666666.6667,0.0,6,6,6.0,0.0,0.0,0,0,0,0,1,0,0,0,0,9.0,6.0,0.0,40,2,12,0,0,240,-1,1,20,0.0,0.0,0,0,0.0,0.0,0,0,BENIGN
19842,57,1,1,0,6,0,0,0.0,0.0,6,6,6.0,0.0,105263.1579,35087.7193,57.0,0.0,57,57,0,0.0,0.0,0,0,0,0.0,0.0,0,0,0,0,40,20,17543.85965,17543.85965,0,6,2.0,3.464101615,12.0,0,0,0,1,0,0,0,0,1,3.0,0.0,6.0,40,1,0,1,6,29200,0,0,40,0.0,0.0,0,0,0.0,0.0,0,0,PortScan
80,54172,3,5,26,11607,20,0,8.666666667,10.26320288,10135,0,2321.4,4413.201989,214741.9331,147.6777671,7738.857143,20067.57461,53245,3,663,331.5,464.5691552,660,3,54146,13536.5,26473.97815,53245,4,0,0,72,112,55.37916267,92.29860445,0,10135,1292.555556,3350.634907,11200000.0,0,0,0,1,0,0,0,0,1,1454.125,8.666666667,2321.4,72,3,26,5,11607,8192,229,2,20,0.0,0.0,0,0,0.0,0.0,0,0,DDoS
80,183,2,0,0,0,0,0,0.0,0.0,0,0,0.0,0.0,0.0,10928.96175,183.0,0.0,183,183,183,183.0,0.0,183,183,0,0.0,0.0,0,0,0,0,64,0,10928.96175,0.0,0,0,0.0,0.0,0.0,0,0,0,0,1,0,0,0,0,0.0,0.0,0.0,64,2,0,0,0,274,-1,0,32,0.0,0.0,0,0,0.0,0.0,0,0,DoS Hulk
53,142,2,2,62,94,31,31,31.0,0.0,47,47,47.0,0.0,1098591.549,28169.01408,47.33333333,75.92320682,135,3,4,4.0,0.0,4,4,3,3.0,0.0,3,3,0,0,40,40,14084.50704,14084.50704,31,47,37.4,8.76356092,76.8,0,0,0,0,0,0,0,0,1,46.75,31.0,47.0,40,2,62,2,94,-1,-1,1,20,0.0,0.0,0,0,0.0,0.0,0,0,BENIGN
80,639803,3,6,26,11601,20,0,8.666666667,10.26320288,5840,0,1933.5,2189.772933,18172.78131,14.06682995,79975.375,224295.316,635068,46,4210,2105.0,2705.390545,4018,192,639743,127948.6,283493.8744,635068,46,0,0,72,132,4.688943315,9.377886631,0,5840,1162.7,1911.59573,3654198.233,0,0,0,1,0,0,0,0,2,1291.888889,8.666666667,1933.5,72,3,26,6,11601,8192,229,2,20,0.0,0.0,0,0,0.0,0.0,0,0,DDoS
80,11901120,4,0,24,0,6,6,6.0,0.0,0,0,0.0,0.0,2.016616923,0.336102821,3967040.0,6868513.314,11900000,997,11900000,3967040.0,6868513.314,11900000,997,0,0.0,0.0,0,0,0,0,80,0,0.336102821,0.0,6,6,6.0,0.0,0.0,0,0,0,0,1,0,0,0,0,7.5,6.0,0.0,80,4,24,0,0,256,-1,3,20,3004.0,0.0,3004,3004,11900000.0,0.0,11900000,11900000,DDoS
53,106604,2,2,62,364,31,31,31.0,0.0,182,182,182.0,0.0,3996.097707,37.5220442,35534.66667,61541.78592,106597,3,3,3.0,0.0,3,3,4,4.0,0.0,4,4,0,0,64,64,18.7610221,18.7610221,31,182,91.4,82.70610618,6840.3,0,0,0,0,0,0,0,0,1,114.25,31.0,182.0,64,2,62,2,364,-1,-1,1,32,0.0,0.0,0,0,0.0,0.0,0,0,BENIGN
443,83,2,0,12,0,6,6,6.0,0.0,0,0,0.0,0.0,144578.3133,24096.38554,83.0,0.0,83,83,83,83.0,0.0,83,83,0,0.0,0.0,0,0,0,0,40,0,24096.38554,0.0,6,6,6.0,0.0,0.0,0,0,0,0,1,0,0,0,0,9.0,6.0,0.0,40,2,12,0,0,63104,-1,1,20,0.0,0.0,0,0,0.0,0.0,0,0,BENIGN
53,209,2,2,60,264,30,30,30.0,0.0,132,132,132.0,0.0,1550239.234,19138.75598,69.66666667,114.6051191,202,3,3,3.0,0.0,3,3,4,4.0,0.0,4,4,0,0,64,64,9569.37799,9569.37799,30,132,70.8,55.86770087,3121.2,0,0,0,0,0,0,0,0,1,88.5,30.0,132.0,64,2,60,2,264,-1,-1,1,32,0.0,0.0,0,0,0.0,0.0,0,0,BENIGN
22,676,2,2,0,0,0,0,0.0,0.0,0,0,0.0,0.0,0.0,5917.159763,225.3333333,171.2434914,423,122,554,554.0,0.0,554,554,545,545.0,0.0,545,545,0,0,72,72,2958.579882,2958.579882,0,0,0.0,0.0,0.0,0,0,0,1,0,0,0,0,1,0.0,0.0,0.0,72,2,0,2,0,29200,227,0,32,0.0,0.0,0,0,0.0,0.0,0,0,SSH-Patator
443,110014093,14,16,1252,1928,590,6,89.42857143,212.0717274,722,0,120.5,247.8854574,28.9053876,0.272692336,3793589.414,4918198.373,10000000,4,110000000,8460849.077,3743482.024,10000000,25702,110000000,7332727.2,4576121.302,10000000,4,0,0,280,440,0.127256423,0.145435912,0,722,102.7741935,225.3339314,50775.38065,0,0,0,0,1,0,0,0,1,106.2,89.42857143,120.5,280,14,1252,16,1928,252,308,13,20,23800.72727,1585.188701,27961,23027,9975384.545,57873.29077,10000000,9851900,BENIGN
443,4710720,5,1,135,46,46,6,27.0,20.1246118,46,46,46.0,0.0,38.42300115,1.273690646,942144.0,2054257.993,4616655,91,4710720,1177680.0,2293072.449,4616655,91,0,0.0,0.0,0,0,1,0,100,20,1.061408872,0.212281774,6,46,32.42857143,18.86670032,355.952381,0,1,0,0,1,0,0,0,0,37.83333333,27.0,46.0,100,5,135,1,46,256,360,4,20,0.0,0.0,0,0,0.0,0.0,0,0,BENIGN
443,115289583,23,23,1806,16261,1441,0,78.52173913,300.7813869,2920,0,707.0,982.311976,156.709735,0.398995285,2561990.733,4328270.869,9988276,6,115000000,5240435.591,4999413.737,10000000,48,110000000,5022124.455,5126948.844,10000000,48,0,0,472,604,0.199497642,0.199497642,0,2920,384.4042553,778.965916,606787.8982,0,0,0,1,0,0,0,0,1,392.7608696,78.52173913,707.0,472,23,1806,23,16261,8192,1038,15,20,57728.63636,43028.57739,187402,43278,9986281.818,1489.804203,9988276,9984669,BENIGN
80,83320080,8,6,658,11595,329,0,82.25,152.2974064,5792,0,1932.5,2181.008184,147.0593883,0.168026723,6409236.923,23000000.0,83000000,3,83200000,11900000.0,31300000.0,83000000,3,357362,71472.4,102238.9428,220977,46,0,0,264,200,0.09601527,0.072011453,0,5792,816.8666667,1612.423547,2599909.695,0,0,0,0,1,0,0,0,0,875.2142857,82.25,1932.5,264,8,658,6,11595,274,235,2,32,1010.0,0.0,1010,1010,83000000.0,0.0,83000000,83000000,DoS Hulk
123,68073152,2,2,96,96,48,48,48.0,0.0,48,48,48.0,0.0,2.820495223,0.058760317,22700000.0,39200000.0,67900000,65419,68000000,68000000.0,0.0,68000000,68000000,68000000,68000000.0,0.0,68000000,68000000,0,0,52,40,0.029380159,0.029380159,48,48,48.0,0.0,0.0,0,0,0,0,0,0,0,0,1,60.0,48.0,48.0,52,2,96,2,96,-1,-1,1,20,65419.0,0.0,65419,65419,67900000.0,0.0,67900000,67900000,BENIGN
443,266048,24,60,871,86554,389,0,36.29166667,95.41100072,4344,0,1442.566667,635.1091289,328606.1162,315.7324994,3205.39759,8994.086377,49502,2,266048,11567.30435,14929.72958,49502,2,227778,3860.644068,12520.76433,80471,50,0,0,780,1928,90.20928554,225.5232139,0,4344,1028.529412,837.9408518,702144.8711,0,0,0,1,0,0,0,0,2,1040.77381,36.29166667,1442.566667,780,24,871,60,86554,65535,122,6,32,0.0,0.0,0,0,0.0,0.0,0,0,BENIGN
80,86824932,5,6,702,11595,348,0,140.4,189.5278344,4344,0,1932.5,1754.831473,141.6298259,0.12669172,8682493.2,27300000.0,86400000,16,86600000,21700000.0,43200000.0,86400000,993,404530,80906.0,111623.6763,222751,16,0,0,156,200,0.057587146,0.069104575,0,4344,1025.25,1520.560132,2312103.114,1,0,0,0,0,0,0,0,1,1118.454545,140.4,1932.5,156,5,702,6,11595,0,235,2,20,0.0,0.0,0,0,86400000.0,0.0,86400000,86400000,DoS Hulk
80,66470748,5,8,313,11595,301,0,62.6,133.3034133,5792,0,1449.375,1895.881019,179.1464721,0.195574751,5539229.0,19100000.0,66300000,2,66300000,16600000.0,33200000.0,66300000,2,66500000,9495814.857,25100000.0,66300000,46,0,0,144,264,0.075221058,0.120353693,0,5792,851.0,1566.916423,2455227.077,1,0,0,0,0,0,0,0,1,916.4615385,62.6,1449.375,144,5,313,8,11595,0,235,2,20,13000.0,0.0,13000,13000,66300000.0,0.0,66300000,66300000,DoS Hulk
41098,85,1,1,0,0,0,0,0.0,0.0,0,0,0.0,0.0,0.0,23529.41176,85.0,0.0,85,85,0,0.0,0.0,0,0,0,0.0,0.0,0,0,0,0,32,32,11764.70588,11764.70588,0,0,0.0,0.0,0.0,0,0,0,0,1,1,0,0,1,0.0,0.0,0.0,32,1,0,1,0,377,406,0,32,0.0,0.0,0,0,0.0,0.0,0,0,BENIGN
443,62659025,7,2,187,92,46,6,26.71428571,20.0890873,46,46,46.0,0.0,4.452670625,0.143634536,7832378.125,20400000.0,58300000,3,62700000,10400000.0,23500000.0,58300000,3,58600000,58600000.0,0.0,58600000,58600000,1,0,140,40,0.11171575,0.031918786,6,46,32.5,18.86354509,355.8333333,0,1,0,0,1,0,0,0,0,36.11111111,26.71428571,46.0,140,7,187,2,92,258,368,6,20,249277.0,0.0,249277,249277,58300000.0,0.0,58300000,58300000,BENIGN
80,101850,3,5,432,2278,426,0,144.0,244.2375892,1460,0,455.6,660.1990609,26607.7565,78.54688267,14550.0,21023.83605,45672,1,55293,27646.5,22936.42266,43865,11428,58070,14517.5,28447.5787,57185,1,0,0,72,112,29.455081,49.09180167,0,1460,301.1111111,518.0261684,268351.1111,0,0,0,1,0,0,0,0,1,338.75,144.0,455.6,72,3,432,5,2278,8192,237,2,20,0.0,0.0,0,0,0.0,0.0,0,0,BENIGN
80,115704604,16,14,435,602,424,0,27.1875,105.8175907,602,0,43.0,160.8912676,8.962478278,0.259280953,3989813.931,4852327.087,10000000,37,116000000,7713640.267,4099012.444,10000000,32553,111000000,8533130.923,3667095.528,10100000,107455,0,0,332,424,0.138283175,0.120997778,0,602,33.4516129,130.0643017,16916.72258,0,0,0,1,0,0,0,0,0,34.56666667,27.1875,43.0,332,16,435,14,602,8192,946,12,20,92762.72727,200204.5605,696402,32117,9991857.727,30547.12302,10000000,9899882,BENIGN
80,84710268,6,8,371,11595,353,0,61.83333333,142.6722351,5792,0,1449.375,2046.673464,141.2579641,0.165269221,6516174.462,23400000.0,84600000,0,84600000,16900000.0,37800000.0,84600000,1,84700000,12100000.0,32000000.0,84600000,49,0,0,164,264,0.070829666,0.094439555,0,5792,798.1333333,1619.018877,2621222.124,1,0,0,0,0,0,0,0,1,855.1428571,61.83333333,1449.375,164,6,371,8,11595,0,235,3,20,9971.0,0.0,9971,9971,84600000.0,0.0,84600000,84600000,DoS Hulk
53,216,2,2,64,258,32,32,32.0,0.0,129,129,129.0,0.0,1490740.741,18518.51852,72.0,122.9756073,214,1,1,1.0,0.0,1,1,1,1.0,0.0,1,1,0,0,64,64,9259.259259,9259.259259,32,129,70.8,53.12908808,2822.7,0,0,0,0,0,0,0,0,1,88.5,32.0,129.0,64,2,64,2,258,-1,-1,1,32,0.0,0.0,0,0,0.0,0.0,0,0,BENIGN
80,454039,5,2,323,503,323,0,64.6,144.4499913465,503,0,251.5,355.6747109368,1819.2269827041,15.4171778195,75673.1666666667,116996.616905647,226873,15,454039,113509.75,130736.715711068,226888,213,227103,227103.0,0.0,227103,227103,0,0,172,72,11.0122698711,4.4049079484,0,503,103.25,197.1415372627,38864.7857142857,0,0,0,1,0,0,0,0,0,118.0,64.6,251.5,172,5,323,2,503,65535,514,1,32,0.0,0.0,0,0,0.0,0.0,0,0,BENIGN
61781,59,1,1,0,0,0,0,0.0,0.0,0,0,0.0,0.0,0.0,33898.3050847458,59.0,0.0,59,59,0,0.0,0.0,0,0,0,0.0,0.0,0,0,0,0,32,32,16949.1525423729,16949.1525423729,0,0,0.0,0.0,0.0,0,0,0,0,1,0,0,0,1,0.0,0.0,0.0,32,1,0,1,0,357,32832,0,32,0.0,0.0,0,0,0.0,0.0,0,0,BENIGN
53,31944,2,2,86,276,43,43,43.0,0.0,138,138,138.0,0.0,11332.33158,125.2191335,10648.0,18438.54693,31939,1,1,1.0,0.0,1,1,4,4.0,0.0,4,4,0,0,40,40,62.60956674,62.60956674,43,138,81.0,52.03364296,2707.5,0,0,0,0,0,0,0,0,1,101.25,43.0,138.0,40,2,86,2,276,-1,-1,1,20,0.0,0.0,0,0,0.0,0.0,0,0,BENIGN
53,119178,4,2,152,200,38,38,38.0,0.0,100,100,100.0,0.0,2953.565255,50.34486231,23835.6,37225.24341,84913,3,34262,11420.66667,19774.24672,34254,4,3,3.0,0.0,3,3,0,0,80,40,33.56324154,16.78162077,38,100,55.71428571,30.25290226,915.2380952,0,0,0,0,0,0,0,0,0,65.0,38.0,100.0,80,4,152,2,200,-1,-1,3,20,0.0,0.0,0,0,0.0,0.0,0,0,BENIGN
80,1155618,3,5,26,11607,20,0,8.666666667,10.26320288,8675,0,2321.4,3769.536019,10066.47525,6.922702831,165088.2857,436403.8094,1154759,5,589,294.5,409.4148263,584,5,1155600,288900.0,577239.4038,1154759,11,0,0,72,112,2.596013562,4.326689269,0,8675,1292.555556,2931.429562,8593279.278,0,0,0,1,0,0,0,0,1,1454.125,8.666666667,2321.4,72,3,26,5,11607,8192,229,2,20,0.0,0.0,0,0,0.0,0.0,0,0,DDoS
80,100078992,9,6,355,11595,355,0,39.44444444,118.3333333,5792,0,1932.5,2362.781391,119.4056791,0.149881606,7148499.429,26400000.0,98900000,1,99900000,12500000.0,34900000.0,98900000,1,147658,29531.6,58791.07256,134229,59,0,0,304,200,0.089928963,0.059952642,0,5792,746.875,1663.768529,2768125.717,0,0,0,0,1,0,0,0,0,796.6666667,39.44444444,1932.5,304,9,355,6,11595,274,235,1,32,1006.0,0.0,1006,1006,98900000.0,0.0,98900000,98900000,DoS Hulk
80,85139026,9,5,334,11595,334,0,37.11111111,111.3333333,7240,0,2319.0,3335.221882,140.1120093,0.164436929,6549155.846,23300000.0,84100000,1,85100000,10600000.0,29700000.0,84100000,1,1518,379.5,391.2820807,904,3,0,0,304,168,0.105709455,0.058727475,0,7240,795.2666667,2104.560438,4429174.638,0,0,0,0,1,0,0,0,0,852.0714286,37.11111111,2319.0,304,9,334,5,11595,274,235,1,32,970.0,0.0,970,970,84100000.0,0.0,84100000,84100000,DoS Hulk
443,4353079,5,2,129,47,45,6,25.8,18.78030884,41,6,23.5,24.74873734,40.43115229,1.608057194,725513.1667,1657152.203,4101969,4,4353079,1088269.75,2012600.4,4101969,48,4,4.0,0.0,4,4,1,0,100,40,1.148612281,0.459444912,6,45,27.125,17.93191488,321.5535714,0,1,0,0,1,0,0,0,0,31.0,25.8,23.5,100,5,129,2,47,237,4380,4,20,0.0,0.0,0,0,0.0,0.0,0,0,BENIGN
50122,22,1,1,6,2,6,6,6.0,0.0,2,2,2.0,0.0,363636.3636,90909.09091,22.0,0.0,22,22,0,0.0,0.0,0,0,0,0.0,0.0,0,0,0,0,20,24,45454.54545,45454.54545,2,6,4.666666667,2.309401077,5.333333333,1,0,0,0,1,0,0,0,1,7.0,6.0,2.0,20,1,6,1,2,0,1024,0,20,0.0,0.0,0,0,0.0,0.0,0,0,BENIGN
443,33,2,0,0,0,0,0,0.0,0.0,0,0,0.0,0.0,0.0,60606.06061,33.0,0.0,33,33,33,33.0,0.0,33,33,0,0.0,0.0,0,0,0,0,40,0,60606.06061,0.0,0,0,0.0,0.0,0.0,0,0,0,0,1,0,0,0,0,0.0,0.0,0.0,40,2,0,0,0,251,-1,0,20,0.0,0.0,0,0,0.0,0.0,0,0,BENIGN
41955,57,1,1,0,0,0,0,0.0,0.0,0,0,0.0,0.0,0.0,35087.7192982456,57.0,0.0,57,57,0,0.0,0.0,0,0,0,0.0,0.0,0,0,0,0,32,32,17543.8596491228,17543.8596491228,0,0,0.0,0.0,0.0,0,0,0,0,1,1,0,0,1,0.0,0.0,0.0,32,1,0,1,0,382,580,0,32,0.0,0.0,0,0,0.0,0.0,0,0,BENIGN
53,133363,1,1,72,153,72,72,72.0,0.0,153,153,153.0,0.0,1687.124615,14.99666324,133363.0,0.0,133363,133363,0,0.0,0.0,0,0,0,0.0,0.0,0,0,0,0,32,20,7.498331621,7.498331621,72,153,99.0,46.7653718,2187.0,0,0,0,0,0,0,0,0,1,148.5,72.0,153.0,32,1,72,1,153,-1,-1,0,32,0.0,0.0,0,0,0.0,0.0,0,0,BENIGN
1700,26,1,1,2,6,2,2,2.0,0.0,6,6,6.0,0.0,307692.3077,76923.07692,26.0,0.0,26,26,0,0.0,0.0,0,0,0,0.0,0.0,0,0,0,0,24,20,38461.53846,38461.53846,2,6,3.333333333,2.309401077,5.333333333,0,0,0,1,0,0,0,0,1,5.0,2.0,6.0,24,1,2,1,6,1024,0,0,24,0.0,0.0,0,0,0.0,0.0,0,0,PortScan
53,433,1,1,46,91,46,46,46.0,0.0,91,91,91.0,0.0,316397.2286,4618.937644,433.0,0.0,433,433,0,0.0,0.0,0,0,0,0.0,0.0,0,0,0,0,32,32,2309.468822,2309.468822,46,91,61.0,25.98076211,675.0,0,0,0,0,0,0,0,0,1,91.5,46.0,91.0,32,1,46,1,91,-1,-1,0,32,0.0,0.0,0,0,0.0,0.0,0,0,BENIGN
5100,13,1,1,0,6,0,0,0.0,0.0,6,6,6.0,0.0,461538.4615,153846.1538,13.0,0.0,13,13,0,0.0,0.0,0,0,0,0.0,0.0,0,0,0,0,40,20,76923.07692,76923.07692,0,6,2.0,3.464101615,12.0,0,0,0,1,0,0,0,0,1,3.0,0.0,6.0,40,1,0,1,6,29200,0,0,40,0.0,0.0,0,0,0.0,0.0,0,0,PortScan
1556,61,1,1,2,6,2,2,2.0,0.0,6,6,6.0,0.0,131147.541,32786.88525,61.0,0.0,61,61,0,0.0,0.0,0,0,0,0.0,0.0,0,0,0,0,24,20,16393.44262,16393.44262,2,6,3.333333333,2.309401077,5.333333333,0,0,0,1,0,0,0,0,1,5.0,2.0,6.0,24,1,2,1,6,1024,0,0,24,0.0,0.0,0,0,0.0,0.0,0,0,PortScan
53,262,2,2,84,276,42,42,42.0,0.0,138,138,138.0,0.0,1374045.802,15267.17557,87.33333333,66.39528096,164,49,49,49.0,0.0,49,49,49,49.0,0.0,49,49,0,0,40,40,7633.587786,7633.587786,42,138,80.4,52.58136552,2764.8,0,0,0,0,0,0,0,0,1,100.5,42.0,138.0,40,2,84,2,276,-1,-1,1,20,0.0,0.0,0,0,0.0,0.0,0,0,BENIGN
443,66012187,15,15,896,4570,515,0,59.73333333,142.9057965,1448,0,304.6666667,525.7687795,82.80289214,0.454461538,2276282.31,4104940.198,10000000,4,61500000,4395947.0,5117244.442,10100000,220,65900000,4709348.0,4972658.685,10100000,4,0,0,488,488,0.227230769,0.227230769,0,1448,176.3225806,393.1936238,154601.2258,0,0,0,1,0,0,0,0,1,182.2,59.73333333,304.6666667,488,15,896,15,4570,29200,23,3,32,236439.0,380167.6896,1012453,81057,10000000.0,15474.92648,10000000,9998783,BENIGN
54339,22,1,1,6,6,6,6,6.0,0.0,6,6,6.0,0.0,545454.5455,90909.09091,22.0,0.0,22,22,0,0.0,0.0,0,0,0,0.0,0.0,0,0,0,0,20,20,45454.54545,45454.54545,6,6,6.0,0.0,0.0,0,0,0,0,1,1,0,0,1,9.0,6.0,6.0,20,1,6,1,6,5804,64240,0,20,0.0,0.0,0,0,0.0,0.0,0,0,BENIGN
80,98358618,5,6,356,11595,344,0,71.2,152.5293414,10136,0,1932.5,4061.030399,121.5043505,0.11183565,9835861.8,31100000.0,98300000,2,98400000,24600000.0,49200000.0,98300000,6,98400000,19700000.0,44000000.0,98400000,2,0,0,144,200,0.050834386,0.061001264,0,10136,996.4166667,2908.787109,8461042.447,1,0,0,0,0,0,0,0,1,1087.0,71.2,1932.5,144,5,356,6,11595,0,235,2,20,14020.0,0.0,14020,14020,98300000.0,0.0,98300000,98300000,DoS Hulk
80,7703793,5,0,30,0,6,6,6.0,0.0,0,0,0.0,0.0,3.89418563,0.649030938,1925948.25,3850563.948,7701794,3,7703793,1925948.25,3850563.948,7701794,3,0,0.0,0.0,0,0,0,0,100,0,0.649030938,0.0,6,6,6.0,0.0,0.0,0,0,0,0,1,0,0,0,0,7.2,6.0,0.0,100,5,30,0,0,256,-1,4,20,1999.0,0.0,1999,1999,7701794.0,0.0,7701794,7701794,DDoS
80,988,6,0,0,0,0,0,0.0,0.0,0,0,0.0,0.0,0.0,6072.874494,197.6,439.0521609,983,1,988,197.6,439.0521609,983,1,0,0.0,0.0,0,0,0,0,192,0,6072.874494,0.0,0,0,0.0,0.0,0.0,0,0,0,0,1,0,0,0,0,0.0,0.0,0.0,192,6,0,0,0,251,-1,0,32,0.0,0.0,0,0,0.0,0.0,0,0,DoS Hulk
443,200783,10,7,566,4135,209,0,56.6,74.59848077,1430,0,590.7142857,649.6372614,23413.33679,84.66852273,12548.9375,17842.58801,46788,2,200783,22309.22222,19235.72658,46793,48,109213,18202.16667,28825.53077,67521,3,0,0,212,152,49.80501337,34.86350936,0,1430,261.1666667,474.5989328,225244.1471,0,0,0,1,0,0,0,0,0,276.5294118,56.6,590.7142857,212,10,566,7,4135,8192,343,9,20,0.0,0.0,0,0,0.0,0.0,0,0,BENIGN
80,2999891,8,1,935,0,187,0,116.875,96.7816947,0,0,0.0,0.0,311.677991,3.000109004,374986.375,488044.8732,1370397,4,2999891,428555.8571,501100.8064,1370397,4,0,0.0,0.0,0,0,0,0,264,40,2.666763559,0.333345445,0,187,93.5,98.55765374,9713.611111,0,0,0,1,0,0,0,0,0,103.8888889,116.875,0.0,264,8,935,1,0,29200,28960,5,32,0.0,0.0,0,0,0.0,0.0,0,0,DoS Slowhttptest
80,5329341,3,1,0,0,0,0,0.0,0.0,0,0,0.0,0.0,0.0,0.750561842,1776447.0,3076126.579,5328452,142,5329341,2664670.5,3767155.924,5328452,889,0,0.0,0.0,0,0,0,0,104,40,0.562921382,0.187640461,0,0,0.0,0.0,0.0,0,0,0,1,0,0,0,0,0,0.0,0.0,0.0,104,3,0,1,0,29200,28960,0,32,0.0,0.0,0,0,0.0,0.0,0,0,Web Attack � XSS
1010,68,1,1,2,6,2,2,2.0,0.0,6,6,6.0,0.0,117647.0588,29411.76471,68.0,0.0,68,68,0,0.0,0.0,0,0,0,0.0,0.0,0,0,0,0,24,20,14705.88235,14705.88235,2,6,3.333333333,2.309401077,5.333333333,0,0,0,1,0,0,0,0,1,5.0,2.0,6.0,24,1,2,1,6,1024,0,0,24,0.0,0.0,0,0,0.0,0.0,0,0,PortScan
63745,2148004,2,0,12,0,6,6,6.0,0.0,0,0,0.0,0.0,5.5865817755,0.9310969626,2148004.0,0.0,2148004,2148004,2148004,2148004.0,0.0,2148004,2148004,0,0.0,0.0,0,0,0,0,40,0,0.9310969626,0.0,6,6,6.0,0.0,0.0,0,0,0,0,1,0,0,0,0,9.0,6.0,0.0,40,2,12,0,0,36500,-1,1,20,0.0,0.0,0,0,0.0,0.0,0,0,BENIGN
443,62165779,16,17,1168,5620,322,0,73.0,96.91645887,2820,0,330.5882353,695.6801581,109.1919077,0.530838679,1942680.594,10300000.0,58500000,2,62200000,4144385.267,15100000.0,58500000,34,62000000,3877307.75,14600000.0,58600000,45,0,0,332,352,0.257376329,0.27346235,0,2820,199.6470588,506.6943303,256739.1444,0,0,0,1,0,0,0,0,1,205.6969697,73.0,330.5882353,332,16,1168,17,5620,8192,132,8,20,3508389.0,0.0,3508389,3508389,58500000.0,0.0,58500000,58500000,BENIGN
80,761191,3,4,26,11601,20,0,8.666666667,10.26320288,10135,0,2900.25,4871.82583,15274.74707,9.196115036,126865.1667,300507.8681,740049,17,20930,10465.0,14292.04226,20571,359,761134,253711.3333,421307.8628,740049,195,0,0,72,92,3.941192158,5.254922877,0,10135,1453.375,3544.652026,12600000.0,0,0,0,1,0,0,0,0,1,1661.0,8.666666667,2900.25,72,3,26,4,11601,8192,229,2,20,0.0,0.0,0,0,0.0,0.0,0,0,DDoS
80,174387,4,5,298,1944,210,0,74.5,99.40321926,1944,0,388.8,869.3832297,12856.46292,51.60935161,21798.375,34022.36836,94184,4,41406,13802.0,22069.13764,39256,18,135346,33836.5,44664.08951,94184,4,0,0,140,168,22.93748961,28.67186201,0,1944,224.2,608.1231235,369813.7333,0,0,0,1,0,0,0,0,1,249.1111111,74.5,388.8,140,4,298,5,1944,65535,939,2,32,0.0,0.0,0,0,0.0,0.0,0,0,BENIGN
80,5012597,5,0,30,0,6,6,6.0,0.0,0,0,0.0,0.0,5.984921589,0.997486931,1253149.25,2503636.539,5008603,0,5012597,1253149.25,2503636.539,5008603,0,0,0.0,0.0,0,0,0,0,100,0,0.997486931,0.0,6,6,6.0,0.0,0.0,0,0,0,0,1,0,0,0,0,7.2,6.0,0.0,100,5,30,0,0,256,-1,4,20,3994.0,0.0,3994,3994,5008603.0,0.0,5008603,5008603,DDoS
80,5501396,3,1,0,0,0,0,0.0,0.0,0,0,0.0,0.0,0.0,0.727088179,1833798.667,3175493.758,5500543,108,5501396,2750698.0,3888868.093,5500543,853,0,0.0,0.0,0,0,0,0,104,40,0.545316134,0.181772045,0,0,0.0,0.0,0.0,0,0,0,1,0,0,0,0,0,0.0,0.0,0.0,104,3,0,1,0,29200,28960,0,32,0.0,0.0,0,0,0.0,0.0,0,0,Web Attack � Brute Force
80,6538,2,0,12,0,6,6,6.0,0.0,0,0,0.0,0.0,1835.423677,305.9039462,6538.0,0.0,6538,6538,6538,6538.0,0.0,6538,6538,0,0.0,0.0,0,0,0,0,40,0,305.9039462,0.0,6,6,6.0,0.0,0.0,0,0,0,0,1,0,0,0,0,9.0,6.0,0.0,40,2,12,0,0,256,-1,1,20,0.0,0.0,0,0,0.0,0.0,0,0,BENIGN
80,28779787,2,0,12,0,6,6,6.0,0.0,0,0,0.0,0.0,0.416959306,0.069493218,28800000.0,0.0,28800000,28800000,28800000,28800000.0,0.0,28800000,28800000,0,0.0,0.0,0,0,0,0,40,0,0.069493218,0.0,6,6,6.0,0.0,0.0,0,0,0,0,1,0,0,0,0,9.0,6.0,0.0,40,2,12,0,0,65535,-1,1,20,0.0,0.0,0,0,0.0,0.0,0,0,BENIGN
53,31220,1,1,51,67,51,51,51.0,0.0,67,67,67.0,0.0,3779.6284433056,64.0614990391,31220.0,0.0,31220,31220,0,0.0,0.0,0,0,0,0.0,0.0,0,0,0,0,20,20,32.0307495195,32.0307495195,51,67,56.3333333333,9.237604307,85.3333333333,0,0,0,0,0,0,0,0,1,84.5,51.0,67.0,20,1,51,1,67,-1,-1,0,20,0.0,0.0,0,0,0.0,0.0,0,0,BENIGN
80,74333784,8,4,56,11601,20,0,7.0,5.656854249,7215,0,2900.25,3540.00286,156.819677,0.161433999,6757616.727,19300000.0,64400000,1,73900000,10600000.0,24000000.0,64400000,1,449776,149925.3333,229534.5311,414189,197,0,0,172,92,0.107622666,0.053811333,0,7215,897.1538462,2250.514898,5064817.308,0,0,0,0,1,0,0,0,0,971.9166667,7.0,2900.25,172,8,56,4,11601,256,229,6,20,998.0,0.0,998,998,36900000.0,38800000.0,64400000,9513808,DDoS
61214,71,1,1,0,0,0,0,0.0,0.0,0,0,0.0,0.0,0.0,28169.014084507,71.0,0.0,71,71,0,0.0,0.0,0,0,0,0.0,0.0,0,0,0,0,32,32,14084.5070422535,14084.5070422535,0,0,0.0,0.0,0.0,0,0,0,0,1,1,0,0,1,0.0,0.0,0.0,32,1,0,1,0,179,32832,0,32,0.0,0.0,0,0,0.0,0.0,0,0,BENIGN
53,60683,2,2,72,188,36,36,36.0,0.0,94,94,94.0,0.0,4284.5607501277,65.9163192327,20227.6666666667,34992.0520309017,60633,3,47,47.0,0.0,47,47,3,3.0,0.0,3,3,0,0,64,40,32.9581596164,32.9581596164,36,94,59.2,31.7679083353,1009.2,0,0,0,0,0,0,0,0,1,74.0,36.0,94.0,64,2,72,2,188,-1,-1,1,32,0.0,0.0,0,0,0.0,0.0,0,0,BENIGN
53,78918,2,2,74,188,37,37,37.0,0.0,94,94,94.0,0.0,3319.90167,50.68552168,26306.0,45478.45805,78820,49,49,49.0,0.0,49,49,49,49.0,0.0,49,49,0,0,88,40,25.34276084,25.34276084,37,94,59.8,31.22018578,974.7,0,0,0,0,0,0,0,0,1,74.75,37.0,94.0,88,2,74,2,188,-1,-1,1,44,0.0,0.0,0,0,0.0,0.0,0,0,BENIGN
1666,13,1,1,2,6,2,2,2.0,0.0,6,6,6.0,0.0,615384.6154,153846.1538,13.0,0.0,13,13,0,0.0,0.0,0,0,0,0.0,0.0,0,0,0,0,24,20,76923.07692,76923.07692,2,6,3.333333333,2.309401077,5.333333333,0,0,0,1,0,0,0,0,1,5.0,2.0,6.0,24,1,2,1,6,1024,0,0,24,0.0,0.0,0,0,0.0,0.0,0,0,PortScan
53,442,1,1,77,159,77,77,77.0,0.0,159,159,159.0,0.0,533936.6516,4524.886878,442.0,0.0,442,442,0,0.0,0.0,0,0,0,0.0,0.0,0,0,0,0,32,32,2262.443439,2262.443439,77,159,104.3333333,47.34272207,2241.333333,0,0,0,0,0,0,0,0,1,156.5,77.0,159.0,32,1,77,1,159,-1,-1,0,32,0.0,0.0,0,0,0.0,0.0,0,0,BENIGN
80,299437,3,6,26,11607,20,0,8.666666667,10.26320288,5840,0,1934.5,2558.396197,38849.57437,30.05640585,37429.625,105293.6564,298017,2,1078,539.0,758.0184694,1075,3,299309,59861.8,133133.4614,298017,2,0,0,72,132,10.01880195,20.0376039,0,5840,1163.3,2151.187375,4627607.122,0,0,0,1,0,0,0,0,2,1292.555556,8.666666667,1934.5,72,3,26,6,11607,8192,229,2,20,0.0,0.0,0,0,0.0,0.0,0,0,DDoS
50193,33,1,1,0,0,0,0,0.0,0.0,0,0,0.0,0.0,0.0,60606.0606060606,33.0,0.0,33,33,0,0.0,0.0,0,0,0,0.0,0.0,0,0,0,0,32,32,30303.0303030303,30303.0303030303,0,0,0.0,0.0,0.0,0,0,0,0,1,1,0,0,1,0.0,0.0,0.0,32,1,0,1,0,118,309,0,32,0.0,0.0,0,0,0.0,0.0,0,0,BENIGN
1072,44,1,1,0,6,0,0,0.0,0.0,6,6,6.0,0.0,136363.6364,45454.54545,44.0,0.0,44,44,0,0.0,0.0,0,0,0,0.0,0.0,0,0,0,0,40,20,22727.27273,22727.27273,0,6,2.0,3.464101615,12.0,0,0,0,1,0,0,0,0,1,3.0,0.0,6.0,40,1,0,1,6,29200,0,0,40,0.0,0.0,0,0,0.0,0.0,0,0,PortScan
53,60812,1,1,56,131,56,56,56.0,0.0,131,131,131.0,0.0,3075.0509767809,32.888245741,60812.0,0.0,60812,60812,0,0.0,0.0,0,0,0,0.0,0.0,0,0,0,0,32,20,16.4441228705,16.4441228705,56,131,81.0,43.3012701892,1875.0,0,0,0,0,0,0,0,0,1,121.5,56.0,131.0,32,1,56,1,131,-1,-1,0,32,0.0,0.0,0,0,0.0,0.0,0,0,BENIGN
1309,104,1,1,0,6,0,0,0.0,0.0,6,6,6.0,0.0,57692.30769,19230.76923,104.0,0.0,104,104,0,0.0,0.0,0,0,0,0.0,0.0,0,0,0,0,40,20,9615.384615,9615.384615,0,6,2.0,3.464101615,12.0,0,0,0,1,0,0,0,0,1,3.0,0.0,6.0,40,1,0,1,6,29200,0,0,40,0.0,0.0,0,0,0.0,0.0,0,0,PortScan
808,52,1,1,2,6,2,2,2.0,0.0,6,6,6.0,0.0,153846.1538,38461.53846,52.0,0.0,52,52,0,0.0,0.0,0,0,0,0.0,0.0,0,0,0,0,24,20,19230.76923,19230.76923,2,6,3.333333333,2.309401077,5.333333333,0,0,0,1,0,0,0,0,1,5.0,2.0,6.0,24,1,2,1,6,1024,0,0,24,0.0,0.0,0,0,0.0,0.0,0,0,PortScan
80,61160589,12,16,8237,1094,5269,0,686.4166667,1668.832878,526,0,68.375,178.662018,152.565568,0.457811157,2265207.0,4198176.932,10100000,1,60500000,5498634.0,5185625.051,10100000,510,61100000,4073801.4,5027911.485,10100000,1,0,0,264,404,0.196204781,0.261606375,0,5269,321.7586207,1099.355709,1208582.975,0,0,0,1,0,0,0,0,1,333.25,686.4166667,68.375,264,12,8237,16,1094,8192,174,10,20,112104.3333,150413.3221,419134,50437,9968724.667,112947.1973,10100000,9743315,BENIGN
48080,48,2,0,4,0,2,2,2.0,0.0,0,0,0.0,0.0,83333.33333,41666.66667,48.0,0.0,48,48,48,48.0,0.0,48,48,0,0.0,0.0,0,0,0,0,48,0,41666.66667,0.0,2,2,2.0,0.0,0.0,0,0,0,1,0,0,0,0,0,3.0,2.0,0.0,48,2,4,0,0,1024,-1,1,24,0.0,0.0,0,0,0.0,0.0,0,0,BENIGN
443,477,2,0,0,0,0,0,0.0,0.0,0,0,0.0,0.0,0.0,4192.872117,477.0,0.0,477,477,477,477.0,0.0,477,477,0,0.0,0.0,0,0,0,0,64,0,4192.872117,0.0,0,0,0.0,0.0,0.0,0,0,0,0,1,0,0,0,0,0.0,0.0,0.0,64,2,0,0,0,369,-1,0,32,0.0,0.0,0,0,0.0,0.0,0,0,BENIGN
123,27387,1,1,48,48,48,48,48.0,0.0,48,48,48.0,0.0,3505.312739621,73.0273487421,27387.0,0.0,27387,27387,0,0.0,0.0,0,0,0,0.0,0.0,0,0,0,0,20,20,36.5136743711,36.5136743711,48,48,48.0,0.0,0.0,0,0,0,0,0,0,0,0,1,72.0,48.0,48.0,20,1,48,1,48,-1,-1,0,20,0.0,0.0,0,0,0.0,0.0,0,0,BENIGN
443,115826094,18,27,7686,9224,2971,6,427.0,977.4147172065,1460,0,341.6296296296,570.2821938539,145.9947358667,0.3885134899,2632411.22727273,4340337.47059887,10006571,3,115803054,6811944.35294118,4547947.91563754,10029666,83734,115803172,4453968.15384616,4917103.64765665,10029449,3,0,0,360,684,0.155405396,0.2331080939,0,2971,367.7391304348,743.9984000814,553533.619323671,0,0,0,0,1,0,0,0,1,375.9111111111,427.0,341.6296296296,360,18,7686,27,9224,256,3228,17,20,527509.454545455,1673177.6902213,5572330,22878,10000040.9090909,4297.5925692078,10006571,9992789,BENIGN
33444,85,1,1,0,0,0,0,0.0,0.0,0,0,0.0,0.0,0.0,23529.41176,85.0,0.0,85,85,0,0.0,0.0,0,0,0,0.0,0.0,0,0,0,0,32,32,11764.70588,11764.70588,0,0,0.0,0.0,0.0,0,0,0,0,1,1,0,0,1,0.0,0.0,0.0,32,1,0,1,0,118,319,0,32,0.0,0.0,0,0,0.0,0.0,0,0,BENIGN
80,100441,3,4,436,872,430,0,145.3333333,246.5468177,860,0,218.0,428.0093457,13022.57046,69.69265539,16740.16667,19142.14247,44554,3,72427,36213.5,11795.24822,44554,27873,72604,24201.33333,41426.12693,72035,3,0,0,72,92,29.86828088,39.82437451,0,860,163.5,318.6466919,101535.7143,0,0,0,1,0,0,0,0,1,186.8571429,145.3333333,218.0,72,3,436,4,872,8192,31,2,20,0.0,0.0,0,0,0.0,0.0,0,0,BENIGN
80,4795912,4,0,24,0,6,6,6.0,0.0,0,0,0.0,0.0,5.004261963,0.834043661,1598637.333,2768049.908,4794906,1,4795912,1598637.333,2768049.908,4794906,1,0,0.0,0.0,0,0,0,0,80,0,0.834043661,0.0,6,6,6.0,0.0,0.0,0,0,0,0,1,0,0,0,0,7.5,6.0,0.0,80,4,24,0,0,256,-1,3,20,0.0,0.0,0,0,0.0,0.0,0,0,DDoS
80,1371131,4,0,24,0,6,6,6.0,0.0,0,0,0.0,0.0,17.50379796,2.91729966,457043.6667,790762.177,1370137,3,1371131,457043.6667,790762.177,1370137,3,0,0.0,0.0,0,0,0,0,80,0,2.91729966,0.0,6,6,6.0,0.0,0.0,0,0,0,0,1,0,0,0,0,7.5,6.0,0.0,80,4,24,0,0,256,-1,3,20,0.0,0.0,0,0,0.0,0.0,0,0,DDoS
53,47209,2,2,68,428,34,34,34.0,0.0,214,214,214.0,0.0,10506.47122,84.72960664,15736.33333,27250.06668,47202,3,3,3.0,0.0,3,3,4,4.0,0.0,4,4,0,0,64,64,42.36480332,42.36480332,34,214,106.0,98.59006035,9720.0,0,0,0,0,0,0,0,0,1,132.5,34.0,214.0,64,2,68,2,428,-1,-1,1,32,0.0,0.0,0,0,0.0,0.0,0,0,BENIGN
21,8271016,9,15,97,188,19,0,10.77777778,8.303279138,34,0,12.53333333,14.54975045,34.45767727,2.901699138,359609.3913,920803.7367,2888591,3,5924480,740560.0,1331892.421,2931910,18,8270959,590782.7857,1134822.568,2888591,3,0,0,296,488,1.088137177,1.813561961,0,34,11.4,12.36257794,152.8333333,0,0,0,1,0,0,0,0,1,11.875,10.77777778,12.53333333,296,9,97,15,188,29200,227,6,32,0.0,0.0,0,0,0.0,0.0,0,0,FTP-Patator
53,61261,2,2,60,264,30,30,30.0,0.0,132,132,132.0,0.0,5288.8460847848,65.2943961085,20420.3333333333,35362.9926665339,61254,3,3,3.0,0.0,3,3,4,4.0,0.0,4,4,0,0,64,64,32.6471980542,32.6471980542,30,132,70.8,55.8677008655,3121.2,0,0,0,0,0,0,0,0,1,88.5,30.0,132.0,64,2,60,2,264,-1,-1,1,32,0.0,0.0,0,0,0.0,0.0,0,0,BENIGN
49152,48,2,0,4,0,2,2,2.0,0.0,0,0,0.0,0.0,83333.33333,41666.66667,48.0,0.0,48,48,48,48.0,0.0,48,48,0,0.0,0.0,0,0,0,0,48,0,41666.66667,0.0,2,2,2.0,0.0,0.0,0,0,0,1,0,0,0,0,0,3.0,2.0,0.0,48,2,4,0,0,1024,-1,1,24,0.0,0.0,0,0,0.0,0.0,0,0,BENIGN
53,161,2,2,72,136,36,36,36.0,0.0,68,68,68.0,0.0,1291925.466,24844.7205,53.66666667,87.75724092,155,3,3,3.0,0.0,3,3,3,3.0,0.0,3,3,0,0,64,64,12422.36025,12422.36025,36,68,48.8,17.52712184,307.2,0,0,0,0,0,0,0,0,1,61.0,36.0,68.0,64,2,72,2,136,-1,-1,1,32,0.0,0.0,0,0,0.0,0.0,0,0,BENIGN
80,216009,4,0,24,0,6,6,6.0,0.0,0,0,0.0,0.0,111.1064817,18.51774695,72003.0,122603.2095,213566,3,216009,72003.0,122603.2095,213566,3,0,0.0,0.0,0,0,0,0,80,0,18.51774695,0.0,6,6,6.0,0.0,0.0,0,0,0,0,1,0,0,0,0,7.5,6.0,0.0,80,4,24,0,0,256,-1,3,20,0.0,0.0,0,0,0.0,0.0,0,0,DDoS
55247,257,4,0,49,0,31,6,12.25,12.5,0,0,0.0,0.0,190661.4786,15564.20233,85.66666667,106.4064534,206,4,257,85.66666667,106.4064534,206,4,0,0.0,0.0,0,0,0,0,80,0,15564.20233,0.0,6,31,11.0,11.18033989,125.0,0,0,0,0,1,0,0,0,0,13.75,12.25,0.0,80,4,49,0,0,4445,-1,3,20,0.0,0.0,0,0,0.0,0.0,0,0,BENIGN
443,5116569,8,9,1228,8727,561,0,153.5,241.8771825298,2281,0,969.6666666667,893.6169481383,1945.6397441332,3.3225389905,319785.5625,1248323.50734767,5000764,3,115802,16543.1428571429,15261.417206238,36303,110,5092873,636609.125,1763504.50982188,5000897,3,0,0,172,192,1.5635477602,1.7589912303,0,2281,553.0555555556,764.7780510189,584885.467320261,0,0,0,1,0,0,0,0,1,585.5882352941,153.5,969.6666666667,172,8,1228,9,8727,8192,246,7,20,115802.0,0.0,115802,115802,5000764.0,0.0,5000764,5000764,BENIGN
21,8659159,9,15,105,188,23,0,11.66666667,9.300537619,34,0,12.53333333,14.54975045,33.83700426,2.771631749,376485.1739,982137.8777,3270479,3,5857410,732176.25,1366996.533,3314504,232,8659036,618502.5714,1212932.171,3270479,3,0,0,296,488,1.039361906,1.732269843,0,34,11.72,12.58808961,158.46,0,0,0,1,0,0,0,0,1,12.20833333,11.66666667,12.53333333,296,9,105,15,188,29200,227,6,32,0.0,0.0,0,0,0.0,0.0,0,0,FTP-Patator
80,34295579,7,7,454,1779,424,0,64.85714286,158.3828995,1767,0,254.1428571,667.1132909,65.11043304,0.408215881,2638121.462,4269878.005,10000000,67,31000000,5174621.833,5478661.867,10300000,166,34000000,5672330.667,5134977.987,10300000,948,0,0,152,188,0.204107941,0.204107941,0,1767,148.8666667,460.5817543,212135.5524,0,0,0,1,0,0,0,0,1,159.5,64.85714286,254.1428571,152,7,454,7,1779,8192,946,6,20,349257.3333,151764.6045,524500,261604,9999986.333,153.8321596,10000000,9999812,BENIGN
80,720167,3,6,26,11607,20,0,8.666666667,10.26320288,5755,0,1934.5,2529.124572,16153.1978,12.49710137,90020.875,254289.0691,719354,4,654,327.0,456.7909806,650,4,720142,144028.4,321616.925,719354,11,0,0,72,132,4.165700456,8.331400911,0,5755,1163.3,2131.87096,4544873.789,0,0,0,1,0,0,0,0,2,1292.555556,8.666666667,1934.5,72,3,26,6,11607,8192,229,2,20,0.0,0.0,0,0,0.0,0.0,0,0,DDoS
80,71069838,12,12,1080,646,532,0,90.0,197.7565077656,314,0,53.8333333333,121.5519592104,24.2859706533,0.3376959998,3089992.95652174,4668263.13035918,10000692,93,61053130,5550284.54545455,5147613.48221108,10051557,93,71018935,6456266.81818182,4988952.87774635,10129796,1232,0,0,252,324,0.1688479999,0.1688479999,0,532,69.04,158.8396675897,25230.04,0,0,0,1,0,0,0,0,1,71.9166666667,90.0,53.8333333333,252,12,1080,12,646,8192,114,11,20,180776.0,259730.147755704,700025,50183,9994745.66666667,13811.4995806634,10000692,9966563,BENIGN
53,30398,1,1,50,66,50,50,50.0,0.0,66,66,66.0,0.0,3816.040529,65.79380222,30398.0,0.0,30398,30398,0,0.0,0.0,0,0,0,0.0,0.0,0,0,0,0,32,40,32.89690111,32.89690111,50,66,55.33333333,9.237604307,85.33333333,0,0,0,0,0,0,0,0,1,83.0,50.0,66.0,32,1,50,1,66,-1,-1,0,32,0.0,0.0,0,0,0.0,0.0,0,0,BENIGN
42688,75,1,2,0,0,0,0,0.0,0.0,0,0,0.0,0.0,0.0,40000.0,37.5,37.4766594,64,11,0,0.0,0.0,0,0,64,64.0,0.0,64,64,0,0,32,64,13333.33333,26666.66667,0,0,0.0,0.0,0.0,0,0,0,0,1,1,0,0,2,0.0,0.0,0.0,32,1,0,2,0,395,229,0,32,0.0,0.0,0,0,0.0,0.0,0,0,BENIGN
32784,29,1,1,0,6,0,0,0.0,0.0,6,6,6.0,0.0,206896.5517,68965.51724,29.0,0.0,29,29,0,0.0,0.0,0,0,0,0.0,0.0,0,0,0,0,40,20,34482.75862,34482.75862,0,6,2.0,3.464101615,12.0,0,0,0,1,0,0,0,0,1,3.0,0.0,6.0,40,1,0,1,6,29200,0,0,40,0.0,0.0,0,0,0.0,0.0,0,0,PortScan
443,137,3,0,65,0,53,6,21.6666666667,27.1354626519,0,0,0.0,0.0,474452.554744526,21897.8102189781,68.5,28.9913780286,89,48,137,68.5,28.9913780286,89,48,0,0.0,0.0,0,0,0,0,60,0,21897.8102189781,0.0,6,53,17.75,23.5,552.25,0,0,0,0,1,0,0,0,0,23.6666666667,21.6666666667,0.0,60,3,65,0,0,16154,-1,2,20,0.0,0.0,0,0,0.0,0.0,0,0,BENIGN
80,99099692,9,5,355,11595,355,0,39.44444444,118.3333333,7240,0,2319.0,3331.638186,120.5856422,0.141271882,7623053.231,27400000.0,98900000,1,98900000,12400000.0,35000000.0,98900000,1,171478,42869.5,77135.66074,158213,85,0,0,296,168,0.090817638,0.050454244,0,7240,796.6666667,2102.615978,4420993.952,0,0,0,0,1,0,0,0,0,853.5714286,39.44444444,2319.0,296,9,355,5,11595,251,235,1,32,1002.0,0.0,1002,1002,98900000.0,0.0,98900000,98900000,DoS Hulk
80,5457414,3,1,0,0,0,0,0.0,0.0,0,0,0.0,0.0,0.0,0.732947876,1819138.0,3150085.149,5456543,125,5457414,2728707.0,3857742.667,5456543,871,0,0.0,0.0,0,0,0,0,104,40,0.549710907,0.183236969,0,0,0.0,0.0,0.0,0,0,0,1,0,0,0,0,0,0.0,0.0,0.0,104,3,0,1,0,29200,28960,0,32,0.0,0.0,0,0,0.0,0.0,0,0,Web Attack � Brute Force
80,86012138,6,6,332,11595,332,0,55.33333333,135.5384324,5792,0,1932.5,2181.008184,138.6664752,0.139515193,7819285.273,25900000.0,85800000,45,85800000,17200000.0,38400000.0,85800000,172,202513,40502.6,81209.2998,185180,45,0,0,200,200,0.069757596,0.069757596,0,5792,917.4615385,1716.56103,2946581.769,0,0,0,0,1,0,0,0,1,993.9166667,55.33333333,1932.5,200,6,332,6,11595,251,235,1,32,992.0,0.0,992,992,85800000.0,0.0,85800000,85800000,DoS Hulk
443,470529,10,7,2922,983,1460,0,292.2,540.3549862,845,0,140.4285714,312.5213897,8299.169658,36.12954781,29408.0625,40325.29043,100632,2,470529,52281.0,52059.0916,130229,48,278291,46381.83333,77174.89974,187269,2,0,0,212,144,21.25267518,14.87687263,0,1460,216.9444444,444.4792687,197561.8203,0,0,0,1,0,0,0,0,0,229.7058824,292.2,140.4285714,212,10,2922,7,983,8192,65535,5,20,0.0,0.0,0,0,0.0,0.0,0,0,BENIGN
80,63131962,7,0,0,0,0,0,0.0,0.0,0,0,0.0,0.0,0.0,0.11087886,10500000.0,11900000.0,32100000,996603,63100000,10500000.0,11900000.0,32100000,996603,0,0.0,0.0,0,0,0,0,280,0,0.11087886,0.0,0,0,0.0,0.0,0.0,0,0,0,1,0,0,0,0,0,0.0,0.0,0.0,280,7,0,0,0,29200,-1,0,40,7004562.0,0.0,7004562,7004562,18700000.0,12200000.0,32100000,8015900,DoS Slowhttptest
53,190248,4,2,168,238,42,42,42.0,0.0,119,119,119.0,0.0,2134.0565998066,31.5377822632,38049.6,74590.1705206524,170612,3,19632,6544.0,11329.344332308,19626,3,4,4.0,0.0,4,4,0,0,128,40,21.0251881754,10.5125940877,42,119,64.0,37.5721528085,1411.6666666667,0,0,0,0,0,0,0,0,0,74.6666666667,42.0,119.0,128,4,168,2,238,-1,-1,3,32,0.0,0.0,0,0,0.0,0.0,0,0,BENIGN
137,195,2,2,100,386,50,50,50.0,0.0,193,193,193.0,0.0,2492307.692,20512.82051,65.0,74.64583043,147,1,1,1.0,0.0,1,1,47,47.0,0.0,47,47,0,0,80,80,10256.41026,10256.41026,50,193,107.2,78.32432572,6134.7,0,0,0,0,0,0,0,0,1,134.0,50.0,193.0,80,2,100,2,386,-1,-1,1,40,0.0,0.0,0,0,0.0,0.0,0,0,BENIGN
53,166,2,2,72,136,36,36,36.0,0.0,68,68,68.0,0.0,1253012.048,24096.38554,55.33333333,89.77935917,159,3,4,4.0,0.0,4,4,3,3.0,0.0,3,3,0,0,40,40,12048.19277,12048.19277,36,68,48.8,17.52712184,307.2,0,0,0,0,0,0,0,0,1,61.0,36.0,68.0,40,2,72,2,136,-1,-1,1,20,0.0,0.0,0,0,0.0,0.0,0,0,BENIGN
80,98281811,7,6,323,11595,317,0,46.14285714,119.4577032,8688,0,1932.5,3384.303045,121.2635367,0.132272695,8190150.917,28400000.0,98300000,1,98300000,16400000.0,40100000.0,98300000,1,26525,5305.0,7113.132503,13190,48,0,0,220,200,0.071223759,0.061048936,0,8688,851.2857143,2314.332847,5356136.527,0,0,0,0,1,0,0,0,0,916.7692308,46.14285714,1932.5,220,7,323,6,11595,274,235,2,20,5.0,0.0,5,5,98300000.0,0.0,98300000,98300000,DoS Hulk
443,3200601,6,6,859,3167,517,0,143.1666666667,228.5925778906,2571,0,527.8333333333,1008.8455613555,1257.8887527686,3.7492958354,290963.727272727,885011.1281966,2958433,1,242163,48432.6,31902.2270429511,95070,10998,3148828,629765.6,1324837.89172876,2998728,1,0,0,200,200,1.8746479177,1.8746479177,0,2571,309.6923076923,701.066257522,491493.897435897,0,0,0,1,0,0,0,0,1,335.5,143.1666666667,527.8333333333,200,6,859,6,3167,29200,17,2,32,0.0,0.0,0,0,0.0,0.0,0,0,BENIGN
53,47986,1,1,45,77,45,45,45.0,0.0,77,77,77.0,0.0,2542.408202,41.67882299,47986.0,0.0,47986,47986,0,0.0,0.0,0,0,0,0.0,0.0,0,0,0,0,20,20,20.8394115,20.8394115,45,77,55.66666667,18.47520861,341.3333333,0,0,0,0,0,0,0,0,1,83.5,45.0,77.0,20,1,45,1,77,-1,-1,0,20,0.0,0.0,0,0,0.0,0.0,0,0,BENIGN
53,48496,1,1,44,60,44,44,44.0,0.0,60,60,60.0,0.0,2144.506763,41.24051468,48496.0,0.0,48496,48496,0,0.0,0.0,0,0,0,0.0,0.0,0,0,0,0,32,32,20.62025734,20.62025734,44,60,49.33333333,9.237604307,85.33333333,0,0,0,0,0,0,0,0,1,74.0,44.0,60.0,32,1,44,1,60,-1,-1,0,32,0.0,0.0,0,0,0.0,0.0,0,0,BENIGN
53,171,2,2,66,98,33,33,33.0,0.0,49,49,49.0,0.0,959064.3275,23391.81287,57.0,58.41232747,119,3,3,3.0,0.0,3,3,49,49.0,0.0,49,49,0,0,40,40,11695.90643,11695.90643,33,49,39.4,8.76356092,76.8,0,0,0,0,0,0,0,0,1,49.25,33.0,49.0,40,2,66,2,98,-1,-1,1,20,0.0,0.0,0,0,0.0,0.0,0,0,BENIGN
5922,70,1,1,2,6,2,2,2.0,0.0,6,6,6.0,0.0,114285.7143,28571.42857,70.0,0.0,70,70,0,0.0,0.0,0,0,0,0.0,0.0,0,0,0,0,24,20,14285.71429,14285.71429,2,6,3.333333333,2.309401077,5.333333333,0,0,0,1,0,0,0,0,1,5.0,2.0,6.0,24,1,2,1,6,1024,0,0,24,0.0,0.0,0,0,0.0,0.0,0,0,PortScan
80,100508585,12,6,1627,11595,323,0,135.5833333,165.4533487,5792,0,1932.5,2181.008184,131.5509516,0.179089179,5912269.706,23900000.0,98700000,1,100000000,9125196.182,29700000.0,98700000,1,1803155,360631.0,735145.9649,1671780,46,0,0,368,200,0.119392786,0.059696393,0,5792,695.8947368,1443.605013,2083995.433,0,0,0,0,1,0,0,0,0,734.5555556,135.5833333,1932.5,368,12,1627,6,11595,251,235,7,20,965.0,0.0,965,965,98700000.0,0.0,98700000,98700000,DoS Hulk
80,83060295,9,5,350,11595,350,0,38.88888889,116.6666667,8688,0,2319.0,3633.79705,143.8111916,0.168552255,6389253.462,23000000.0,82900000,1,82900000,10400000.0,29300000.0,82900000,1,157652,39413.0,69635.33028,143404,52,0,0,296,168,0.108355021,0.060197234,0,8688,796.3333333,2241.125791,5022644.81,0,0,0,0,1,0,0,0,0,853.2142857,38.88888889,2319.0,296,9,350,5,11595,251,235,1,32,976.0,0.0,976,976,82900000.0,0.0,82900000,82900000,DoS Hulk
60726,17,1,1,0,0,0,0,0.0,0.0,0,0,0.0,0.0,0.0,117647.0588,17.0,0.0,17,17,0,0.0,0.0,0,0,0,0.0,0.0,0,0,0,0,20,20,58823.52941,58823.52941,0,0,0.0,0.0,0.0,0,0,0,0,1,1,0,0,1,0.0,0.0,0.0,20,1,0,1,0,127,32850,0,20,0.0,0.0,0,0,0.0,0.0,0,0,BENIGN
80,10741526,8,5,345,11632,345,0,43.125,121.9759198,5840,0,2326.4,3185.599598,1115.018481,1.210256345,895127.1667,2095875.873,5738927,44,5741586,820226.5714,2169257.866,5739641,203,10700000,2685370.5,3114903.306,5738927,66,0,0,264,168,0.744773136,0.46548321,0,5840,855.5,2103.578736,4425043.5,0,0,0,1,0,0,0,0,0,921.3076923,43.125,2326.4,264,8,345,5,11632,29200,235,1,32,789.0,0.0,789,789,5738927.0,0.0,5738927,5738927,DoS GoldenEye
88,572,7,4,470,370,226,0,67.14285714,108.5532566,185,0,92.5,106.8097998,1468531.469,19230.76923,57.2,99.64804731,328,1,572,95.33333333,160.6669433,413,1,449,149.6666667,254.0341184,443,3,0,0,164,104,12237.76224,6993.006993,0,226,70.0,100.8644455,10173.63636,0,0,0,1,0,0,0,0,0,76.36363636,67.14285714,92.5,164,7,470,4,370,8192,2053,5,20,0.0,0.0,0,0,0.0,0.0,0,0,BENIGN
212,39,1,1,2,6,2,2,2.0,0.0,6,6,6.0,0.0,205128.2051,51282.05128,39.0,0.0,39,39,0,0.0,0.0,0,0,0,0.0,0.0,0,0,0,0,24,20,25641.02564,25641.02564,2,6,3.333333333,2.309401077,5.333333333,0,0,0,1,0,0,0,0,1,5.0,2.0,6.0,24,1,2,1,6,1024,0,0,24,0.0,0.0,0,0,0.0,0.0,0,0,PortScan
80,99689813,8,8,385,13043,361,0,48.125,126.4554552,5792,0,1630.375,1964.798931,134.6978151,0.160497843,6645987.533,25400000.0,98300000,1,99500000,14200000.0,37100000.0,98300000,1,99700000,14200000.0,37500000.0,99300000,15,0,0,224,264,0.080248922,0.080248922,0,5792,790.2352941,1537.093545,2362656.566,1,0,0,0,0,0,0,0,1,839.625,48.125,1630.375,224,8,385,8,13043,0,235,4,20,210976.0,0.0,210976,210976,98300000.0,0.0,98300000,98300000,DoS Hulk
53,46689,1,1,41,133,41,41,41.0,0.0,133,133,133.0,0.0,3726.787894,42.83664246,46689.0,0.0,46689,46689,0,0.0,0.0,0,0,0,0.0,0.0,0,0,0,0,20,20,21.41832123,21.41832123,41,133,71.66666667,53.11622477,2821.333333,0,0,0,0,0,0,0,0,1,107.5,41.0,133.0,20,1,41,1,133,-1,-1,0,20,0.0,0.0,0,0,0.0,0.0,0,0,BENIGN
54179,57,1,1,6,6,6,6,6.0,0.0,6,6,6.0,0.0,210526.3158,35087.7193,57.0,0.0,57,57,0,0.0,0.0,0,0,0,0.0,0.0,0,0,0,0,20,20,17543.85965,17543.85965,6,6,6.0,0.0,0.0,0,0,0,0,1,1,0,0,1,9.0,6.0,6.0,20,1,6,1,6,115,256,0,20,0.0,0.0,0,0,0.0,0.0,0,0,BENIGN
80,117712016,5,1,18,0,6,0,3.6,3.286335345,0,0,0.0,0.0,0.15291557,0.050971857,23500000.0,44200000.0,102000000,40,118000000,29400000.0,48700000.0,102000000,1965,0,0.0,0.0,0,0,0,0,140,32,0.042476547,0.008495309,0,6,3.428571429,3.207134903,10.28571429,1,0,0,0,0,0,0,0,0,4.0,3.6,0.0,140,5,18,1,0,0,235,2,20,13955.0,0.0,13955,13955,58800000.0,60500000.0,102000000,16000000,DoS Hulk
80,71911131,9,4,62,11601,20,0,6.888888889,5.30199124,8760,0,2900.25,4128.319301,162.1862963,0.180778689,5992594.25,20300000.0,70400000,1,71600000,8952960.875,24800000.0,70400000,1,320779,106926.3333,156966.804,287157,190,0,0,192,92,0.125154477,0.055624212,0,8760,833.5,2402.71381,5773033.654,0,0,0,0,1,0,0,0,0,897.6153846,6.888888889,2900.25,192,9,62,4,11601,256,229,7,20,1239975.0,0.0,1239975,1239975,70400000.0,0.0,70400000,70400000,DDoS
80,5182616,3,1,0,0,0,0,0.0,0.0,0,0,0.0,0.0,0.0,0.771810993,1727538.667,2991389.746,5181698,163,5182616,2591308.0,3663364.67,5181698,918,0,0.0,0.0,0,0,0,0,104,40,0.578858245,0.192952748,0,0,0.0,0.0,0.0,0,0,0,1,0,0,0,0,0,0.0,0.0,0.0,104,3,0,1,0,29200,28960,0,32,0.0,0.0,0,0,0.0,0.0,0,0,Web Attack � XSS
80,100021237,8,5,56,11607,20,0,7.0,5.656854249,5840,0,2321.4,3173.373883,116.6052365,0.129972398,8335103.083,28100000.0,97400000,3,100000000,14300000.0,36700000.0,97400000,151,1139,284.75,386.2049326,842,3,0,0,172,112,0.079983014,0.049989384,0,5840,833.5,2103.115592,4423095.192,0,0,0,0,1,0,0,0,0,897.6153846,7.0,2321.4,172,8,56,5,11607,256,229,6,20,2576733.0,0.0,2576733,2576733,97400000.0,0.0,97400000,97400000,DDoS
53,185,2,2,168,392,84,84,84.0,0.0,196,196,196.0,0.0,3027027.02702703,21621.6216216216,61.6666666667,100.74886269,178,3,4,4.0,0.0,4,4,3,3.0,0.0,3,3,0,0,40,40,10810.8108108108,10810.8108108108,84,196,128.8,61.3449264406,3763.2,0,0,0,0,0,0,0,0,1,161.0,84.0,196.0,40,2,168,2,392,-1,-1,1,20,0.0,0.0,0,0,0.0,0.0,0,0,BENIGN
443,11755096,8,8,664,5365,322,0,83.0,120.3898429508,1834,0,670.625,774.471052212,512.8839441209,1.3611118106,783673.066666667,2554677.03507848,9931969,1,1823126,260446.571428571,497751.143652079,1375931,569,11708008,1672572.57142857,3718181.51093582,9997298,1,0,0,172,172,0.6805559053,0.6805559053,0,1834,354.6470588235,602.85476497,363433.867647059,0,0,0,1,0,0,0,0,1,376.8125,83.0,670.625,172,8,664,8,5365,8192,245,7,20,1823126.0,0.0,1823126,1823126,9931969.0,0.0,9931969,9931969,BENIGN
80,97624722,6,6,341,11595,341,0,56.83333333,139.212667,4344,0,1932.5,1754.831473,122.2641126,0.122919684,8874974.727,29400000.0,97500000,0,97500000,19500000.0,43600000.0,97500000,0,147398,29479.6,59817.37655,136150,15,0,0,200,200,0.061459842,0.061459842,0,4344,918.1538462,1498.935781,2246808.474,0,0,0,0,1,0,0,0,1,994.6666667,56.83333333,1932.5,200,6,341,6,11595,274,235,1,32,3.0,0.0,3,3,97500000.0,0.0,97500000,97500000,DoS Hulk
80,116404368,20,18,509,8180,254,0,25.45,76.4711676,4380,0,454.4444444,1098.729064,74.64496521,0.326448231,3146064.0,4596711.197,10100000,10,116000000,6125376.105,4821394.098,10100000,184,116000000,6845985.765,4581012.931,10100000,191,0,0,424,516,0.171814858,0.154633373,0,4380,222.7948718,768.2524318,590211.7989,0,0,0,1,0,0,0,0,0,228.6578947,25.45,454.4444444,424,20,509,18,8180,8192,123,13,20,568522.7273,1812286.133,6032771,21935,10000000.0,26250.5183,10100000,9999507,BENIGN
80,98416809,5,7,372,11595,360,0,74.4,159.6834368,7240,0,1656.428571,2566.885263,121.5950824,0.121930391,8946982.636,29600000.0,98300000,28,98300000,24600000.0,49100000.0,98300000,973,98400000,16400000.0,40100000.0,98300000,66,0,0,144,232,0.05080433,0.071126061,0,7240,921.0,1996.711129,3986855.333,1,0,0,0,0,0,0,0,1,997.75,74.4,1656.428571,144,5,372,7,11595,0,235,2,20,13973.0,0.0,13973,13973,98300000.0,0.0,98300000,98300000,DoS Hulk
53,259,2,2,68,234,34,34,34.0,0.0,117,117,117.0,0.0,1166023.16602317,15444.0154440154,86.3333333333,108.9097485689,209,1,1,1.0,0.0,1,1,49,49.0,0.0,49,49,0,0,64,64,7722.0077220077,7722.0077220077,34,117,67.2,45.4609722729,2066.7,0,0,0,0,0,0,0,0,1,84.0,34.0,117.0,64,2,68,2,234,-1,-1,1,32,0.0,0.0,0,0,0.0,0.0,0,0,BENIGN
80,80850791,8,5,56,11607,20,0,7.0,5.656854249,7215,0,2321.4,3327.769794,144.2533815,0.160790016,6737565.917,22500000.0,78100000,1,80600000,11500000.0,29400000.0,78100000,1,224017,56004.25,111224.7174,222840,4,0,0,172,112,0.098947702,0.061842314,0,7215,833.5,2175.302587,4731941.346,0,0,0,0,1,0,0,0,0,897.6153846,7.0,2321.4,172,8,56,5,11607,256,229,6,20,2542968.0,0.0,2542968,2542968,78100000.0,0.0,78100000,78100000,DDoS
80,10204257,4,0,24,0,6,6,6.0,0.0,0,0,0.0,0.0,2.351959579,0.391993263,3401419.0,5890990.585,10200000,253,10200000,3401419.0,5890990.585,10200000,253,0,0.0,0.0,0,0,0,0,80,0,0.391993263,0.0,6,6,6.0,0.0,0.0,0,0,0,0,1,0,0,0,0,7.5,6.0,0.0,80,4,24,0,0,256,-1,3,20,508.0,0.0,508,508,10200000.0,0.0,10200000,10200000,DDoS
443,128017,10,5,961,783,709,0,96.1,220.8264527,645,0,156.6,279.4866723,13623.19067,117.1719381,9144.071429,15345.99764,36601,28,128017,14224.11111,21235.71358,52110,61,90505,22626.25,17866.16376,37485,353,0,0,332,168,78.1146254,39.0573127,0,709,109.0,227.4795229,51746.93333,0,0,0,1,0,0,0,0,0,116.2666667,96.1,156.6,332,10,961,5,783,65535,351,5,32,0.0,0.0,0,0,0.0,0.0,0,0,BENIGN
53,30622,1,1,55,134,55,55,55.0,0.0,134,134,134.0,0.0,6172.033179,65.31252041,30622.0,0.0,30622,30622,0,0.0,0.0,0,0,0,0.0,0.0,0,0,0,0,20,20,32.65626021,32.65626021,55,134,81.33333333,45.61067127,2080.333333,0,0,0,0,0,0,0,0,1,122.0,55.0,134.0,20,1,55,1,134,-1,-1,0,20,0.0,0.0,0,0,0.0,0.0,0,0,BENIGN
59207,541,1,1,0,0,0,0,0.0,0.0,0,0,0.0,0.0,0.0,3696.857671,541.0,0.0,541,541,0,0.0,0.0,0,0,0,0.0,0.0,0,0,0,0,32,32,1848.428835,1848.428835,0,0,0.0,0.0,0.0,0,0,0,0,1,1,0,0,1,0.0,0.0,0.0,32,1,0,1,0,130,65535,0,32,0.0,0.0,0,0,0.0,0.0,0,0,BENIGN
80,75620,2,0,0,0,0,0,0.0,0.0,0,0,0.0,0.0,0.0,26.44802962,75620.0,0.0,75620,75620,75620,75620.0,0.0,75620,75620,0,0.0,0.0,0,0,0,0,40,0,26.44802962,0.0,0,0,0.0,0.0,0.0,0,0,0,0,1,0,0,0,0,0.0,0.0,0.0,40,2,0,0,0,255,-1,0,20,0.0,0.0,0,0,0.0,0.0,0,0,BENIGN
80,91965,3,5,26,11607,20,0,8.666666667,10.26320288,10135,0,2321.4,4413.201989,126493.7748,86.98961561,13137.85714,34170.27235,90627,4,1059,529.5,144.9568901,632,427,91956,22989.0,45094.68404,90627,4,0,0,72,112,32.62110586,54.36850976,0,10135,1292.555556,3350.634907,11200000.0,0,0,0,1,0,0,0,0,1,1454.125,8.666666667,2321.4,72,3,26,5,11607,8192,229,2,20,0.0,0.0,0,0,0.0,0.0,0,0,DDoS
27352,43,1,1,0,6,0,0,0.0,0.0,6,6,6.0,0.0,139534.8837,46511.62791,43.0,0.0,43,43,0,0.0,0.0,0,0,0,0.0,0.0,0,0,0,0,40,20,23255.81395,23255.81395,0,6,2.0,3.464101615,12.0,0,0,0,1,0,0,0,0,1,3.0,0.0,6.0,40,1,0,1,6,29200,0,0,40,0.0,0.0,0,0,0.0,0.0,0,0,PortScan
53,179,2,2,82,114,41,41,41.0,0.0,57,57,57.0,0.0,1094972.067,22346.36872,59.66666667,97.28480525,172,3,3,3.0,0.0,3,3,4,4.0,0.0,4,4,0,0,64,64,11173.18436,11173.18436,41,57,47.4,8.76356092,76.8,0,0,0,0,0,0,0,0,1,59.25,41.0,57.0,64,2,82,2,114,-1,-1,1,32,0.0,0.0,0,0,0.0,0.0,0,0,BENIGN
80,85418703,8,6,356,11595,350,0,44.5,123.458495,4344,0,1932.5,1754.831473,139.9108109,0.163898532,6570669.462,23600000.0,85300000,1,85300000,12200000.0,32200000.0,85300000,1,145080,29016.0,57210.92202,130786,15,0,0,252,200,0.093656304,0.070242228,0,4344,796.7333333,1424.411681,2028948.638,0,0,0,0,1,0,0,0,0,853.6428571,44.5,1932.5,252,8,356,6,11595,251,235,2,20,1990.0,0.0,1990,1990,85300000.0,0.0,85300000,85300000,DoS Hulk
443,725354,7,9,1050,1401,837,0,150.0,308.1206474,1226,0,155.6666667,403.9492542,3379.039752,22.05819503,48356.93333,98963.86056,241061,1,480641,80106.83333,123667.1174,242022,4,487965,60995.625,111322.844,241568,1,0,0,236,296,9.650460327,12.40773471,0,1226,144.1764706,344.3510627,118577.6544,0,0,0,1,0,0,0,0,1,153.1875,150.0,155.6666667,236,7,1050,9,1401,65535,5430,4,32,0.0,0.0,0,0,0.0,0.0,0,0,BENIGN
80,99780730,6,7,387,11595,369,0,64.5,149.202882,5792,0,1656.428571,2120.732252,120.0833067,0.130285677,8315060.833,28700000.0,99600000,1,99600000,19900000.0,44500000.0,99600000,1,99800000,16600000.0,40600000.0,99600000,46,0,0,164,232,0.060131851,0.070153826,0,5792,856.2857143,1665.543867,2774036.374,1,0,0,0,0,0,0,0,1,922.1538462,64.5,1656.428571,164,6,387,7,11595,0,235,3,20,8987.0,0.0,8987,8987,99600000.0,0.0,99600000,99600000,DoS Hulk
443,117907777,15,14,1510,5872,851,0,100.6666667,215.7878147,1430,0,419.4285714,540.8110312,62.60825357,0.245954938,4210992.036,15400000.0,58900000,1,118000000,8421984.071,21300000.0,58900000,89,118000000,9062654.923,22100000.0,59000000,1,0,0,312,292,0.127218071,0.118736867,0,1430,246.0666667,425.5837316,181121.5126,0,0,0,1,0,0,0,0,0,254.5517241,100.6666667,419.4285714,312,15,1510,14,5872,8192,373,14,20,137109.5,78205.30289,192409,81810,58800000.0,235895.0648,58900000,58600000,BENIGN
21,8863568,9,15,106,188,25,0,11.77777778,9.549578234,34,0,12.53333333,14.54975045,33.1694866,2.707713192,385372.5217,1008156.491,3351530,3,6393016,799127.0,1479526.191,3394699,3,8863450,633103.5714,1245447.986,3351530,3,0,0,296,488,1.015392447,1.692320745,0,34,11.76,12.65003294,160.0233333,0,0,0,1,0,0,0,0,1,12.25,11.77777778,12.53333333,296,9,106,15,188,29200,227,6,32,0.0,0.0,0,0,0.0,0.0,0,0,FTP-Patator
42700,15537,2,2,0,12,0,0,0.0,0.0,6,6,6.0,0.0,772.3498745,257.4499582,5179.0,8576.551113,15079,6,15537,15537.0,0.0,15537,15537,452,452.0,0.0,452,452,0,0,64,40,128.7249791,128.7249791,0,6,2.4,3.286335345,10.8,0,0,0,0,1,0,0,0,1,3.0,0.0,6.0,64,2,0,2,12,235,0,0,32,0.0,0.0,0,0,0.0,0.0,0,0,BENIGN
53,59806,2,2,78,134,39,39,39.0,0.0,67,67,67.0,0.0,3544.7948366385,66.882921446,19935.3333333333,34522.948024949,59799,3,3,3.0,0.0,3,3,4,4.0,0.0,4,4,0,0,40,40,33.441460723,33.441460723,39,67,50.2,15.3362316101,235.2,0,0,0,0,0,0,0,0,1,62.75,39.0,67.0,40,2,78,2,134,-1,-1,1,20,0.0,0.0,0,0,0.0,0.0,0,0,BENIGN
53346,4,1,1,0,0,0,0,0.0,0.0,0,0,0.0,0.0,0.0,500000.0,4.0,0.0,4,4,0,0.0,0.0,0,0,0,0.0,0.0,0,0,0,0,32,32,250000.0,250000.0,0,0,0.0,0.0,0.0,0,0,0,0,1,1,0,0,1,0.0,0.0,0.0,32,1,0,1,0,118,406,0,32,0.0,0.0,0,0,0.0,0.0,0,0,BENIGN
80,40797474,15,11,4599,2947,688,0,306.6,333.8112812,904,0,267.9090909,270.7679651,184.9624317,0.637294358,1631898.96,3633121.295,10000000,58,30800000,2202472.5,4091966.844,10000000,35908,40800000,4076162.4,4991043.069,10000000,98371,0,0,312,256,0.367669822,0.269624536,0,904,279.4814815,302.7938332,91684.10541,0,0,0,1,0,0,0,0,0,290.2307692,306.6,267.9090909,312,15,4599,11,2947,8192,76,14,20,542819.3333,516353.9679,1068030,35803,9735385.667,354698.8669,10000000,9332537,BENIGN
80,97704732,7,6,370,11595,364,0,52.85714286,137.2193239,4344,0,1932.5,1754.831473,122.4608036,0.133053945,8142061.0,28200000.0,97700000,1,97700000,16300000.0,39900000.0,97700000,1,24345,4869.0,6534.613072,12052,48,0,0,220,200,0.071644432,0.061409513,0,4344,854.6428571,1460.011465,2131633.478,0,0,0,0,1,0,0,0,0,920.3846154,52.85714286,1932.5,220,7,370,6,11595,251,235,2,20,1984.0,0.0,1984,1984,97700000.0,0.0,97700000,97700000,DoS Hulk
80,6003359,3,1,12,0,6,0,4.0,3.464101615,0,0,0.0,0.0,1.99888096,0.666293653,2001119.667,3384822.544,5909199,63,6003359,3001679.5,4111853.51,5909199,94160,0,0.0,0.0,0,0,0,0,80,28,0.49972024,0.166573413,0,6,2.4,3.286335345,10.8,0,0,0,1,0,0,0,0,0,3.0,4.0,0.0,80,3,12,1,0,29200,29200,2,20,0.0,0.0,0,0,0.0,0.0,0,0,BENIGN
80,961441,3,4,26,11607,20,0,8.666666667,10.26320288,11595,0,2901.75,5795.50069,12099.54641,7.280737976,160240.1667,392156.4199,960726,5,619,309.5,366.9884194,569,50,961416,320472.0,554476.3331,960726,5,0,0,72,92,3.120316275,4.1604217,0,11595,1454.125,4097.537534,16800000.0,0,0,0,1,0,0,0,0,1,1661.857143,8.666666667,2901.75,72,3,26,4,11607,8192,229,2,20,0.0,0.0,0,0,0.0,0.0,0,0,DDoS
443,96098306,67,103,3513,136304,1368,0,52.43283582,205.1201587,2836,0,1323.339806,385.9508135,1454.937197,1.769021818,568629.0296,7292994.691,94800000,1,96100000,1456034.939,11700000.0,94800000,1,1246478,12220.37255,62708.1056,466133,2,0,0,2156,3304,0.697202717,1.071819102,0,2836,817.6432749,703.8168931,495358.2191,0,0,0,1,0,0,0,0,1,822.4529412,52.43283582,1323.339806,2156,67,3513,103,136304,65535,413,9,32,1283545.0,0.0,1283545,1283545,94800000.0,0.0,94800000,94800000,BENIGN
53,91678,1,1,51,184,51,51,51.0,0.0,184,184,184.0,0.0,2563.319444,21.81548463,91678.0,0.0,91678,91678,0,0.0,0.0,0,0,0,0.0,0.0,0,0,0,0,32,32,10.90774232,10.90774232,51,184,95.33333333,76.7875858,5896.333333,0,0,0,0,0,0,0,0,1,143.0,51.0,184.0,32,1,51,1,184,-1,-1,0,32,0.0,0.0,0,0,0.0,0.0,0,0,BENIGN
80,72400,3,4,484,423,478,0,161.3333333,274.2577863,411,0,105.75,203.5196551,12527.62431,96.68508287,12066.66667,17850.13186,35265,4,36916,18458.0,23768.68734,35265,1651,37073,12357.66667,20928.68764,36522,4,0,0,72,92,41.43646409,55.24861878,0,478,113.375,205.1765355,42097.41071,0,0,0,1,0,0,0,0,1,129.5714286,161.3333333,105.75,72,3,484,4,423,8192,54,2,20,0.0,0.0,0,0,0.0,0.0,0,0,BENIGN
53,47710,2,2,70,102,35,35,35.0,0.0,51,51,51.0,0.0,3605.114232,83.83986586,15903.33333,27538.45314,47702,4,4,4.0,0.0,4,4,4,4.0,0.0,4,4,0,0,64,64,41.91993293,41.91993293,35,51,41.4,8.76356092,76.8,0,0,0,0,0,0,0,0,1,51.75,35.0,51.0,64,2,70,2,102,-1,-1,1,32,0.0,0.0,0,0,0.0,0.0,0,0,BENIGN
53,91744744,2,2,93,141,50,43,46.5,4.949747468,75,66,70.5,6.363961031,2.550554831,0.043599228,30600000.0,52900000.0,91700000,23630,91700000,91700000.0,0.0,91700000,91700000,91700000,91700000.0,0.0,91700000,91700000,0,0,52,64,0.021799614,0.021799614,43,75,55.4,14.43260198,208.3,0,0,0,0,0,0,0,0,1,69.25,46.5,70.5,52,2,93,2,141,-1,-1,1,20,60661.0,0.0,60661,60661,91700000.0,0.0,91700000,91700000,BENIGN
52660,63,1,1,0,0,0,0,0.0,0.0,0,0,0.0,0.0,0.0,31746.03175,63.0,0.0,63,63,0,0.0,0.0,0,0,0,0.0,0.0,0,0,0,0,32,32,15873.01587,15873.01587,0,0,0.0,0.0,0.0,0,0,0,0,1,1,0,0,1,0.0,0.0,0.0,32,1,0,1,0,126,33304,0,32,0.0,0.0,0,0,0.0,0.0,0,0,BENIGN
80,8739978,5,0,30,0,6,6,6.0,0.0,0,0,0.0,0.0,3.432502919,0.57208382,2184994.5,4369321.692,8738977,1,8739978,2184994.5,4369321.692,8738977,1,0,0.0,0.0,0,0,0,0,100,0,0.57208382,0.0,6,6,6.0,0.0,0.0,0,0,0,0,1,0,0,0,0,7.2,6.0,0.0,100,5,30,0,0,256,-1,4,20,1001.0,0.0,1001,1001,8738977.0,0.0,8738977,8738977,DDoS
43254,46,1,1,0,0,0,0,0.0,0.0,0,0,0.0,0.0,0.0,43478.2608695652,46.0,0.0,46,46,0,0.0,0.0,0,0,0,0.0,0.0,0,0,0,0,32,32,21739.1304347826,21739.1304347826,0,0,0.0,0.0,0.0,0,0,0,0,1,1,0,0,1,0.0,0.0,0.0,32,1,0,1,0,384,400,0,32,0.0,0.0,0,0,0.0,0.0,0,0,BENIGN
80,99105868,6,8,390,11595,372,0,65.0,150.4273911,4344,0,1449.375,1547.981999,120.9312853,0.141263078,7623528.308,27400000.0,98900000,4,99000000,19800000.0,44200000.0,98900000,4,99100000,14200000.0,37400000.0,99000000,36,0,0,164,264,0.060541319,0.080721759,0,4344,799.4,1312.90745,1723725.971,1,0,0,0,0,0,0,0,1,856.5,65.0,1449.375,164,6,390,8,11595,0,235,3,20,13019.0,0.0,13019,13019,98900000.0,0.0,98900000,98900000,DoS Hulk
36375,12178151,1,5,6,30,6,6,6.0,0.0,6,6,6.0,0.0,2.956113781,0.49268563,2435630.2,5425709.299,12100000,3,0,0.0,0.0,0,0,12200000,3041482.5,6066634.031,12100000,3,0,0,20,100,0.082114272,0.410571358,6,6,6.0,0.0,0.0,0,0,0,0,1,1,0,0,5,7.0,6.0,6.0,20,1,6,5,30,229,0,0,20,36732.0,0.0,36732,36732,12100000.0,0.0,12100000,12100000,BENIGN
443,586633,7,7,376,3788,201,0,53.71428571,78.68653906,1460,0,541.1428571,661.7178222,7098.134609,23.86500589,45125.61538,47912.34214,127557,3,548873,91478.83333,27320.1908,127557,46899,501824,83637.33333,99774.39866,212489,50,0,0,152,152,11.93250294,11.93250294,0,1460,277.6,505.5754571,255606.5429,0,0,0,1,0,0,0,0,1,297.4285714,53.71428571,541.1428571,152,7,376,7,3788,8192,60,6,20,0.0,0.0,0,0,0.0,0.0,0,0,BENIGN
80,117824172,5,1,18,0,6,0,3.6,3.286335345,0,0,0.0,0.0,0.152770011,0.050923337,23600000.0,44300000.0,102000000,0,118000000,29500000.0,48800000.0,102000000,0,0,0.0,0.0,0,0,0,0,140,32,0.042436114,0.008487223,0,6,3.428571429,3.207134903,10.28571429,1,0,0,0,0,0,0,0,0,4.0,3.6,0.0,140,5,18,1,0,0,235,2,20,11001.0,0.0,11001,11001,58900000.0,60600000.0,102000000,16000000,DoS Hulk
1067,47,1,1,2,6,2,2,2.0,0.0,6,6,6.0,0.0,170212.766,42553.19149,47.0,0.0,47,47,0,0.0,0.0,0,0,0,0.0,0.0,0,0,0,0,24,20,21276.59574,21276.59574,2,6,3.333333333,2.309401077,5.333333333,0,0,0,1,0,0,0,0,1,5.0,2.0,6.0,24,1,2,1,6,1024,0,0,24,0.0,0.0,0,0,0.0,0.0,0,0,PortScan
3647,28,1,1,6,6,6,6,6.0,0.0,6,6,6.0,0.0,428571.4286,71428.57143,28.0,0.0,28,28,0,0.0,0.0,0,0,0,0.0,0.0,0,0,0,0,20,20,35714.28571,35714.28571,6,6,6.0,0.0,0.0,0,0,0,0,1,1,0,0,1,9.0,6.0,6.0,20,1,6,1,6,237,256,0,20,0.0,0.0,0,0,0.0,0.0,0,0,Bot
53,48783,2,2,88,198,44,44,44.0,0.0,99,99,99.0,0.0,5862.698071,81.99577722,16261.0,28122.45276,48734,1,1,1.0,0.0,1,1,48,48.0,0.0,48,48,0,0,40,40,40.99788861,40.99788861,44,99,66.0,30.12474066,907.5,0,0,0,0,0,0,0,0,1,82.5,44.0,99.0,40,2,88,2,198,-1,-1,1,20,0.0,0.0,0,0,0.0,0.0,0,0,BENIGN
53,264,2,2,64,204,32,32,32.0,0.0,102,102,102.0,0.0,1015151.515,15151.51515,88.0,110.5667219,213,3,48,48.0,0.0,48,48,3,3.0,0.0,3,3,0,0,64,64,7575.757576,7575.757576,32,102,60.0,38.34057903,1470.0,0,0,0,0,0,0,0,0,1,75.0,32.0,102.0,64,2,64,2,204,-1,-1,1,32,0.0,0.0,0,0,0.0,0.0,0,0,BENIGN
5825,68,2,2,4,12,2,2,2.0,0.0,6,6,6.0,0.0,235294.1176,58823.52941,22.66666667,23.35237318,48,2,2,2.0,0.0,2,2,48,48.0,0.0,48,48,0,0,48,40,29411.76471,29411.76471,2,6,3.6,2.19089023,4.8,0,0,0,1,0,0,0,0,1,4.5,2.0,6.0,48,2,4,2,12,1024,0,1,24,0.0,0.0,0,0,0.0,0.0,0,0,BENIGN
5801,106,1,1,0,6,0,0,0.0,0.0,6,6,6.0,0.0,56603.77358,18867.92453,106.0,0.0,106,106,0,0.0,0.0,0,0,0,0.0,0.0,0,0,0,0,40,20,9433.962264,9433.962264,0,6,2.0,3.464101615,12.0,0,0,0,1,0,0,0,0,1,3.0,0.0,6.0,40,1,0,1,6,29200,0,0,40,0.0,0.0,0,0,0.0,0.0,0,0,PortScan
443,172377,19,28,871,39643,389,0,45.84210526,105.6873077,2896,0,1415.821429,809.699032,235031.3557,272.6581853,3747.326087,9045.172972,43879,1,172377,9576.5,12950.3049,43879,1,125767,4658.037037,13822.32451,66091,47,0,0,620,904,110.2235217,162.4346636,0,2896,844.0416667,921.0820177,848392.0833,0,0,0,1,0,0,0,0,1,862.0,45.84210526,1415.821429,620,19,871,28,39643,65535,122,6,32,0.0,0.0,0,0,0.0,0.0,0,0,BENIGN
88,26,1,4,6,24,6,6,6.0,0.0,6,6,6.0,0.0,1153846.154,192307.6923,6.5,11.0,23,1,0,0.0,0.0,0,0,3,1.0,0.0,1,1,0,0,20,80,38461.53846,153846.1538,6,6,6.0,0.0,0.0,0,0,0,0,1,1,0,0,4,7.2,6.0,6.0,20,1,6,4,24,250,0,0,20,0.0,0.0,0,0,0.0,0.0,0,0,BENIGN
80,36788,1,1,0,0,0,0,0.0,0.0,0,0,0.0,0.0,0.0,54.36555398,36788.0,0.0,36788,36788,0,0.0,0.0,0,0,0,0.0,0.0,0,0,0,0,20,20,27.18277699,27.18277699,0,0,0.0,0.0,0.0,0,0,0,0,1,1,0,0,1,0.0,0.0,0.0,20,1,0,1,0,256,1013,0,20,0.0,0.0,0,0,0.0,0.0,0,0,BENIGN
53,93772,1,1,43,164,43,43,43.0,0.0,164,164,164.0,0.0,2207.4819775626,21.3283282856,93772.0,0.0,93772,93772,0,0.0,0.0,0,0,0,0.0,0.0,0,0,0,0,32,32,10.6641641428,10.6641641428,43,164,83.3333333333,69.8593825719,4880.3333333333,0,0,0,0,0,0,0,0,1,125.0,43.0,164.0,32,1,43,1,164,-1,-1,0,32,0.0,0.0,0,0,0.0,0.0,0,0,BENIGN
2021,53,1,1,0,6,0,0,0.0,0.0,6,6,6.0,0.0,113207.5472,37735.84906,53.0,0.0,53,53,0,0.0,0.0,0,0,0,0.0,0.0,0,0,0,0,40,20,18867.92453,18867.92453,0,6,2.0,3.464101615,12.0,0,0,0,1,0,0,0,0,1,3.0,0.0,6.0,40,1,0,1,6,29200,0,0,40,0.0,0.0,0,0,0.0,0.0,0,0,PortScan
53,197,2,2,72,192,36,36,36.0,0.0,96,96,96.0,0.0,1340101.523,20304.56853,65.66666667,108.5418506,191,3,3,3.0,0.0,3,3,3,3.0,0.0,3,3,0,0,64,64,10152.28426,10152.28426,36,96,60.0,32.86335345,1080.0,0,0,0,0,0,0,0,0,1,75.0,36.0,96.0,64,2,72,2,192,-1,-1,1,32,0.0,0.0,0,0,0.0,0.0,0,0,BENIGN
29004,8249243,1,5,6,30,6,6,6.0,0.0,6,6,6.0,0.0,4.364036797,0.727339466,1649848.6,3680947.305,8234521,1,0,0.0,0.0,0,0,8246876,2061719.0,4115205.451,8234521,1,0,0,20,100,0.121223244,0.606116222,6,6,6.0,0.0,0.0,0,0,0,0,1,1,0,0,5,7.0,6.0,6.0,20,1,6,5,30,229,0,0,20,14722.0,0.0,14722,14722,8234521.0,0.0,8234521,8234521,BENIGN
6547,60,1,1,2,6,2,2,2.0,0.0,6,6,6.0,0.0,133333.3333,33333.33333,60.0,0.0,60,60,0,0.0,0.0,0,0,0,0.0,0.0,0,0,0,0,24,20,16666.66667,16666.66667,2,6,3.333333333,2.309401077,5.333333333,0,0,0,1,0,0,0,0,1,5.0,2.0,6.0,24,1,2,1,6,1024,0,0,24,0.0,0.0,0,0,0.0,0.0,0,0,PortScan
443,10653450,10,11,1124,7224,469,0,112.4,163.568674,2840,0,656.7272727,899.6501643,783.5959243,1.971192431,532672.5,2182808.343,9798485,3,10700000,1183394.667,3233099.462,9798485,5416,10600000,1059694.2,3143966.132,9999751,3,0,0,212,232,0.938663062,1.032529368,0,2840,379.4545455,691.3528992,477968.8312,0,0,0,1,0,0,0,0,1,397.5238095,112.4,656.7272727,212,10,1124,11,7224,8192,247,9,20,852067.0,0.0,852067,852067,9798485.0,0.0,9798485,9798485,BENIGN
8396,1,2,0,605,0,605,0,302.5,427.7996026,0,0,0.0,0.0,605000000.0,2000000.0,1.0,0.0,1,1,1,1.0,0.0,1,1,0,0.0,0.0,0,0,1,0,40,0,2000000.0,0.0,0,605,403.3333333,349.2969129,122008.3333,0,1,0,0,1,0,0,0,0,605.0,302.5,0.0,40,2,605,0,0,256,-1,0,20,0.0,0.0,0,0,0.0,0.0,0,0,BENIGN
56731,36,1,1,6,6,6,6,6.0,0.0,6,6,6.0,0.0,333333.3333,55555.55556,36.0,0.0,36,36,0,0.0,0.0,0,0,0,0.0,0.0,0,0,0,0,20,20,27777.77778,27777.77778,6,6,6.0,0.0,0.0,0,0,0,0,1,1,0,0,1,9.0,6.0,6.0,20,1,6,1,6,335,258,0,20,0.0,0.0,0,0,0.0,0.0,0,0,BENIGN
80,5093597,3,1,12,0,6,0,4.0,3.464101615,0,0,0.0,0.0,2.355898985,0.785299662,1697865.667,2919923.026,5069474,86,5093597,2546798.5,3567601.906,5069474,24123,0,0.0,0.0,0,0,0,0,72,32,0.588974746,0.196324915,0,6,2.4,3.286335345,10.8,0,0,0,1,0,0,0,0,0,3.0,4.0,0.0,72,3,12,1,0,8192,29200,2,20,0.0,0.0,0,0,0.0,0.0,0,0,BENIGN
53563,3203,3,1,43,6,31,6,14.3333333333,14.4337567297,6,6,6.0,0.0,15298.1579768967,1248.8292226038,1067.6666666667,1824.1744251396,3174,3,3177,1588.5,2242.2356031426,3174,3,0,0.0,0.0,0,0,0,0,60,20,936.6219169529,312.207305651,6,31,11.0,11.1803398875,125.0,0,0,0,0,1,0,0,0,0,13.75,14.3333333333,6.0,60,3,43,1,6,1038,0,2,20,0.0,0.0,0,0,0.0,0.0,0,0,BENIGN
443,5206377,7,5,325,138,229,0,46.42857143,83.86667424,85,0,27.6,39.44996831,88.92940331,2.304865744,473307.0,1450502.187,4844704,1,5206377,867729.5,1991304.916,4931431,45,274937,68734.25,88989.19247,187123,1,0,0,152,104,1.344505018,0.960360727,0,229,35.61538462,65.08653018,4236.25641,0,0,0,1,0,0,0,0,0,38.58333333,46.42857143,27.6,152,7,325,5,138,8192,35171,3,20,0.0,0.0,0,0,0.0,0.0,0,0,BENIGN
443,1202742,8,10,1647,6290,980,0,205.875,359.4902889608,1460,0,629.0,649.8232238249,6599.0877511553,14.9658031398,70749.5294117647,217959.500892975,911189,49,291334,41619.1428571429,41698.374450445,112845,192,1178939,130993.222222222,326985.361431432,999037,49,0,0,172,212,6.6514680621,8.3143350777,0,1460,417.7368421053,561.9892092781,315831.871345029,0,0,0,1,0,0,0,0,1,440.9444444444,205.875,629.0,172,8,1647,10,6290,8192,35,7,20,0.0,0.0,0,0,0.0,0.0,0,0,BENIGN
80,99278685,9,6,350,11595,350,0,38.88888889,116.6666667,5792,0,1932.5,2181.008184,120.3178709,0.151089834,7091334.643,26500000.0,99200000,0,99300000,12400000.0,35100000.0,99200000,0,36377,7275.4,10702.48662,24030,46,0,0,296,200,0.0906539,0.060435933,0,5792,746.5625,1578.947581,2493075.463,0,0,0,0,1,0,0,0,0,796.3333333,38.88888889,1932.5,296,9,350,6,11595,274,235,1,32,1010.0,0.0,1010,1010,99200000.0,0.0,99200000,99200000,DoS Hulk
53,207,2,2,60,414,30,30,30.0,0.0,207,207,207.0,0.0,2289855.072,19323.6715,69.0,105.8867319,191,1,15,15.0,0.0,15,15,1,1.0,0.0,1,1,0,0,64,64,9661.835749,9661.835749,30,207,100.8,96.94689268,9398.7,0,0,0,0,0,0,0,0,1,126.0,30.0,207.0,64,2,60,2,414,-1,-1,1,32,0.0,0.0,0,0,0.0,0.0,0,0,BENIGN
3011,43,1,1,0,6,0,0,0.0,0.0,6,6,6.0,0.0,139534.8837,46511.62791,43.0,0.0,43,43,0,0.0,0.0,0,0,0,0.0,0.0,0,0,0,0,40,20,23255.81395,23255.81395,0,6,2.0,3.464101615,12.0,0,0,0,1,0,0,0,0,1,3.0,0.0,6.0,40,1,0,1,6,29200,0,0,40,0.0,0.0,0,0,0.0,0.0,0,0,PortScan
22,11696585,21,33,2008,2745,640,0,95.61904762,140.0451628,976,0,83.18181818,217.2857356,406.3579241,4.616732149,220690.283,602397.9267,2255643,3,10300000,516099.05,903221.7999,2319507,4,11700000,365514.2188,744441.0354,2255643,3,0,0,680,1064,1.795395836,2.821336313,0,976,86.41818182,188.2012015,35419.69226,0,0,0,1,0,0,0,0,1,88.01851852,95.61904762,83.18181818,680,21,2008,33,2745,29200,247,16,32,0.0,0.0,0,0,0.0,0.0,0,0,SSH-Patator
53,187,2,2,90,218,45,45,45.0,0.0,109,109,109.0,0.0,1647058.824,21390.37433,62.33333333,67.00248752,135,3,3,3.0,0.0,3,3,49,49.0,0.0,49,49,0,0,40,40,10695.18717,10695.18717,45,109,70.6,35.05424368,1228.8,0,0,0,0,0,0,0,0,1,88.25,45.0,109.0,40,2,90,2,218,-1,-1,1,20,0.0,0.0,0,0,0.0,0.0,0,0,BENIGN
5900,60,1,1,0,6,0,0,0.0,0.0,6,6,6.0,0.0,100000.0,33333.33333,60.0,0.0,60,60,0,0.0,0.0,0,0,0,0.0,0.0,0,0,0,0,40,20,16666.66667,16666.66667,0,6,2.0,3.464101615,12.0,0,0,0,1,0,0,0,0,1,3.0,0.0,6.0,40,1,0,1,6,29200,0,0,40,0.0,0.0,0,0,0.0,0.0,0,0,PortScan
53,30859,1,1,42,132,42,42,42.0,0.0,132,132,132.0,0.0,5638.5495317412,64.8109141579,30859.0,0.0,30859,30859,0,0.0,0.0,0,0,0,0.0,0.0,0,0,0,0,32,32,32.405457079,32.405457079,42,132,72.0,51.9615242271,2700.0,0,0,0,0,0,0,0,0,1,108.0,42.0,132.0,32,1,42,1,132,-1,-1,0,32,0.0,0.0,0,0,0.0,0.0,0,0,BENIGN
53,158,2,2,88,120,44,44,44.0,0.0,60,60,60.0,0.0,1316455.696,25316.4557,52.66666667,51.15988011,106,4,4,4.0,0.0,4,4,48,48.0,0.0,48,48,0,0,40,40,12658.22785,12658.22785,44,60,50.4,8.76356092,76.8,0,0,0,0,0,0,0,0,1,63.0,44.0,60.0,40,2,88,2,120,-1,-1,1,20,0.0,0.0,0,0,0.0,0.0,0,0,BENIGN
80,9650935,84,115,7169,120495,350,0,85.3452381,138.8360821,3305,0,1047.782609,909.1062585,13228.14836,20.61976378,48742.09596,596153.572,8389678,1,1261257,15195.86747,31149.08406,257911,3,9621411,84398.34211,790293.4585,8442114,1,0,0,1692,2312,8.703819889,11.9159439,0,3305,638.32,842.3222313,709506.7413,0,0,0,1,0,0,0,0,1,641.5276382,85.3452381,1047.782609,1692,84,7169,115,120495,8192,285,83,20,0.0,0.0,0,0,0.0,0.0,0,0,BENIGN
1093,42,1,1,2,6,2,2,2.0,0.0,6,6,6.0,0.0,190476.1905,47619.04762,42.0,0.0,42,42,0,0.0,0.0,0,0,0,0.0,0.0,0,0,0,0,24,20,23809.52381,23809.52381,2,6,3.333333333,2.309401077,5.333333333,0,0,0,1,0,0,0,0,1,5.0,2.0,6.0,24,1,2,1,6,1024,0,0,24,0.0,0.0,0,0,0.0,0.0,0,0,PortScan
443,1301,2,0,12,0,6,6,6.0,0.0,0,0,0.0,0.0,9223.674097,1537.279016,1301.0,0.0,1301,1301,1301,1301.0,0.0,1301,1301,0,0.0,0.0,0,0,0,0,40,0,1537.279016,0.0,6,6,6.0,0.0,0.0,0,0,0,0,1,0,0,0,0,9.0,6.0,0.0,40,2,12,0,0,556,-1,1,20,0.0,0.0,0,0,0.0,0.0,0,0,BENIGN
53,31028,2,2,68,180,34,34,34.0,0.0,90,90,90.0,0.0,7992.780714,128.915818,10342.66667,17907.96198,31021,3,3,3.0,0.0,3,3,4,4.0,0.0,4,4,0,0,64,40,64.45790899,64.45790899,34,90,56.4,30.67246322,940.8,0,0,0,0,0,0,0,0,1,70.5,34.0,90.0,64,2,68,2,180,-1,-1,1,32,0.0,0.0,0,0,0.0,0.0,0,0,BENIGN
50693,87791,2,3,0,18,0,0,0.0,0.0,6,6,6.0,0.0,205.0324065109,56.953446253,21947.75,43852.8414235231,87727,2,87732,87732.0,0.0,87732,87732,87788,43894.0,62072.6616796799,87786,2,0,0,76,60,22.7813785012,34.1720677518,0,6,3.0,3.286335345,10.8,0,0,0,0,1,0,0,0,1,3.6,0.0,6.0,76,2,0,3,18,117,0,0,32,0.0,0.0,0,0,0.0,0.0,0,0,BENIGN
53,31307,2,2,60,344,30,30,30.0,0.0,172,172,172.0,0.0,12904.46226,127.7669531,10435.66667,18071.6408,31303,1,1,1.0,0.0,1,1,3,3.0,0.0,3,3,0,0,64,64,63.88347654,63.88347654,30,172,86.8,77.77660317,6049.2,0,0,0,0,0,0,0,0,1,108.5,30.0,172.0,64,2,60,2,344,-1,-1,1,32,0.0,0.0,0,0,0.0,0.0,0,0,BENIGN
53,93107,4,2,152,438,38,38,38.0,0.0,219,219,219.0,0.0,6336.7953000312,64.441986102,18621.4,27545.2406923592,61299,3,61305,20435.0,35389.2621002473,61299,3,3,3.0,0.0,3,3,0,0,128,40,42.961324068,21.480662034,38,219,89.7142857143,88.3189566018,7800.2380952381,0,0,0,0,0,0,0,0,0,104.6666666667,38.0,219.0,128,4,152,2,438,-1,-1,3,20,0.0,0.0,0,0,0.0,0.0,0,0,BENIGN
53,223,2,2,104,220,52,52,52.0,0.0,110,110,110.0,0.0,1452914.798,17937.21973,74.33333333,45.61067127,127,48,48,48.0,0.0,48,48,48,48.0,0.0,48,48,0,0,80,80,8968.609865,8968.609865,52,110,75.2,31.76790834,1009.2,0,0,0,0,0,0,0,0,1,94.0,52.0,110.0,80,2,104,2,220,-1,-1,1,40,0.0,0.0,0,0,0.0,0.0,0,0,BENIGN
80,116135,3,4,26,11607,20,0,8.666666667,10.26320288,11595,0,2901.75,5795.50069,100167.908,60.27468033,19355.83333,47008.95771,115312,6,692,346.0,199.4041123,487,205,116074,38691.33333,66356.50341,115312,6,0,0,72,92,25.83200586,34.44267447,0,11595,1454.125,4097.537534,16800000.0,0,0,0,1,0,0,0,0,1,1661.857143,8.666666667,2901.75,72,3,26,4,11607,8192,229,2,20,0.0,0.0,0,0,0.0,0.0,0,0,DDoS
80,99938833,8,5,642,11595,321,0,80.25,148.594126,5792,0,2319.0,2423.629716,122.4448959,0.130079566,8328236.083,28700000.0,99500000,1,99800000,14300000.0,37600000.0,99500000,1,409616,102404.0,122419.4449,244158,14,0,0,264,168,0.080048964,0.050030602,0,5792,874.0714286,1751.807834,3068830.687,0,0,0,0,1,0,0,0,0,941.3076923,80.25,2319.0,264,8,642,5,11595,274,235,2,32,995.0,0.0,995,995,99500000.0,0.0,99500000,99500000,DoS Hulk
80,97903969,8,5,56,11601,20,0,7.0,5.656854249,8760,0,2320.2,3668.897,119.065653,0.132783177,8158664.083,27300000.0,94700000,1,96800000,13800000.0,35700000.0,94700000,1,1153656,288414.0,569019.7365,1141907,186,0,0,172,112,0.081712724,0.051070453,0,8760,833.0714286,2337.724089,5464953.918,0,0,0,0,1,0,0,0,0,897.1538462,7.0,2320.2,172,8,56,5,11601,256,229,6,20,2074944.0,0.0,2074944,2074944,94700000.0,0.0,94700000,94700000,DDoS
21,9891435,9,15,105,188,22,0,11.66666667,9.273618495,34,0,12.53333333,14.54975045,29.62158676,2.426341577,430062.3913,1119812.33,3524721,3,6694649,836831.125,1552444.582,3570162,243,9891340,706524.2857,1382672.102,3524721,3,0,0,296,488,0.909878092,1.516463486,0,34,11.72,12.58146785,158.2933333,0,0,0,1,0,0,0,0,1,12.20833333,11.66666667,12.53333333,296,9,105,15,188,29200,227,6,32,0.0,0.0,0,0,0.0,0.0,0,0,FTP-Patator
59964,999,1,1,0,0,0,0,0.0,0.0,0,0,0.0,0.0,0.0,2002.002002,999.0,0.0,999,999,0,0.0,0.0,0,0,0,0.0,0.0,0,0,0,0,20,20,1001.001001,1001.001001,0,0,0.0,0.0,0.0,0,0,0,0,1,1,0,0,1,0.0,0.0,0.0,20,1,0,1,0,60,32850,0,20,0.0,0.0,0,0,0.0,0.0,0,0,BENIGN
1214,3,2,0,12,0,6,6,6.0,0.0,0,0,0.0,0.0,4000000.0,666666.666666667,3.0,0.0,3,3,3,3.0,0.0,3,3,0,0.0,0.0,0,0,0,0,40,0,666666.666666667,0.0,6,6,6.0,0.0,0.0,0,0,0,0,1,0,0,0,0,9.0,6.0,0.0,40,2,12,0,0,368,-1,1,20,0.0,0.0,0,0,0.0,0.0,0,0,BENIGN
60092,78707226,6,10,11613,68,7215,0,1935.5,3122.940009,20,0,6.8,5.006662228,148.4107698,0.20328502,5247148.4,19900000.0,77100000,1,78700000,15700000.0,35000000.0,78400000,5,78400000,8705697.778,25700000.0,77100000,1,0,0,132,212,0.076231882,0.127053137,0,7215,687.4705882,1987.570568,3950436.765,0,0,0,0,1,1,0,0,1,730.4375,1935.5,6.8,132,6,11613,10,68,229,256,4,20,1244681.0,0.0,1244681,1244681,77100000.0,0.0,77100000,77100000,BENIGN
53,443,1,1,51,108,51,51,51.0,0.0,108,108,108.0,0.0,358916.4786,4514.672686,443.0,0.0,443,443,0,0.0,0.0,0,0,0,0.0,0.0,0,0,0,0,44,44,2257.336343,2257.336343,51,108,70.0,32.90896534,1083.0,0,0,0,0,0,0,0,0,1,105.0,51.0,108.0,44,1,51,1,108,-1,-1,0,44,0.0,0.0,0,0,0.0,0.0,0,0,BENIGN
443,543989,10,8,558,4144,201,0,55.8,72.8038460523,1430,0,518.0,632.2072445014,8643.5571307508,33.0889043712,31999.3529411765,98448.0283188427,409751,1,543989,60443.2222222222,132169.508453896,409751,3,97155,13879.2857142857,23683.5743059354,56885,1,0,0,212,172,18.3827246507,14.7061797205,0,1430,247.4736842105,463.0582358889,214422.929824561,0,0,0,1,0,0,0,0,0,261.2222222222,55.8,518.0,212,10,558,8,4144,8192,343,9,20,0.0,0.0,0,0,0.0,0.0,0,0,BENIGN
80,4042903,5,0,30,0,6,6,6.0,0.0,0,0,0.0,0.0,7.420410532,1.236735089,1010725.75,2020802.218,4041929,1,4042903,1010725.75,2020802.218,4041929,1,0,0.0,0.0,0,0,0,0,100,0,1.236735089,0.0,6,6,6.0,0.0,0.0,0,0,0,0,1,0,0,0,0,7.2,6.0,0.0,100,5,30,0,0,256,-1,4,20,0.0,0.0,0,0,0.0,0.0,0,0,DDoS
80,98925681,9,5,356,11595,356,0,39.55555556,118.6666667,7251,0,2319.0,3337.608875,120.8078618,0.14152038,7609667.769,27400000.0,98900000,0,98900000,12400000.0,35000000.0,98900000,0,18524,4631.0,7152.168669,15111,56,0,0,296,168,0.090977387,0.050542993,0,7251,796.7333333,2105.304744,4432308.067,0,0,0,0,1,0,0,0,0,853.6428571,39.55555556,2319.0,296,9,356,5,11595,251,235,1,32,1020.0,0.0,1020,1020,98900000.0,0.0,98900000,98900000,DoS Hulk
2160,28,1,1,0,6,0,0,0.0,0.0,6,6,6.0,0.0,214285.7143,71428.57143,28.0,0.0,28,28,0,0.0,0.0,0,0,0,0.0,0.0,0,0,0,0,40,20,35714.28571,35714.28571,0,6,2.0,3.464101615,12.0,0,0,0,1,0,0,0,0,1,3.0,0.0,6.0,40,1,0,1,6,29200,0,0,40,0.0,0.0,0,0,0.0,0.0,0,0,PortScan
56678,7621,4,1,120,6,77,6,30.0,33.476359818,6,6,6.0,0.0,16533.2633512662,656.0818790185,1905.25,3622.5172072285,7337,3,7621,2540.3333333333,4198.0321977485,7386,3,0,0.0,0.0,0,0,0,0,80,20,524.8655032148,131.2163758037,6,77,22.0,28.7402157264,826.0,0,0,0,0,1,0,0,0,0,26.4,30.0,6.0,80,4,120,1,6,980,0,3,20,0.0,0.0,0,0,0.0,0.0,0,0,BENIGN
80,68392,3,4,26,11601,20,0,8.666666667,10.26320288,7215,0,2900.25,3540.00286,170005.2638,102.3511522,11398.66667,20769.93524,52065,43,16011,8005.5,9941.214237,15035,976,68349,22783.0,26585.20273,52065,161,0,0,72,92,43.86477951,58.48637268,0,7215,1453.375,2786.259804,7763243.696,0,0,0,1,0,0,0,0,1,1661.0,8.666666667,2900.25,72,3,26,4,11601,8192,229,2,20,0.0,0.0,0,0,0.0,0.0,0,0,DDoS
443,1153056,3,3,0,18,0,0,0.0,0.0,6,6,6.0,0.0,15.6106902006,5.2035634002,230611.2,245784.638541956,500215,50715,1102341,551170.5,579.1204537918,551580,550761,1101789,550894.5,50.2045814642,550930,550859,0,0,92,60,2.6017817001,2.6017817001,0,6,2.5714285714,3.2071349029,10.2857142857,0,0,0,1,0,0,0,0,1,3.0,0.0,6.0,92,3,0,3,18,8192,0,0,28,0.0,0.0,0,0,0.0,0.0,0,0,BENIGN
21,9185776,9,15,111,188,25,0,12.33333333,10.18577439,34,0,12.53333333,14.54975045,32.55032563,2.612735168,399381.5652,994090.0387,3242325,3,5900889,737611.125,1255697.708,2887062,42,9185693,656120.9286,1221069.49,3242325,3,0,0,296,488,0.979775688,1.63295948,0,34,11.96,12.81756607,164.29,0,0,0,1,0,0,0,0,1,12.45833333,12.33333333,12.53333333,296,9,111,15,188,29200,227,6,32,0.0,0.0,0,0,0.0,0.0,0,0,FTP-Patator
53,30556,1,1,38,70,38,38,38.0,0.0,70,70,70.0,0.0,3534.494044,65.4535934,30556.0,0.0,30556,30556,0,0.0,0.0,0,0,0,0.0,0.0,0,0,0,0,40,20,32.7267967,32.7267967,38,70,48.66666667,18.47520861,341.3333333,0,0,0,0,0,0,0,0,1,73.0,38.0,70.0,40,1,38,1,70,-1,-1,0,40,0.0,0.0,0,0,0.0,0.0,0,0,BENIGN
58190,5,3,0,43,0,31,6,14.33333333,14.43375673,0,0,0.0,0.0,8600000.0,600000.0,2.5,2.121320344,4,1,5,2.5,2.121320344,4,1,0,0.0,0.0,0,0,0,0,60,0,600000.0,0.0,6,31,12.25,12.5,156.25,0,0,0,0,1,0,0,0,0,16.33333333,14.33333333,0.0,60,3,43,0,0,1047,-1,2,20,0.0,0.0,0,0,0.0,0.0,0,0,BENIGN
443,65613155,14,15,1828,4752,733,0,130.5714286,259.1906677,1911,0,316.8,589.8874227,100.2847676,0.441984538,2343326.964,4151211.969,10000000,3,61100000,4696427.0,5172899.25,10100000,13055,65500000,4680431.5,4992189.683,10100000,3,0,0,292,384,0.213371846,0.228612692,0,1911,219.3333333,456.5909158,208475.2644,0,0,0,1,0,0,0,0,1,226.8965517,130.5714286,316.8,292,14,1828,15,4752,8192,255,13,20,184522.5,236650.465,667574,87079,9991069.333,22284.37284,10000000,9945597,BENIGN
443,64062148,2,0,74,0,37,37,37.0,0.0,0,0,0.0,0.0,1.1551282982,0.0312196837,64062148.0,0.0,64062148,64062148,64062148,64062148.0,0.0,64062148,64062148,0,0.0,0.0,0,0,1,0,64,0,0.0312196837,0.0,37,37,37.0,0.0,0.0,0,1,0,0,1,1,0,0,0,55.5,37.0,0.0,64,2,74,0,0,33304,-1,1,32,0.0,0.0,0,0,0.0,0.0,0,0,BENIGN
53,218170,1,1,49,147,49,49,49.0,0.0,147,147,147.0,0.0,898.3819956914,9.1671632213,218170.0,0.0,218170,218170,0,0.0,0.0,0,0,0,0.0,0.0,0,0,0,0,32,32,4.5835816107,4.5835816107,49,147,81.6666666667,56.5803263806,3201.3333333333,0,0,0,0,0,0,0,0,1,122.5,49.0,147.0,32,1,49,1,147,-1,-1,0,32,0.0,0.0,0,0,0.0,0.0,0,0,BENIGN
443,5853086,10,7,492,6892,221,0,49.2,82.18110083,4380,0,984.5714286,1605.576517,1261.556724,2.904450746,365817.875,1370810.836,5504955,3,5853086,650342.8889,1820863.997,5504955,3,269312,44885.33333,67967.71034,137171,191,0,0,212,152,1.708500439,1.195950307,0,4380,410.2222222,1065.745558,1135813.595,0,0,0,1,0,0,0,0,0,434.3529412,49.2,984.5714286,212,10,492,7,6892,8192,1025,9,20,348128.0,0.0,348128,348128,5504955.0,0.0,5504955,5504955,BENIGN
443,5739499,11,8,355,4810,198,0,32.27272727,66.77138745,1448,0,601.25,657.1305045,899.9043296,3.310393468,318861.0556,1322670.642,5618491,2,5739499,573949.9,1772592.347,5618491,33,55233,7890.428571,12372.09932,28688,192,0,0,360,272,1.916543587,1.393849881,0,1448,258.25,494.0134107,244049.25,0,0,0,1,0,0,0,0,0,271.8421053,32.27272727,601.25,360,11,355,8,4810,29200,939,3,32,120975.0,0.0,120975,120975,5618491.0,0.0,5618491,5618491,BENIGN
53,135344,1,1,46,357,46,46,46.0,0.0,357,357,357.0,0.0,2977.597825,14.77716042,135344.0,0.0,135344,135344,0,0.0,0.0,0,0,0,0.0,0.0,0,0,0,0,32,40,7.38858021,7.38858021,46,357,149.6666667,179.5559337,32240.33333,0,0,0,0,0,0,0,0,1,224.5,46.0,357.0,32,1,46,1,357,-1,-1,0,32,0.0,0.0,0,0,0.0,0.0,0,0,BENIGN
56075,3,2,0,280,0,274,6,140.0,189.5046174,0,0,0.0,0.0,93300000.0,666666.6667,3.0,0.0,3,3,3,3.0,0.0,3,3,0,0.0,0.0,0,0,1,0,40,0,666666.6667,0.0,6,274,184.6666667,154.7298721,23941.33333,0,1,0,0,1,0,0,0,0,277.0,140.0,0.0,40,2,280,0,0,60,-1,1,20,0.0,0.0,0,0,0.0,0.0,0,0,BENIGN
9000,42,1,1,2,6,2,2,2.0,0.0,6,6,6.0,0.0,190476.1905,47619.04762,42.0,0.0,42,42,0,0.0,0.0,0,0,0,0.0,0.0,0,0,0,0,24,20,23809.52381,23809.52381,2,6,3.333333333,2.309401077,5.333333333,0,0,0,1,0,0,0,0,1,5.0,2.0,6.0,24,1,2,1,6,1024,0,0,24,0.0,0.0,0,0,0.0,0.0,0,0,PortScan
53,23614,1,1,45,356,45,45,45.0,0.0,356,356,356.0,0.0,16981.4516812061,84.695519607,23614.0,0.0,23614,23614,0,0.0,0.0,0,0,0,0.0,0.0,0,0,0,0,20,20,42.3477598035,42.3477598035,45,356,148.6666666667,179.555933718,32240.3333333333,0,0,0,0,0,0,0,0,1,223.0,45.0,356.0,20,1,45,1,356,-1,-1,0,20,0.0,0.0,0,0,0.0,0.0,0,0,BENIGN
22,12143628,21,32,2008,2745,640,0,95.61904762,140.0451628,976,0,85.78125,220.240592,391.3986825,4.364428818,233531.3077,627463.3692,2214775,3,10200000,508307.5,889874.8659,2260029,691,12100000,391727.0645,778093.7764,2214775,3,0,0,680,1032,1.729301985,2.635126834,0,976,88.01851852,189.5902723,35944.47135,0,0,0,1,0,0,0,0,1,89.67924528,95.61904762,85.78125,680,21,2008,32,2745,29200,247,16,32,0.0,0.0,0,0,0.0,0.0,0,0,SSH-Patator
80,1862696,3,4,26,11607,20,0,8.666666667,10.26320288,11595,0,2901.75,5795.50069,6245.248822,3.75799379,310449.3333,759883.0159,1861554,6,976,488.0,173.9482682,611,365,1862591,620863.6667,1074469.469,1861554,6,0,0,72,92,1.610568767,2.147425023,0,11595,1454.125,4097.537534,16800000.0,0,0,0,1,0,0,0,0,1,1661.857143,8.666666667,2901.75,72,3,26,4,11607,8192,229,2,20,0.0,0.0,0,0,0.0,0.0,0,0,DDoS
389,113,3,1,114,6,57,0,38.0,32.9089653438,6,6,6.0,0.0,1061946.90265487,35398.2300884956,37.6666666667,12.3423390544,48,24,113,56.5,12.0208152802,65,48,0,0.0,0.0,0,0,1,0,96,20,26548.6725663717,8849.5575221239,0,57,35.4,29.6529931036,879.3,0,1,0,0,1,0,0,0,0,44.25,38.0,6.0,96,3,114,1,6,373,0,1,32,0.0,0.0,0,0,0.0,0.0,0,0,BENIGN
443,117037048,24,26,4134,8628,1045,0,172.25,328.5022996412,1989,0,331.8461538462,593.7034069168,109.0423948492,0.4272151499,2388511.18367347,4186519.33418326,10000499,2,117037048,5088567.30434783,4996654.42014358,10110625,4,112286181,4491447.24,5083758.17709551,10114931,2,0,0,492,532,0.2050632719,0.2221518779,0,1989,250.2352941176,483.236115713,233517.143529412,0,0,0,1,0,0,0,0,1,255.24,172.25,331.8461538462,492,24,4134,26,8628,8192,5120,23,20,212241.454545455,324149.84826446,1189590,114391,9995588.45454545,3420.2519604156,10000499,9986077,BENIGN
53,48242,1,1,44,92,44,44,44.0,0.0,92,92,92.0,0.0,2819.120269,41.45765101,48242.0,0.0,48242,48242,0,0.0,0.0,0,0,0,0.0,0.0,0,0,0,0,20,20,20.7288255,20.7288255,44,92,60.0,27.71281292,768.0,0,0,0,0,0,0,0,0,1,90.0,44.0,92.0,20,1,44,1,92,-1,-1,0,20,0.0,0.0,0,0,0.0,0.0,0,0,BENIGN
80,11133,2,0,0,0,0,0,0.0,0.0,0,0,0.0,0.0,0.0,179.6460972,11133.0,0.0,11133,11133,11133,11133.0,0.0,11133,11133,0,0.0,0.0,0,0,0,0,40,0,179.6460972,0.0,0,0,0.0,0.0,0.0,0,0,0,0,1,0,0,0,0,0.0,0.0,0.0,40,2,0,0,0,256,-1,0,20,0.0,0.0,0,0,0.0,0.0,0,0,BENIGN
137,2999632,3,0,150,0,50,50,50.0,0.0,0,0,0.0,0.0,50.00613409,1.000122682,1499816.0,420.021428,1500113,1499519,2999632,1499816.0,420.021428,1500113,1499519,0,0.0,0.0,0,0,0,0,72,0,1.000122682,0.0,50,50,50.0,0.0,0.0,0,0,0,0,0,0,0,0,0,66.66666667,50.0,0.0,72,3,150,0,0,-1,-1,2,20,0.0,0.0,0,0,0.0,0.0,0,0,BENIGN
57908,4,3,0,86,0,55,0,28.6666666667,27.5741424768,0,0,0.0,0.0,21500000.0,750000.0,2.0,1.4142135624,3,1,4,2.0,1.4142135624,3,1,0,0.0,0.0,0,0,1,0,96,0,750000.0,0.0,0,55,35.25,26.0816027115,680.25,0,1,0,0,1,0,0,0,0,47.0,28.6666666667,0.0,96,3,86,0,0,118,-1,1,32,0.0,0.0,0,0,0.0,0.0,0,0,BENIGN
80,85200891,4,5,374,11595,368,0,93.5,183.0218566,5792,0,2319.0,2629.518777,140.4797516,0.105632698,10700000.0,30100000.0,85100000,79,85100000,28400000.0,49100000.0,85100000,1010,148536,37134.0,65029.45176,134175,87,0,0,124,168,0.046947866,0.058684832,0,5792,1197.5,2117.170924,4482412.722,1,0,0,0,0,0,0,0,1,1330.555556,93.5,2319.0,124,4,374,5,11595,0,235,1,20,0.0,0.0,0,0,85100000.0,0.0,85100000,85100000,DoS Hulk
2869,55,1,1,0,6,0,0,0.0,0.0,6,6,6.0,0.0,109090.9091,36363.63636,55.0,0.0,55,55,0,0.0,0.0,0,0,0,0.0,0.0,0,0,0,0,40,20,18181.81818,18181.81818,0,6,2.0,3.464101615,12.0,0,0,0,1,0,0,0,0,1,3.0,0.0,6.0,40,1,0,1,6,29200,0,0,40,0.0,0.0,0,0,0.0,0.0,0,0,PortScan
80,84638896,7,6,376,11595,376,0,53.71428571,142.1146419,5792,0,1932.5,2362.781391,141.4361548,0.153593686,7053241.333,24400000.0,84500000,1,84500000,14100000.0,34500000.0,84500000,1,149232,29846.4,59503.59686,135823,47,0,0,232,200,0.082704292,0.070889393,0,5792,855.0714286,1759.071716,3094333.302,0,0,0,0,1,0,0,0,0,920.8461538,53.71428571,1932.5,232,7,376,6,11595,251,235,1,32,5.0,0.0,5,5,84500000.0,0.0,84500000,84500000,DoS Hulk
443,4031063,5,1,129,41,45,6,25.8,18.78030884,41,41,41.0,0.0,42.17249892,1.488441138,806212.6,1794040.892,4015469,49,4031063,1007765.75,2005148.3,4015469,49,0,0.0,0.0,0,0,1,0,100,20,1.240367615,0.248073523,6,45,30.14285714,17.03358028,290.1428571,0,1,0,0,1,0,0,0,0,35.16666667,25.8,41.0,100,5,129,1,41,329,32,4,20,0.0,0.0,0,0,0.0,0.0,0,0,BENIGN
45904,1,2,0,0,0,0,0,0.0,0.0,0,0,0.0,0.0,0.0,2000000.0,1.0,0.0,1,1,1,1.0,0.0,1,1,0,0.0,0.0,0,0,0,0,64,0,2000000.0,0.0,0,0,0.0,0.0,0.0,0,0,0,0,1,0,0,0,0,0.0,0.0,0.0,64,2,0,0,0,340,-1,0,32,0.0,0.0,0,0,0.0,0.0,0,0,BENIGN
53,181,2,2,70,134,35,35,35.0,0.0,67,67,67.0,0.0,1127071.82320442,22099.4475138122,60.3333333333,99.3042463006,175,3,3,3.0,0.0,3,3,3,3.0,0.0,3,3,0,0,64,64,11049.7237569061,11049.7237569061,35,67,47.8,17.5271218402,307.2,0,0,0,0,0,0,0,0,1,59.75,35.0,67.0,64,2,70,2,134,-1,-1,1,32,0.0,0.0,0,0,0.0,0.0,0,0,BENIGN
32772,12,1,1,2,6,2,2,2.0,0.0,6,6,6.0,0.0,666666.6667,166666.6667,12.0,0.0,12,12,0,0.0,0.0,0,0,0,0.0,0.0,0,0,0,0,24,20,83333.33333,83333.33333,2,6,3.333333333,2.309401077,5.333333333,0,0,0,1,0,0,0,0,1,5.0,2.0,6.0,24,1,2,1,6,1024,0,0,24,0.0,0.0,0,0,0.0,0.0,0,0,PortScan
443,2916,2,0,12,0,6,6,6.0,0.0,0,0,0.0,0.0,4115.226337,685.8710562,2916.0,0.0,2916,2916,2916,2916.0,0.0,2916,2916,0,0.0,0.0,0,0,0,0,40,0,685.8710562,0.0,6,6,6.0,0.0,0.0,0,0,0,0,1,0,0,0,0,9.0,6.0,0.0,40,2,12,0,0,253,-1,1,20,0.0,0.0,0,0,0.0,0.0,0,0,BENIGN
8007,17,1,1,2,6,2,2,2.0,0.0,6,6,6.0,0.0,470588.2353,117647.0588,17.0,0.0,17,17,0,0.0,0.0,0,0,0,0.0,0.0,0,0,0,0,24,20,58823.52941,58823.52941,2,6,3.333333333,2.309401077,5.333333333,0,0,0,1,0,0,0,0,1,5.0,2.0,6.0,24,1,2,1,6,1024,0,0,24,0.0,0.0,0,0,0.0,0.0,0,0,PortScan
6389,52,1,1,2,6,2,2,2.0,0.0,6,6,6.0,0.0,153846.1538,38461.53846,52.0,0.0,52,52,0,0.0,0.0,0,0,0,0.0,0.0,0,0,0,0,24,20,19230.76923,19230.76923,2,6,3.333333333,2.309401077,5.333333333,0,0,0,1,0,0,0,0,1,5.0,2.0,6.0,24,1,2,1,6,1024,0,0,24,0.0,0.0,0,0,0.0,0.0,0,0,PortScan
53,227,2,2,80,452,40,40,40.0,0.0,226,226,226.0,0.0,2343612.335,17621.14537,75.66666667,91.68605855,178,1,48,48.0,0.0,48,48,1,1.0,0.0,1,1,0,0,40,40,8810.572687,8810.572687,40,226,114.4,101.8763957,10378.8,0,0,0,0,0,0,0,0,1,143.0,40.0,226.0,40,2,80,2,452,-1,-1,1,20,0.0,0.0,0,0,0.0,0.0,0,0,BENIGN
443,86,2,0,12,0,6,6,6.0,0.0,0,0,0.0,0.0,139534.8837,23255.81395,86.0,0.0,86,86,86,86.0,0.0,86,86,0,0.0,0.0,0,0,0,0,40,0,23255.81395,0.0,6,6,6.0,0.0,0.0,0,0,0,0,1,0,0,0,0,9.0,6.0,0.0,40,2,12,0,0,253,-1,1,20,0.0,0.0,0,0,0.0,0.0,0,0,BENIGN
80,85012127,6,6,330,11595,330,0,55.0,134.7219359,7240,0,1932.5,2695.639126,140.2741047,0.141156332,7728375.182,25600000.0,84900000,1,84900000,17000000.0,38000000.0,84900000,1,146438,29287.6,58294.04893,133089,71,0,0,200,200,0.070578166,0.070578166,0,7240,917.3076923,1998.117755,3992474.564,0,0,0,0,1,0,0,0,1,993.75,55.0,1932.5,200,6,330,6,11595,274,235,1,32,6.0,0.0,6,6,84900000.0,0.0,84900000,84900000,DoS Hulk
53,61180,2,2,72,286,36,36,36.0,0.0,143,143,143.0,0.0,5851.585485,65.38084341,20393.33333,35117.11022,60943,49,188,188.0,0.0,188,188,49,49.0,0.0,49,49,0,0,64,64,32.69042171,32.69042171,36,143,78.8,58.60631365,3434.7,0,0,0,0,0,0,0,0,1,98.5,36.0,143.0,64,2,72,2,286,-1,-1,1,32,0.0,0.0,0,0,0.0,0.0,0,0,BENIGN
443,5388151,5,1,117,41,45,0,23.4,21.96132965,41,41,41.0,0.0,29.32360285,1.113554538,1077630.2,2389814.749,5352574,23,5388151,1347037.75,2670408.908,5352574,48,0,0.0,0.0,0,0,1,0,160,32,0.927962115,0.185592423,0,45,28.42857143,19.88179354,395.2857143,0,1,0,0,1,0,0,0,0,33.16666667,23.4,41.0,160,5,117,1,41,1566,126,2,32,35292.0,0.0,35292,35292,5352574.0,0.0,5352574,5352574,BENIGN
53,97096,2,2,60,132,30,30,30.0,0.0,66,66,66.0,0.0,1977.424405,41.19634176,32365.33333,56054.07163,97091,1,1,1.0,0.0,1,1,4,4.0,0.0,4,4,0,0,40,64,20.59817088,20.59817088,30,66,44.4,19.71801207,388.8,0,0,0,0,0,0,0,0,1,55.5,30.0,66.0,40,2,60,2,132,-1,-1,1,20,0.0,0.0,0,0,0.0,0.0,0,0,BENIGN
80,84898109,6,6,317,11595,317,0,52.83333333,129.4147081,4344,0,1932.5,1754.831473,140.3093678,0.141345904,7718009.909,25500000.0,84700000,1,84800000,17000000.0,37900000.0,84700000,1,155482,31096.4,61339.02558,140212,15,0,0,200,200,0.070672952,0.070672952,0,4344,916.3076923,1499.72044,2249161.397,0,0,0,0,1,0,0,0,1,992.6666667,52.83333333,1932.5,200,6,317,6,11595,251,235,1,32,2.0,0.0,2,2,84700000.0,0.0,84700000,84700000,DoS Hulk
52408,65,1,1,6,6,6,6,6.0,0.0,6,6,6.0,0.0,184615.384615385,30769.2307692308,65.0,0.0,65,65,0,0.0,0.0,0,0,0,0.0,0.0,0,0,0,0,20,20,15384.6153846154,15384.6153846154,6,6,6.0,0.0,0.0,0,0,0,0,1,1,0,0,1,9.0,6.0,6.0,20,1,6,1,6,913,256,0,20,0.0,0.0,0,0,0.0,0.0,0,0,BENIGN
51631,9562954,7,8,11607,56,5840,0,1658.142857,2127.59774,20,0,7.0,5.656854249,1219.602228,1.568552981,683068.1429,2156784.565,8054763,0,9562954,1593825.667,3233179.776,8086034,14,8091770,1155967.143,3042090.36,8054763,0,0,0,152,172,0.731991391,0.83656159,0,5840,729.3125,1589.473738,2526426.763,0,0,0,0,1,1,0,0,1,777.9333333,1658.142857,7.0,152,7,11607,8,56,229,256,5,20,31209.0,0.0,31209,31209,8054763.0,0.0,8054763,8054763,BENIGN
53,23638,2,2,76,202,38,38,38.0,0.0,101,101,101.0,0.0,11760.72426,169.2190541,7879.333333,13642.20951,23632,3,3,3.0,0.0,3,3,3,3.0,0.0,3,3,0,0,64,64,84.60952703,84.60952703,38,101,63.2,34.50652112,1190.7,0,0,0,0,0,0,0,0,1,79.0,38.0,101.0,64,2,76,2,202,-1,-1,1,32,0.0,0.0,0,0,0.0,0.0,0,0,BENIGN
80,5740767,5,0,30,0,6,6,6.0,0.0,0,0,0.0,0.0,5.225782548,0.870963758,1435191.75,2868450.285,5737867,3,5740767,1435191.75,2868450.285,5737867,3,0,0.0,0.0,0,0,0,0,100,0,0.870963758,0.0,6,6,6.0,0.0,0.0,0,0,0,0,1,0,0,0,0,7.2,6.0,0.0,100,5,30,0,0,256,-1,4,20,2900.0,0.0,2900,2900,5737867.0,0.0,5737867,5737867,DDoS
55755,43324,2,1,280,6,274,6,140.0,189.5046174,6,6,6.0,0.0,6601.421845,69.24568369,21662.0,30484.78755,43218,106,43324,43324.0,0.0,43324,43324,0,0.0,0.0,0,0,1,0,40,20,46.16378912,23.08189456,6,274,140.0,154.7298721,23941.33333,0,1,0,0,1,0,0,0,0,186.6666667,140.0,6.0,40,2,280,1,6,60,0,1,20,0.0,0.0,0,0,0.0,0.0,0,0,BENIGN
443,115887968,22,18,773,6332,422,0,35.1363636364,98.8978768391,1448,0,351.7777777778,575.2662356075,61.3092120141,0.3451609403,2971486.35897436,4615212.61764788,10216743,9,115887968,5518474.66666667,5094939.63812107,10240012,18,112556299,6620958.76470588,5019133.26805551,10240270,49,0,0,712,584,0.1898385171,0.1553224231,0,1448,173.2926829268,413.9625734232,171365.012195122,0,0,0,1,0,0,0,0,0,177.625,35.1363636364,351.7777777778,712,22,773,18,6332,29200,61,4,32,39919.9090909091,54960.2480042704,205631,23234,10192527.0909091,67822.9537036754,10216743,9991238,BENIGN
53,60737,1,1,42,144,42,42,42.0,0.0,144,144,144.0,0.0,3062.38372,32.9288572,60737.0,0.0,60737,60737,0,0.0,0.0,0,0,0,0.0,0.0,0,0,0,0,40,32,16.4644286,16.4644286,42,144,76.0,58.88972746,3468.0,0,0,0,0,0,0,0,0,1,114.0,42.0,144.0,40,1,42,1,144,-1,-1,0,40,0.0,0.0,0,0,0.0,0.0,0,0,BENIGN
80,4848032,5,0,30,0,6,6,6.0,0.0,0,0,0.0,0.0,6.188077966,1.031346328,1212008.0,2422674.851,4846020,0,4848032,1212008.0,2422674.851,4846020,0,0,0.0,0.0,0,0,0,0,100,0,1.031346328,0.0,6,6,6.0,0.0,0.0,0,0,0,0,1,0,0,0,0,7.2,6.0,0.0,100,5,30,0,0,256,-1,4,20,0.0,0.0,0,0,0.0,0.0,0,0,DDoS
53,173,2,2,52,174,26,26,26.0,0.0,87,87,87.0,0.0,1306358.382,23121.38728,57.66666667,61.07645482,123,2,48,48.0,0.0,48,48,2,2.0,0.0,2,2,0,0,64,64,11560.69364,11560.69364,26,87,50.4,33.41107601,1116.3,0,0,0,0,0,0,0,0,1,63.0,26.0,87.0,64,2,52,2,174,-1,-1,1,32,0.0,0.0,0,0,0.0,0.0,0,0,BENIGN
53,48838,1,1,56,106,56,56,56.0,0.0,106,106,106.0,0.0,3317.089152,40.95171792,48838.0,0.0,48838,48838,0,0.0,0.0,0,0,0,0.0,0.0,0,0,0,0,32,32,20.47585896,20.47585896,56,106,72.66666667,28.86751346,833.3333333,0,0,0,0,0,0,0,0,1,109.0,56.0,106.0,32,1,56,1,106,-1,-1,0,32,0.0,0.0,0,0,0.0,0.0,0,0,BENIGN
53,116362,4,2,144,270,36,36,36.0,0.0,135,135,135.0,0.0,3557.862532,51.56322511,23272.4,37267.43365,85512,3,30847,10282.33333,17804.3276,30841,3,3,3.0,0.0,3,3,0,0,80,40,34.37548341,17.1877417,36,135,64.28571429,48.30705361,2333.571429,0,0,0,0,0,0,0,0,0,75.0,36.0,135.0,80,4,144,2,270,-1,-1,3,20,0.0,0.0,0,0,0.0,0.0,0,0,BENIGN
53,23401,1,1,46,62,46,46,46.0,0.0,62,62,62.0,0.0,4615.187385,85.46643306,23401.0,0.0,23401,23401,0,0.0,0.0,0,0,0,0.0,0.0,0,0,0,0,20,20,42.73321653,42.73321653,46,62,51.33333333,9.237604307,85.33333333,0,0,0,0,0,0,0,0,1,77.0,46.0,62.0,20,1,46,1,62,-1,-1,0,20,0.0,0.0,0,0,0.0,0.0,0,0,BENIGN
443,6011166,10,6,348,4135,191,0,34.8,67.6655172316,1448,0,689.1666666667,692.2827216294,745.7787723713,2.6617132184,400744.4,1517492.94267372,5885932,4,6011166,667907.333333333,1956885.65453918,5885932,4,56834,11366.8,14987.4307237765,31362,214,0,0,328,200,1.6635707615,0.9981424569,0,1448,263.7058823529,507.2662965231,257319.095588235,0,0,0,1,0,0,0,0,0,280.1875,34.8,689.1666666667,328,10,348,6,4135,29200,939,3,32,125230.0,0.0,125230,125230,5885932.0,0.0,5885932,5885932,BENIGN
80,32969,2,0,0,0,0,0,0.0,0.0,0,0,0.0,0.0,0.0,60.6630471049,32969.0,0.0,32969,32969,32969,32969.0,0.0,32969,32969,0,0.0,0.0,0,0,0,0,64,0,60.6630471049,0.0,0,0,0.0,0.0,0.0,0,0,0,0,1,0,0,0,0,0.0,0.0,0.0,64,2,0,0,0,264,-1,0,32,0.0,0.0,0,0,0.0,0.0,0,0,BENIGN
80,98744306,6,7,386,11595,368,0,64.33333333,148.7947132,5792,0,1656.428571,2429.118623,121.3335785,0.131653161,8228692.167,28500000.0,98700000,1,98700000,19700000.0,44100000.0,98700000,1,98700000,16500000.0,40300000.0,98700000,49,0,0,164,232,0.060762997,0.070890164,0,5792,856.2142857,1849.784194,3421701.566,1,0,0,0,0,0,0,0,1,922.0769231,64.33333333,1656.428571,164,6,386,7,11595,0,235,3,20,15018.0,0.0,15018,15018,98700000.0,0.0,98700000,98700000,DoS Hulk
80,1436127,3,6,26,11607,20,0,8.666666667,10.26320288,4380,0,1934.5,2177.344966,8100.258543,6.266855229,179515.875,507404.1379,1435277,18,538,269.0,311.1269837,489,49,1436080,287216.0,641785.6441,1435277,18,0,0,72,132,2.088951743,4.177903486,0,4380,1163.3,1903.962654,3625073.789,0,0,0,1,0,0,0,0,2,1292.555556,8.666666667,1934.5,72,3,26,6,11607,8192,229,2,20,0.0,0.0,0,0,0.0,0.0,0,0,DDoS
53,76311783,3,3,191,348,91,38,63.6666666667,26.5392790658,158,90,116.0,36.7151195014,7.0631294252,0.0786248173,15262356.6,29246805.7027916,67114158,23523,76262632,38131316.0,41095585.2399522,67190283,9072349,76288260,38144130.0,41039316.5107325,67163309,9124951,0,0,72,72,0.0393124087,0.0393124087,38,158,82.4285714286,41.8642932297,1752.6190476191,0,0,0,0,0,0,0,0,1,96.1666666667,63.6666666667,116.0,72,3,191,3,348,-1,-1,2,20,49824.0,37195.2309039748,76125,23523,38081492.0,41058390.0090482,67114158,9048826,BENIGN
21,191,2,2,14,0,14,0,7.0,9.899494937,0,0,0.0,0.0,73298.42932,20942.40838,63.66666667,28.58904219,95,39,191,191.0,0.0,191,191,39,39.0,0.0,39,39,1,0,64,40,10471.20419,10471.20419,0,14,5.6,7.668115805,58.8,0,1,0,0,1,0,0,0,1,7.0,7.0,0.0,64,2,14,2,0,229,0,0,32,0.0,0.0,0,0,0.0,0.0,0,0,FTP-Patator
53,60713,1,1,48,117,48,48,48.0,0.0,117,117,117.0,0.0,2717.70461,32.94187406,60713.0,0.0,60713,60713,0,0.0,0.0,0,0,0,0.0,0.0,0,0,0,0,32,20,16.47093703,16.47093703,48,117,71.0,39.83716857,1587.0,0,0,0,0,0,0,0,0,1,106.5,48.0,117.0,32,1,48,1,117,-1,-1,0,32,0.0,0.0,0,0,0.0,0.0,0,0,BENIGN
53,30723,1,1,55,71,55,55,55.0,0.0,71,71,71.0,0.0,4101.161996,65.09780946,30723.0,0.0,30723,30723,0,0.0,0.0,0,0,0,0.0,0.0,0,0,0,0,32,32,32.54890473,32.54890473,55,71,60.33333333,9.237604307,85.33333333,0,0,0,0,0,0,0,0,1,90.5,55.0,71.0,32,1,55,1,71,-1,-1,0,32,0.0,0.0,0,0,0.0,0.0,0,0,BENIGN
53,157,2,2,66,98,33,33,33.0,0.0,49,49,49.0,0.0,1044585.98726115,25477.7070063694,52.3333333333,85.4478398401,151,3,3,3.0,0.0,3,3,3,3.0,0.0,3,3,0,0,40,40,12738.8535031847,12738.8535031847,33,49,39.4,8.7635609201,76.8,0,0,0,0,0,0,0,0,1,49.25,33.0,49.0,40,2,66,2,98,-1,-1,1,20,0.0,0.0,0,0,0.0,0.0,0,0,BENIGN
1058,60,1,1,0,6,0,0,0.0,0.0,6,6,6.0,0.0,100000.0,33333.33333,60.0,0.0,60,60,0,0.0,0.0,0,0,0,0.0,0.0,0,0,0,0,40,20,16666.66667,16666.66667,0,6,2.0,3.464101615,12.0,0,0,0,1,0,0,0,0,1,3.0,0.0,6.0,40,1,0,1,6,29200,0,0,40,0.0,0.0,0,0,0.0,0.0,0,0,PortScan
60766,32563,2,1,38,6,38,0,19.0,26.87005769,6,6,6.0,0.0,1351.226853,92.12910358,16281.5,22925.10895,32492,71,32563,32563.0,0.0,32563,32563,0,0.0,0.0,0,0,1,0,64,20,61.41940239,30.70970119,0,38,20.5,20.35517952,414.3333333,0,1,0,0,1,0,0,0,0,27.33333333,19.0,6.0,64,2,38,1,6,349,0,0,32,0.0,0.0,0,0,0.0,0.0,0,0,BENIGN
80,2050970,4,0,24,0,6,6,6.0,0.0,0,0,0.0,0.0,11.70178013,1.950296689,683656.6667,1183885.603,2050690,1,2050970,683656.6667,1183885.603,2050690,1,0,0.0,0.0,0,0,0,0,80,0,1.950296689,0.0,6,6,6.0,0.0,0.0,0,0,0,0,1,0,0,0,0,7.5,6.0,0.0,80,4,24,0,0,256,-1,3,20,0.0,0.0,0,0,0.0,0.0,0,0,DDoS
53,1023892,2,2,54,182,27,27,27.0,0.0,91,91,91.0,0.0,230.4930598,3.906662031,341297.3333,591139.1257,1023886,3,3,3.0,0.0,3,3,3,3.0,0.0,3,3,0,0,64,40,1.953331015,1.953331015,27,91,52.6,35.05424368,1228.8,0,0,0,0,0,0,0,0,1,65.75,27.0,91.0,64,2,54,2,182,-1,-1,1,32,0.0,0.0,0,0,0.0,0.0,0,0,BENIGN
80,102627410,8,4,56,11601,20,0,7.0,5.656854249,8675,0,2900.25,4088.041942,113.5856395,0.116927827,9329764.545,27400000.0,91400000,0,103000000,14700000.0,34100000.0,91400000,0,49267,16422.33333,17608.64681,35142,189,0,0,172,92,0.077951884,0.038975942,0,8675,897.1538462,2471.828063,6109933.974,0,0,0,0,1,0,0,0,0,971.9166667,7.0,2900.25,172,8,56,4,11601,256,229,6,20,984.0,0.0,984,984,51300000.0,56800000.0,91400000,11200000,DDoS
4005,61,1,1,2,6,2,2,2.0,0.0,6,6,6.0,0.0,131147.541,32786.88525,61.0,0.0,61,61,0,0.0,0.0,0,0,0,0.0,0.0,0,0,0,0,24,20,16393.44262,16393.44262,2,6,3.333333333,2.309401077,5.333333333,0,0,0,1,0,0,0,0,1,5.0,2.0,6.0,24,1,2,1,6,1024,0,0,24,0.0,0.0,0,0,0.0,0.0,0,0,PortScan
443,72827746,15,13,2004,7533,533,0,133.6,214.3141219265,1460,0,579.4615384615,587.3578715151,130.9528376726,0.3844688534,2697323.92592593,9006902.3853328,44987006,3,72827746,5201981.85714286,12181210.1132825,44987006,131,70011077,5834256.41666667,13132860.6711985,45057302,49,0,0,312,284,0.2059654572,0.1785033962,0,1460,328.8620689655,473.563973966,224262.837438424,0,0,0,1,0,0,0,0,0,340.6071428571,133.6,579.4615384615,312,15,2004,13,7533,8192,122,14,20,4975697.5,6965155.23685901,9900806,50589,30055081.5,21116930.1402311,44987006,15123157,BENIGN
59376,50,1,1,6,6,6,6,6.0,0.0,6,6,6.0,0.0,240000.0,40000.0,50.0,0.0,50,50,0,0.0,0.0,0,0,0,0.0,0.0,0,0,0,0,20,20,20000.0,20000.0,6,6,6.0,0.0,0.0,0,0,0,0,1,1,0,0,1,9.0,6.0,6.0,20,1,6,1,6,229,256,0,20,0.0,0.0,0,0,0.0,0.0,0,0,BENIGN
53,66959,2,2,108,140,54,54,54.0,0.0,70,70,70.0,0.0,3703.759017,59.73804866,22319.66667,38655.33259,66955,1,3,3.0,0.0,3,3,1,1.0,0.0,1,1,0,0,64,64,29.86902433,29.86902433,54,70,60.4,8.76356092,76.8,0,0,0,0,0,0,0,0,1,75.5,54.0,70.0,64,2,108,2,140,-1,-1,1,32,0.0,0.0,0,0,0.0,0.0,0,0,BENIGN
80,634813,3,5,26,11601,20,0,8.666666667,10.26320288,8760,0,2320.2,3668.897,18315.62996,12.60213638,90687.57143,238143.1323,630741,46,3590,1795.0,1435.426766,2810,780,634767,158691.75,314703.5191,630741,187,0,0,72,112,4.725801141,7.876335236,0,8760,1291.888889,2866.607422,8217438.111,0,0,0,1,0,0,0,0,1,1453.375,8.666666667,2320.2,72,3,26,5,11601,8192,229,2,20,0.0,0.0,0,0,0.0,0.0,0,0,DDoS
21,9442693,9,15,106,188,22,0,11.77777778,9.391189725,34,0,12.53333333,14.54975045,31.13518569,2.541647812,410551.8696,1069793.301,3636728,3,6676187,834523.375,1541441.071,3682145,225,9442596,674471.1429,1321020.717,3636728,3,0,0,296,488,0.953117929,1.588529882,0,34,11.76,12.61044541,159.0233333,0,0,0,1,0,0,0,0,1,12.25,11.77777778,12.53333333,296,9,106,15,188,29200,227,6,32,0.0,0.0,0,0,0.0,0.0,0,0,FTP-Patator
80,1654499,2,6,20,11601,20,0,10.0,14.14213562,4380,0,1933.5,1757.789948,7023.878528,4.835300596,236357.0,620334.2303,1643112,16,11105,11105.0,0.0,11105,11105,1654470,330894.0,733567.6762,1643112,16,0,0,52,132,1.208825149,3.626475447,0,4380,1291.222222,1690.960066,2859345.944,0,0,0,1,0,0,0,0,3,1452.625,10.0,1933.5,52,2,20,6,11601,8192,229,1,20,0.0,0.0,0,0,0.0,0.0,0,0,DDoS
53,146,2,2,74,138,37,37,37.0,0.0,69,69,69.0,0.0,1452054.795,27397.26027,48.66666667,79.96457549,141,2,3,3.0,0.0,3,3,2,2.0,0.0,2,2,0,0,64,64,13698.63014,13698.63014,37,69,49.8,17.52712184,307.2,0,0,0,0,0,0,0,0,1,62.25,37.0,69.0,64,2,74,2,138,-1,-1,1,32,0.0,0.0,0,0,0.0,0.0,0,0,BENIGN
10200,93,1,1,6,6,6,6,6.0,0.0,6,6,6.0,0.0,129032.2581,21505.37634,93.0,0.0,93,93,0,0.0,0.0,0,0,0,0.0,0.0,0,0,0,0,20,20,10752.68817,10752.68817,6,6,6.0,0.0,0.0,0,0,0,0,1,1,0,0,1,9.0,6.0,6.0,20,1,6,1,6,335,258,0,20,0.0,0.0,0,0,0.0,0.0,0,0,BENIGN
80,99855924,7,7,340,11595,334,0,48.57142857,125.8820309,4344,0,1656.428571,1757.579003,119.5222028,0.140201997,7681224.923,27700000.0,99800000,1,99800000,16600000.0,40700000.0,99800000,1,99744,16624.0,34934.6352,87272,49,0,0,220,232,0.070100999,0.070100999,0,4344,795.6666667,1423.178117,2025435.952,0,0,0,0,1,0,0,0,1,852.5,48.57142857,1656.428571,220,7,340,7,11595,251,235,2,20,867.0,0.0,867,867,99800000.0,0.0,99800000,99800000,DoS Hulk
53,201,2,2,82,280,41,41,41.0,0.0,140,140,140.0,0.0,1800995.025,19900.49751,67.0,76.60287201,151,1,1,1.0,0.0,1,1,49,49.0,0.0,49,49,0,0,40,40,9950.248756,9950.248756,41,140,80.6,54.22453319,2940.3,0,0,0,0,0,0,0,0,1,100.75,41.0,140.0,40,2,82,2,280,-1,-1,1,20,0.0,0.0,0,0,0.0,0.0,0,0,BENIGN
54232,185,1,1,0,0,0,0,0.0,0.0,0,0,0.0,0.0,0.0,10810.81081,185.0,0.0,185,185,0,0.0,0.0,0,0,0,0.0,0.0,0,0,0,0,32,32,5405.405405,5405.405405,0,0,0.0,0.0,0.0,0,0,0,0,1,1,0,0,1,0.0,0.0,0.0,32,1,0,1,0,122,33304,0,32,0.0,0.0,0,0,0.0,0.0,0,0,BENIGN
15742,8398,15,6,19897,0,2896,0,1326.466667,1209.830618,0,0,0.0,0.0,2369254.584,2500.59538,419.9,1454.032429,6491,1,8398,599.8571429,1725.024185,6491,1,6884,1376.8,3050.176421,6833,1,0,0,496,208,1786.139557,714.4558228,0,2896,904.4090909,1172.895102,1375682.92,0,0,0,1,0,0,0,0,0,947.4761905,1326.466667,0.0,496,15,19897,6,0,29200,362,10,32,0.0,0.0,0,0,0.0,0.0,0,0,BENIGN
80,15402,2,2,12,0,6,6,6.0,0.0,0,0,0.0,0.0,779.1195949,259.7065316,5134.0,8412.704143,14844,33,558,558.0,0.0,558,558,15369,15369.0,0.0,15369,15369,0,0,40,64,129.8532658,129.8532658,0,6,3.6,3.286335345,10.8,1,0,0,0,0,0,0,0,1,4.5,6.0,0.0,40,2,12,2,0,0,235,1,20,0.0,0.0,0,0,0.0,0.0,0,0,DoS Hulk
53,192,2,2,136,392,68,68,68.0,0.0,196,196,196.0,0.0,2750000.0,20833.3333333333,64.0,104.7902667236,185,3,3,3.0,0.0,3,3,4,4.0,0.0,4,4,0,0,64,64,10416.6666666667,10416.6666666667,68,196,119.2,70.1084873607,4915.2,0,0,0,0,0,0,0,0,1,149.0,68.0,196.0,64,2,136,2,392,-1,-1,1,32,0.0,0.0,0,0,0.0,0.0,0,0,BENIGN
60493,98728693,7,10,11607,68,5840,0,1658.142857,2127.59774,20,0,6.8,5.006662228,118.2533633,0.172189051,6170543.312,21500000.0,86000000,3,98700000,16500000.0,39900000.0,97900000,9,97900000,10900000.0,28500000.0,86000000,3,0,0,152,212,0.070901374,0.101287677,0,5840,648.9444444,1511.261665,2283911.82,0,0,0,0,1,1,0,0,1,687.1176471,1658.142857,6.8,152,7,11607,10,68,229,256,5,20,37727.0,0.0,37727,37727,48900000.0,52500000.0,86000000,11800000,BENIGN
443,118366398,68,45,33068,6977,1636,0,486.2941176471,594.8309444726,244,0,155.0444444444,117.3851383569,338.3139191242,0.9546628258,1056842.83928571,2894507.04246715,10208312,1,118316245,1765914.10447761,3596771.90980229,10240047,150,118315957,2688999.02272727,4173090.17803921,10258752,1,0,0,2184,1448,0.5744873642,0.3801754616,0,1636,351.2719298246,492.4951872563,242551.509470579,0,0,0,1,0,0,0,0,0,354.3805309735,486.2941176471,155.0444444444,2184,68,33068,45,6977,29200,397,30,32,1665386.8,2746004.89593768,7352340,50109,10166237.7,57469.0415751529,10208312,10025952,BENIGN
53,217,2,2,68,132,34,34,34.0,0.0,66,66,66.0,0.0,921658.986175115,18433.1797235023,72.3333333333,119.22387904,210,3,4,4.0,0.0,4,4,3,3.0,0.0,3,3,0,0,64,64,9216.5898617512,9216.5898617512,34,66,46.8,17.5271218402,307.2,0,0,0,0,0,0,0,0,1,58.5,34.0,66.0,64,2,68,2,132,-1,-1,1,32,0.0,0.0,0,0,0.0,0.0,0,0,BENIGN
53,24040,2,2,68,100,34,34,34.0,0.0,50,50,50.0,0.0,6988.3527454243,166.3893510815,8013.3333333333,13835.3514712613,23989,3,48,48.0,0.0,48,48,3,3.0,0.0,3,3,0,0,40,40,83.1946755408,83.1946755408,34,50,40.4,8.7635609201,76.8,0,0,0,0,0,0,0,0,1,50.5,34.0,50.0,40,2,68,2,100,-1,-1,1,20,0.0,0.0,0,0,0.0,0.0,0,0,BENIGN
80,115891225,16,14,435,746,435,0,27.1875,108.75,746,0,53.28571429,199.3768865,10.19059036,0.25886343,3996249.138,4964729.303,10200000,48,116000000,7726081.667,4355643.596,10200000,122,113000000,8658389.462,3830130.287,10200000,20734,0,0,520,456,0.138060496,0.120802934,0,746,38.09677419,152.8341923,23358.29032,0,0,0,1,0,0,0,0,0,39.36666667,27.1875,53.28571429,520,16,435,14,746,29200,340,1,32,41772.27273,17355.88334,94101,36327,10200000.0,41759.89301,10200000,10100000,BENIGN
9009,44,1,1,2,6,2,2,2.0,0.0,6,6,6.0,0.0,181818.1818,45454.54545,44.0,0.0,44,44,0,0.0,0.0,0,0,0,0.0,0.0,0,0,0,0,24,20,22727.27273,22727.27273,2,6,3.333333333,2.309401077,5.333333333,0,0,0,1,0,0,0,0,1,5.0,2.0,6.0,24,1,2,1,6,1024,0,0,24,0.0,0.0,0,0,0.0,0.0,0,0,PortScan
80,75507984,8,5,56,11607,20,0,7.0,5.656854249,7215,0,2321.4,3327.769794,154.4604873,0.172167224,6292332.0,20400000.0,70800000,4,74100000,10600000.0,26600000.0,70800000,48,1400756,350189.0,699737.4243,1399795,4,0,0,172,112,0.105949061,0.066218163,0,7215,833.5,2175.302587,4731941.346,0,0,0,0,1,0,0,0,0,897.6153846,7.0,2321.4,172,8,56,5,11607,256,229,6,20,3265442.0,0.0,3265442,3265442,70800000.0,0.0,70800000,70800000,DDoS
63579,48,2,1,12,6,6,6,6.0,0.0,6,6,6.0,0.0,375000.0,62500.0,24.0,12.7279220614,33,15,48,48.0,0.0,48,48,0,0.0,0.0,0,0,0,0,40,20,41666.6666666667,20833.3333333333,6,6,6.0,0.0,0.0,0,0,0,0,1,0,0,0,0,8.0,6.0,6.0,40,2,12,1,6,17381,63819,1,20,0.0,0.0,0,0,0.0,0.0,0,0,BENIGN
80,60023,3,4,26,11601,20,0,8.666666667,10.26320288,8760,0,2900.25,4128.319301,193709.0782,116.6219616,10003.83333,17640.87563,43594,44,16147,8073.5,11270.57499,16043,104,59979,19993.0,21949.10934,43594,192,0,0,72,92,49.98084068,66.6411209,0,8760,1453.375,3113.952607,9696700.839,0,0,0,1,0,0,0,0,1,1661.0,8.666666667,2900.25,72,3,26,4,11601,8192,229,2,20,0.0,0.0,0,0,0.0,0.0,0,0,DDoS
53,87694,1,1,64,130,64,64,64.0,0.0,130,130,130.0,0.0,2212.238009,22.80657742,87694.0,0.0,87694,87694,0,0.0,0.0,0,0,0,0.0,0.0,0,0,0,0,32,20,11.40328871,11.40328871,64,130,86.0,38.10511777,1452.0,0,0,0,0,0,0,0,0,1,129.0,64.0,130.0,32,1,64,1,130,-1,-1,0,32,0.0,0.0,0,0,0.0,0.0,0,0,BENIGN
54464,1696717,7,2,11607,26,4380,0,1658.142857,2117.853979,20,6,13.0,9.899494937,6856.181673,5.304361305,212089.625,599547.9319,1695895,3,1696717,282786.1667,692279.1719,1695895,3,107,107.0,0.0,107,107,0,0,164,40,4.125614348,1.178746957,0,4380,1163.3,1903.962654,3625073.789,0,0,0,1,0,0,0,0,0,1292.555556,1658.142857,13.0,164,7,11607,2,26,8192,256,5,20,0.0,0.0,0,0,0.0,0.0,0,0,BENIGN
49163,69,1,1,2,6,2,2,2.0,0.0,6,6,6.0,0.0,115942.029,28985.50725,69.0,0.0,69,69,0,0.0,0.0,0,0,0,0.0,0.0,0,0,0,0,24,20,14492.75362,14492.75362,2,6,3.333333333,2.309401077,5.333333333,0,0,0,1,0,0,0,0,1,5.0,2.0,6.0,24,1,2,1,6,1024,0,0,24,0.0,0.0,0,0,0.0,0.0,0,0,PortScan
80,14001,3,1,18,0,6,6,6.0,0.0,0,0,0.0,0.0,1285.622456,285.693879,4667.0,6419.736988,12001,66,14001,7000.5,7071.774919,12001,2000,0,0.0,0.0,0,0,0,0,60,32,214.2704093,71.42346975,0,6,4.8,2.683281573,7.2,1,0,0,0,0,0,0,0,0,6.0,6.0,0.0,60,3,18,1,0,0,235,2,20,0.0,0.0,0,0,0.0,0.0,0,0,DoS Hulk
61104,3,2,0,0,0,0,0,0.0,0.0,0,0,0.0,0.0,0.0,666666.666666667,3.0,0.0,3,3,3,3.0,0.0,3,3,0,0.0,0.0,0,0,0,0,64,0,666666.666666667,0.0,0,0,0.0,0.0,0.0,0,0,0,0,1,0,0,0,0,0.0,0.0,0.0,64,2,0,0,0,357,-1,0,32,0.0,0.0,0,0,0.0,0.0,0,0,BENIGN
51036,1,2,0,12,0,6,6,6.0,0.0,0,0,0.0,0.0,12000000.0,2000000.0,1.0,0.0,1,1,1,1.0,0.0,1,1,0,0.0,0.0,0,0,0,0,40,0,2000000.0,0.0,6,6,6.0,0.0,0.0,0,0,0,0,1,0,0,0,0,9.0,6.0,0.0,40,2,12,0,0,148,-1,1,20,0.0,0.0,0,0,0.0,0.0,0,0,BENIGN
53,176,2,2,64,96,32,32,32.0,0.0,48,48,48.0,0.0,909090.9091,22727.27273,58.66666667,96.41749495,170,3,3,3.0,0.0,3,3,3,3.0,0.0,3,3,0,0,64,64,11363.63636,11363.63636,32,48,38.4,8.76356092,76.8,0,0,0,0,0,0,0,0,1,48.0,32.0,48.0,64,2,64,2,96,-1,-1,1,32,0.0,0.0,0,0,0.0,0.0,0,0,BENIGN
50091,48,2,0,37,0,37,0,18.5,26.1629509039,0,0,0.0,0.0,770833.333333333,41666.6666666667,48.0,0.0,48,48,48,48.0,0.0,48,48,0,0.0,0.0,0,0,1,0,64,0,41666.6666666667,0.0,0,37,24.6666666667,21.36195996,456.3333333333,0,1,0,0,1,0,0,0,0,37.0,18.5,0.0,64,2,37,0,0,31,-1,0,32,0.0,0.0,0,0,0.0,0.0,0,0,BENIGN
443,18040425,15,15,3333,6865,745,0,222.2,331.0977844,4015,0,457.6666667,1032.991679,565.2860174,1.662931999,622083.6207,2083037.458,10000000,3,18000000,1288601.786,2906809.785,10000000,4,12700000,907333.4286,2688534.491,10000000,3,0,0,488,488,0.831465999,0.831465999,0,4015,328.9677419,752.8042456,566714.2323,0,0,0,1,0,0,0,0,1,339.9333333,222.2,457.6666667,488,15,3333,15,6865,29200,7682,7,32,1367891.5,1885304.363,2701003,34780,7652319.0,3322509.503,10000000,5302950,BENIGN
53,59199,1,1,42,182,42,42,42.0,0.0,182,182,182.0,0.0,3783.8477,33.78435447,59199.0,0.0,59199,59199,0,0.0,0.0,0,0,0,0.0,0.0,0,0,0,0,20,20,16.89217723,16.89217723,42,182,88.66666667,80.82903769,6533.333333,0,0,0,0,0,0,0,0,1,133.0,42.0,182.0,20,1,42,1,182,-1,-1,0,20,0.0,0.0,0,0,0.0,0.0,0,0,BENIGN
80,36600,3,6,26,11601,20,0,8.666666667,10.26320288,4380,0,1933.5,1757.789948,317677.5956,245.9016393,4575.0,12312.12687,35035,16,35256,17628.0,24762.87948,35138,118,36497,7299.4,15612.37982,35218,16,0,0,72,132,81.96721311,163.9344262,0,4380,1162.7,1645.241762,2706820.456,0,0,0,1,0,0,0,0,2,1291.888889,8.666666667,1933.5,72,3,26,6,11601,8192,229,2,20,0.0,0.0,0,0,0.0,0.0,0,0,DDoS
80,7122950,4,0,24,0,6,6,6.0,0.0,0,0,0.0,0.0,3.369390491,0.561565082,2374316.667,4111574.569,7121954,0,7122950,2374316.667,4111574.569,7121954,0,0,0.0,0.0,0,0,0,0,80,0,0.561565082,0.0,6,6,6.0,0.0,0.0,0,0,0,0,1,0,0,0,0,7.5,6.0,0.0,80,4,24,0,0,256,-1,3,20,996.0,0.0,996,996,7121954.0,0.0,7121954,7121954,DDoS
443,115696749,21,17,785,6049,342,0,37.38095238,84.00385479,2920,0,355.8235294,784.13011,59.06821116,0.328444838,3126939.162,4618594.575,10000000,4,116000000,5784837.45,4939677.477,10000000,4,110000000,6889365.688,4788208.151,10000000,191,0,0,432,484,0.18150899,0.146935849,0,2920,175.2307692,537.1240894,288502.2874,0,0,0,1,0,0,0,0,0,179.8421053,37.38095238,355.8235294,432,21,785,17,6049,8192,62,20,20,20491.5,18582.22989,79496,14997,9620903.917,1312963.188,10000000,5451686,BENIGN
53,169539,2,2,58,416,29,29,29.0,0.0,208,208,208.0,0.0,2795.8168916886,23.593391491,56513.0,97839.2225796996,169488,3,3,3.0,0.0,3,3,48,48.0,0.0,48,48,0,0,64,64,11.7966957455,11.7966957455,29,208,100.6,98.0423377934,9612.3,0,0,0,0,0,0,0,0,1,125.75,29.0,208.0,64,2,58,2,416,-1,-1,1,32,0.0,0.0,0,0,0.0,0.0,0,0,BENIGN
109,49,2,0,4,0,2,2,2.0,0.0,0,0,0.0,0.0,81632.65306,40816.32653,49.0,0.0,49,49,49,49.0,0.0,49,49,0,0.0,0.0,0,0,0,0,48,0,40816.32653,0.0,2,2,2.0,0.0,0.0,0,0,0,1,0,0,0,0,0,3.0,2.0,0.0,48,2,4,0,0,1024,-1,1,24,0.0,0.0,0,0,0.0,0.0,0,0,BENIGN
3646,4,2,0,37,0,31,6,18.5,17.67766953,0,0,0.0,0.0,9250000.0,500000.0,4.0,0.0,4,4,4,4.0,0.0,4,4,0,0.0,0.0,0,0,1,0,40,0,500000.0,0.0,6,31,22.66666667,14.43375673,208.3333333,0,1,0,0,1,0,0,0,0,34.0,18.5,0.0,40,2,37,0,0,119,-1,1,20,0.0,0.0,0,0,0.0,0.0,0,0,BENIGN
80,357528,4,6,764,11595,382,0,191.0,220.5478028,4344,0,1932.5,1977.812908,34567.92195,27.96983733,39725.33333,77810.11201,210991,36,222989,74329.66667,118456.7877,210991,1022,357492,71498.4,102676.2308,223001,53,0,0,136,200,11.18793493,16.7819024,0,4344,1123.545455,1684.399202,2837200.673,0,0,0,1,0,0,0,0,1,1235.9,191.0,1932.5,136,4,764,6,11595,29200,235,2,32,0.0,0.0,0,0,0.0,0.0,0,0,DoS Hulk
49662,145,2,0,12,0,6,6,6.0,0.0,0,0,0.0,0.0,82758.62069,13793.10345,145.0,0.0,145,145,145,145.0,0.0,145,145,0,0.0,0.0,0,0,0,0,40,0,13793.10345,0.0,6,6,6.0,0.0,0.0,0,0,0,0,1,0,0,0,0,9.0,6.0,0.0,40,2,12,0,0,4380,-1,1,20,0.0,0.0,0,0,0.0,0.0,0,0,BENIGN
53,228,2,2,70,344,35,35,35.0,0.0,172,172,172.0,0.0,1815789.474,17543.85965,76.0,92.24424101,179,1,1,1.0,0.0,1,1,48,48.0,0.0,48,48,0,0,64,64,8771.929825,8771.929825,35,172,89.8,75.03799038,5630.7,0,0,0,0,0,0,0,0,1,112.25,35.0,172.0,64,2,70,2,344,-1,-1,1,32,0.0,0.0,0,0,0.0,0.0,0,0,BENIGN
80,98859722,5,7,411,11595,399,0,82.2,177.1219919,4344,0,1656.428571,1760.597234,121.4448084,0.121384116,8987247.455,29800000.0,98700000,2,98700000,24700000.0,49300000.0,98700000,2,98900000,16500000.0,40300000.0,98700000,16,0,0,144,232,0.050576715,0.070807401,0,4344,924.0,1496.237671,2238727.167,1,0,0,0,0,0,0,0,1,1001.0,82.2,1656.428571,144,5,411,7,11595,0,235,2,20,13023.0,0.0,13023,13023,98700000.0,0.0,98700000,98700000,DoS Hulk
80,49004116,2,0,0,0,0,0,0.0,0.0,0,0,0.0,0.0,0.0,0.040812898,49000000.0,0.0,49000000,49000000,49000000,49000000.0,0.0,49000000,49000000,0,0.0,0.0,0,0,0,0,64,0,0.040812898,0.0,0,0,0.0,0.0,0.0,0,0,0,0,1,0,0,0,0,0.0,0.0,0.0,64,2,0,0,0,410,-1,0,32,0.0,0.0,0,0,49000000.0,0.0,49000000,49000000,DoS GoldenEye
53,185,2,2,46,46,23,23,23.0,0.0,23,23,23.0,0.0,497297.2973,21621.62162,61.66666667,105.077749,183,1,1,1.0,0.0,1,1,1,1.0,0.0,1,1,0,0,40,40,10810.81081,10810.81081,23,23,23.0,0.0,0.0,0,0,0,0,0,0,0,0,1,28.75,23.0,23.0,40,2,46,2,46,-1,-1,1,20,0.0,0.0,0,0,0.0,0.0,0,0,BENIGN
1666,54,1,1,2,6,2,2,2.0,0.0,6,6,6.0,0.0,148148.1481,37037.03704,54.0,0.0,54,54,0,0.0,0.0,0,0,0,0.0,0.0,0,0,0,0,24,20,18518.51852,18518.51852,2,6,3.333333333,2.309401077,5.333333333,0,0,0,1,0,0,0,0,1,5.0,2.0,6.0,24,1,2,1,6,1024,0,0,24,0.0,0.0,0,0,0.0,0.0,0,0,PortScan
443,110338274,12,12,72,0,6,6,6.0,0.0,0,0,0.0,0.0,0.652538756,0.217512919,4797316.261,5097543.56,10000000,23888,110000000,10000000.0,14288.9692,10100000,10000000,110000000,10000000.0,14414.78472,10100000,10000000,0,0,240,384,0.108756459,0.108756459,0,6,3.12,3.059411708,9.36,0,0,0,0,1,0,0,0,1,3.25,6.0,0.0,240,12,72,12,0,252,89,11,20,24072.90909,149.9349556,24410,23888,10000000.0,14304.68368,10000000,9999573,BENIGN
1501,77,1,1,0,6,0,0,0.0,0.0,6,6,6.0,0.0,77922.07792,25974.02597,77.0,0.0,77,77,0,0.0,0.0,0,0,0,0.0,0.0,0,0,0,0,40,20,12987.01299,12987.01299,0,6,2.0,3.464101615,12.0,0,0,0,1,0,0,0,0,1,3.0,0.0,6.0,40,1,0,1,6,29200,0,0,40,0.0,0.0,0,0,0.0,0.0,0,0,PortScan
443,115866199,104,165,2442,240514,517,0,23.48076923,86.12375165,2920,0,1457.660606,601.5334216,2096.866921,2.321643433,432336.5634,2006601.059,10000000,3,116000000,1124914.553,3130702.632,10000000,3,111000000,675319.5915,2514541.605,10000000,166,0,0,2092,3444,0.897587052,1.424056381,0,2920,899.837037,845.1269912,714239.6313,0,0,0,1,0,0,0,0,1,903.1821561,23.48076923,1457.660606,2092,104,2442,165,240514,8192,66,103,20,68038.75,154638.5801,559082,23263,9587477.583,1416329.867,10000000,5090201,BENIGN
80,100127901,9,7,316,11595,310,0,35.11111111,103.1024302,5792,0,1656.428571,2118.227235,118.9578517,0.15979562,6675193.4,25800000.0,100000000,1,100000000,12500000.0,35300000.0,100000000,1,148675,24779.16667,54797.03514,136212,38,0,0,284,232,0.089885036,0.069910584,0,5792,700.6470588,1538.634498,2367396.118,0,0,0,0,1,0,0,0,0,744.4375,35.11111111,1656.428571,284,9,316,7,11595,274,235,2,20,10.0,0.0,10,10,100000000.0,0.0,100000000,100000000,DoS Hulk
1124,49,2,2,4,12,2,2,2.0,0.0,6,6,6.0,0.0,326530.6122,81632.65306,16.33333333,18.58314649,37,1,49,49.0,0.0,49,49,1,1.0,0.0,1,1,0,0,48,40,40816.32653,40816.32653,2,6,3.6,2.19089023,4.8,0,0,0,1,0,0,0,0,1,4.5,2.0,6.0,48,2,4,2,12,1024,0,1,24,0.0,0.0,0,0,0.0,0.0,0,0,BENIGN
53,257,2,2,72,454,36,36,36.0,0.0,227,227,227.0,0.0,2046692.607,15564.20233,85.66666667,146.6469684,255,1,1,1.0,0.0,1,1,1,1.0,0.0,1,1,0,0,64,64,7782.101167,7782.101167,36,227,112.4,104.6150085,10944.3,0,0,0,0,0,0,0,0,1,140.5,36.0,227.0,64,2,72,2,454,-1,-1,1,32,0.0,0.0,0,0,0.0,0.0,0,0,BENIGN
53,72212,1,1,55,145,55,55,55.0,0.0,145,145,145.0,0.0,2769.6227773777,27.6962277738,72212.0,0.0,72212,72212,0,0.0,0.0,0,0,0,0.0,0.0,0,0,0,0,40,32,13.8481138869,13.8481138869,55,145,85.0,51.9615242271,2700.0,0,0,0,0,0,0,0,0,1,127.5,55.0,145.0,40,1,55,1,145,-1,-1,0,40,0.0,0.0,0,0,0.0,0.0,0,0,BENIGN
80,559135,3,4,26,11601,20,0,8.666666667,10.26320288,8760,0,2900.25,4128.319301,20794.62026,12.51933791,93189.16667,223820.5174,550011,39,8511,4255.5,5954.546204,8466,45,559096,186365.3333,314951.439,550011,570,0,0,72,92,5.365430531,7.153907375,0,8760,1453.375,3113.952607,9696700.839,0,0,0,1,0,0,0,0,1,1661.0,8.666666667,2900.25,72,3,26,4,11601,8192,229,2,20,0.0,0.0,0,0,0.0,0.0,0,0,DDoS
443,226672,9,7,528,4513,200,0,58.66666667,79.98281065,1430,0,644.7142857,693.433658,22239.18261,70.58657443,15111.46667,21395.88542,71091,3,226672,28334.0,25232.16156,71091,3,101537,16922.83333,21926.98769,50212,3,0,0,192,152,39.70494812,30.88162631,0,1430,296.5294118,523.3334403,273877.8897,0,0,0,1,0,0,0,0,0,315.0625,58.66666667,644.7142857,192,9,528,7,4513,8192,343,8,20,0.0,0.0,0,0,0.0,0.0,0,0,BENIGN
123,69098083,2,2,96,96,48,48,48.0,0.0,48,48,48.0,0.0,2.778658852,0.057888726,23000000.0,39700000.0,68900000,89868,69000000,69000000.0,0.0,69000000,69000000,69000000,69000000.0,0.0,69000000,69000000,0,0,52,52,0.028944363,0.028944363,48,48,48.0,0.0,0.0,0,0,0,0,0,0,0,0,1,60.0,48.0,48.0,52,2,96,2,96,-1,-1,1,20,89868.0,0.0,89868,89868,68900000.0,0.0,68900000,68900000,BENIGN
59671,11067556,1,6,6,36,6,6,6.0,0.0,6,6,6.0,0.0,3.794875761,0.632479294,1844592.667,4503711.793,11000000,3,0,0.0,0.0,0,0,11000000,2208742.8,4935558.225,11000000,3,0,0,20,120,0.090354185,0.542125109,6,6,6.0,0.0,0.0,0,0,0,0,1,1,0,0,6,6.857142857,6.0,6.0,20,1,6,6,36,229,0,0,20,29819.0,0.0,29819,29819,11000000.0,0.0,11000000,11000000,BENIGN
57681,10205704,1,6,6,36,6,6,6.0,0.0,6,6,6.0,0.0,4.115345693,0.685890949,1700950.667,4162632.438,10200000,17,0,0.0,0.0,0,0,10200000,2040347.2,4560204.049,10200000,17,0,0,20,120,0.097984421,0.587906528,6,6,6.0,0.0,0.0,0,0,0,0,1,1,0,0,6,6.857142857,6.0,6.0,20,1,6,6,36,229,0,0,20,7816.0,0.0,7816,7816,10200000.0,0.0,10200000,10200000,BENIGN
80,98638669,9,6,307,11595,307,0,34.11111111,102.3333333,4344,0,1932.5,1754.831473,120.6626176,0.152070178,7045619.214,26300000.0,98500000,1,98500000,12300000.0,34800000.0,98500000,1,152459,30491.8,59972.35265,137147,34,0,0,296,200,0.091242107,0.060828071,0,4344,743.875,1391.525632,1936343.583,0,0,0,0,1,0,0,0,0,793.4666667,34.11111111,1932.5,296,9,307,6,11595,251,235,1,32,1991.0,0.0,1991,1991,98500000.0,0.0,98500000,98500000,DoS Hulk
80,7596821,4,0,24,0,6,6,6.0,0.0,0,0,0.0,0.0,3.159216204,0.526536034,2532273.667,4384279.01,7594803,1000,7596821,2532273.667,4384279.01,7594803,1000,0,0.0,0.0,0,0,0,0,80,0,0.526536034,0.0,6,6,6.0,0.0,0.0,0,0,0,0,1,0,0,0,0,7.5,6.0,0.0,80,4,24,0,0,256,-1,3,20,2018.0,0.0,2018,2018,7594803.0,0.0,7594803,7594803,DDoS
80,9476613,7,5,50,11607,20,0,7.142857143,6.094494002,5840,0,2321.4,3173.373883,1230.080832,1.266275198,861510.2727,2415582.164,8043201,3,9392099,1565349.833,3218867.583,8043201,4,85408,21352.0,41974.0083,84310,3,0,0,152,112,0.738660532,0.527614666,0,5840,897.1538462,2174.910107,4730233.974,0,0,0,0,1,0,0,0,0,971.9166667,7.142857143,2321.4,152,7,50,5,11607,256,229,5,20,1347983.0,0.0,1347983,1347983,8043201.0,0.0,8043201,8043201,DDoS
1026,19,1,1,0,6,0,0,0.0,0.0,6,6,6.0,0.0,315789.4737,105263.1579,19.0,0.0,19,19,0,0.0,0.0,0,0,0,0.0,0.0,0,0,0,0,40,20,52631.57895,52631.57895,0,6,2.0,3.464101615,12.0,0,0,0,1,0,0,0,0,1,3.0,0.0,6.0,40,1,0,1,6,29200,0,0,40,0.0,0.0,0,0,0.0,0.0,0,0,PortScan
389,28608,11,4,172,326,79,0,15.63636364,31.4492376,163,0,81.5,94.10809388,17407.71812,524.3288591,2043.428571,7537.64263,28232,1,28608,2860.8,8914.631416,28232,1,28427,9475.666667,16406.27393,28420,3,0,0,368,144,384.50783,139.8210291,0,163,31.125,57.86060836,3347.85,0,0,0,1,0,0,0,0,0,33.2,15.63636364,81.5,368,11,172,4,326,29200,2081,4,32,0.0,0.0,0,0,0.0,0.0,0,0,BENIGN
21,9103217,9,15,107,188,26,0,11.88888889,9.726824308,34,0,12.53333333,14.54975045,32.40612632,2.636430616,395792.0435,1047087.305,3466368,3,5769899,721237.375,1375382.722,3510569,3,9103095,650221.0714,1295101.149,3466368,3,0,0,296,488,0.988661481,1.647769135,0,34,11.8,12.69514343,161.1666667,0,0,0,1,0,0,0,0,1,12.29166667,11.88888889,12.53333333,296,9,107,15,188,29200,227,6,32,0.0,0.0,0,0,0.0,0.0,0,0,FTP-Patator
80,264335,3,4,26,11601,20,0,8.666666667,10.26320288,8760,0,2900.25,4128.319301,43985.85129,26.48154804,44055.83333,96290.21392,239635,52,24455,12227.5,16889.24547,24170,285,264237,88079.0,131808.6473,239635,193,0,0,72,92,11.34923487,15.13231316,0,8760,1453.375,3113.952607,9696700.839,0,0,0,1,0,0,0,0,1,1661.0,8.666666667,2900.25,72,3,26,4,11601,8192,229,2,20,0.0,0.0,0,0,0.0,0.0,0,0,DDoS
443,78989,10,5,713,479,469,0,71.3,147.2873608517,341,0,95.8,149.5299301143,15090.7088328755,189.8998594741,5642.0714285714,9586.3340427465,23440,3,78989,8776.5555555556,11507.5697598484,24511,3,50446,12611.5,13420.2312076457,24235,360,0,0,332,168,126.5999063161,63.299953158,0,469,74.5,139.6662688936,19506.6666666667,0,0,0,1,0,0,0,0,0,79.4666666667,71.3,95.8,332,10,713,5,479,65535,972,5,32,0.0,0.0,0,0,0.0,0.0,0,0,BENIGN
32774,98,1,1,0,6,0,0,0.0,0.0,6,6,6.0,0.0,61224.4898,20408.16327,98.0,0.0,98,98,0,0.0,0.0,0,0,0,0.0,0.0,0,0,0,0,40,20,10204.08163,10204.08163,0,6,2.0,3.464101615,12.0,0,0,0,1,0,0,0,0,1,3.0,0.0,6.0,40,1,0,1,6,29200,0,0,40,0.0,0.0,0,0,0.0,0.0,0,0,PortScan
443,2704647,11,13,1540,8482,461,0,140.0,181.7547799,1460,0,652.4615385,609.1184361,3705.474319,8.873616409,117593.3478,362311.023,1749159,4,955484,95548.4,102239.5032,274978,242,2675670,222972.5,488952.2245,1749255,4,0,0,256,272,4.067074188,4.806542222,0,1460,400.88,521.0090626,271450.4433,0,0,0,1,0,0,0,0,1,417.5833333,140.0,652.4615385,256,11,1540,13,8482,8192,33,8,20,0.0,0.0,0,0,0.0,0.0,0,0,BENIGN
22939,58,1,1,2,6,2,2,2.0,0.0,6,6,6.0,0.0,137931.0345,34482.75862,58.0,0.0,58,58,0,0.0,0.0,0,0,0,0.0,0.0,0,0,0,0,24,20,17241.37931,17241.37931,2,6,3.333333333,2.309401077,5.333333333,0,0,0,1,0,0,0,0,1,5.0,2.0,6.0,24,1,2,1,6,1024,0,0,24,0.0,0.0,0,0,0.0,0.0,0,0,PortScan
10012,42,1,1,2,6,2,2,2.0,0.0,6,6,6.0,0.0,190476.1905,47619.04762,42.0,0.0,42,42,0,0.0,0.0,0,0,0,0.0,0.0,0,0,0,0,24,20,23809.52381,23809.52381,2,6,3.333333333,2.309401077,5.333333333,0,0,0,1,0,0,0,0,1,5.0,2.0,6.0,24,1,2,1,6,1024,0,0,24,0.0,0.0,0,0,0.0,0.0,0,0,PortScan
53,109873,2,2,56,476,28,28,28.0,0.0,238,238,238.0,0.0,4841.953892,36.40566836,36624.33333,63430.00997,109867,3,3,3.0,0.0,3,3,3,3.0,0.0,3,3,0,0,64,64,18.20283418,18.20283418,28,238,112.0,115.0217371,13230.0,0,0,0,0,0,0,0,0,1,140.0,28.0,238.0,64,2,56,2,476,-1,-1,1,32,0.0,0.0,0,0,0.0,0.0,0,0,BENIGN
53,624,1,1,81,163,81,81,81.0,0.0,163,163,163.0,0.0,391025.641,3205.128205,624.0,0.0,624,624,0,0.0,0.0,0,0,0,0.0,0.0,0,0,0,0,32,32,1602.564103,1602.564103,81,163,108.3333333,47.34272207,2241.333333,0,0,0,0,0,0,0,0,1,162.5,81.0,163.0,32,1,81,1,163,-1,-1,0,32,0.0,0.0,0,0,0.0,0.0,0,0,BENIGN
53,50604,1,1,49,88,49,49,49.0,0.0,88,88,88.0,0.0,2707.295866,39.52256739,50604.0,0.0,50604,50604,0,0.0,0.0,0,0,0,0.0,0.0,0,0,0,0,32,32,19.76128369,19.76128369,49,88,62.0,22.5166605,507.0,0,0,0,0,0,0,0,0,1,93.0,49.0,88.0,32,1,49,1,88,-1,-1,0,32,0.0,0.0,0,0,0.0,0.0,0,0,BENIGN
50300,50,1,1,2,6,2,2,2.0,0.0,6,6,6.0,0.0,160000.0,40000.0,50.0,0.0,50,50,0,0.0,0.0,0,0,0,0.0,0.0,0,0,0,0,24,20,20000.0,20000.0,2,6,3.333333333,2.309401077,5.333333333,0,0,0,1,0,0,0,0,1,5.0,2.0,6.0,24,1,2,1,6,1024,0,0,24,0.0,0.0,0,0,0.0,0.0,0,0,PortScan
53,67426841,3,3,156,309,56,49,52.0,3.6055512755,120,72,103.0,26.8886593195,6.896363423,0.0889853345,13485368.2,28982049.9030484,65306002,440,67426401,33713200.5,44723458.0991197,65337461,2088940,67396255,33698127.5,44700907.0496542,65306442,2089813,0,0,108,72,0.0444926672,0.0444926672,49,120,74.4285714286,31.0099830316,961.619047619,0,0,0,0,0,0,0,0,1,86.8333333333,52.0,103.0,108,3,156,3,309,-1,-1,2,20,2120399.0,0.0,2120399,2120399,65306002.0,0.0,65306002,65306002,BENIGN
443,431,2,0,0,0,0,0,0.0,0.0,0,0,0.0,0.0,0.0,4640.37123,431.0,0.0,431,431,431,431.0,0.0,431,431,0,0.0,0.0,0,0,0,0,40,0,4640.37123,0.0,0,0,0.0,0.0,0.0,0,0,0,0,1,0,0,0,0,0.0,0.0,0.0,40,2,0,0,0,350,-1,0,20,0.0,0.0,0,0,0.0,0.0,0,0,BENIGN
80,65101564,117,158,2711,280672,310,0,23.17094017,80.53488113,4380,0,1776.405063,1049.13629,4352.936897,4.224168869,237596.9489,1421688.424,10100000,1,57100000,492483.7759,2078964.192,10200000,3,64900000,413225.7006,1902460.089,10400000,1,0,0,2352,3232,1.797191846,2.426977023,0,4380,1026.75,1177.434338,1386351.621,0,0,0,1,0,0,0,0,1,1030.483636,23.17094017,1776.405063,2352,117,2711,158,280672,8192,190,14,20,1394611.8,2615295.715,6072995,224975,10000000.0,65204.71858,10100000,10000000,BENIGN
3551,49,2,0,4,0,2,2,2.0,0.0,0,0,0.0,0.0,81632.65306,40816.32653,49.0,0.0,49,49,49,49.0,0.0,49,49,0,0.0,0.0,0,0,0,0,48,0,40816.32653,0.0,2,2,2.0,0.0,0.0,0,0,0,1,0,0,0,0,0,3.0,2.0,0.0,48,2,4,0,0,1024,-1,1,24,0.0,0.0,0,0,0.0,0.0,0,0,BENIGN
443,118564399,158,214,7201,376291,731,0,45.57594937,140.1933285,4380,0,1758.369159,990.8528499,3234.461636,3.137535408,319580.5903,1714764.407,10000000,1,119000000,755187.2548,2583670.642,10000000,3,113000000,532468.1925,2219486.278,10000000,49,0,0,3172,4424,1.332609125,1.804926283,0,4380,1028.128686,1135.822373,1290092.462,0,0,0,1,0,0,0,0,1,1030.892473,45.57594937,1758.369159,3172,158,7201,214,376291,8192,1346,157,20,290971.75,927154.9041,3235083,22876,9589394.5,1405738.057,10000000,5125596,BENIGN
80,102446274,8,7,397,11595,379,0,49.625,133.1207159,5792,0,1656.428571,2429.118623,117.0564778,0.146418209,7317591.0,26500000.0,99400000,2,102000000,14600000.0,37400000.0,99400000,112,102000000,17100000.0,41800000.0,102000000,2,0,0,244,232,0.078089712,0.068328498,0,5792,749.875,1746.554279,3050451.85,1,0,0,0,0,0,0,0,0,799.8666667,49.625,1656.428571,244,8,397,7,11595,0,235,3,20,14008.0,0.0,14008,14008,99400000.0,0.0,99400000,99400000,DoS Hulk
32768,81,1,1,2,6,2,2,2.0,0.0,6,6,6.0,0.0,98765.4321,24691.35802,81.0,0.0,81,81,0,0.0,0.0,0,0,0,0.0,0.0,0,0,0,0,24,20,12345.67901,12345.67901,2,6,3.333333333,2.309401077,5.333333333,0,0,0,1,0,0,0,0,1,5.0,2.0,6.0,24,1,2,1,6,1024,0,0,24,0.0,0.0,0,0,0.0,0.0,0,0,PortScan
53,327795,1,1,43,88,43,43,43.0,0.0,88,88,88.0,0.0,399.6400189,6.101374335,327795.0,0.0,327795,327795,0,0.0,0.0,0,0,0,0.0,0.0,0,0,0,0,20,20,3.050687167,3.050687167,43,88,58.0,25.98076211,675.0,0,0,0,0,0,0,0,0,1,87.0,43.0,88.0,20,1,43,1,88,-1,-1,0,20,0.0,0.0,0,0,0.0,0.0,0,0,BENIGN
2229,25316,2,2,12,12,6,6,6.0,0.0,6,6,6.0,0.0,948.0170643,158.0028441,8438.666667,14498.42993,25180,51,25231,25231.0,0.0,25231,25231,25265,25265.0,0.0,25265,25265,0,0,40,40,79.00142203,79.00142203,6,6,6.0,0.0,0.0,0,0,0,0,1,1,0,0,1,7.5,6.0,6.0,40,2,12,2,12,206,0,1,20,0.0,0.0,0,0,0.0,0.0,0,0,BENIGN
80,245209,1,1,6,6,6,6,6.0,0.0,6,6,6.0,0.0,48.93784486,8.156307476,245209.0,0.0,245209,245209,0,0.0,0.0,0,0,0,0.0,0.0,0,0,0,0,20,20,4.078153738,4.078153738,6,6,6.0,0.0,0.0,0,0,0,0,1,1,0,0,1,9.0,6.0,6.0,20,1,6,1,6,799,511,0,20,0.0,0.0,0,0,0.0,0.0,0,0,BENIGN
80,100082630,6,7,386,11595,368,0,64.33333333,148.7947132,4344,0,1656.428571,1760.597234,119.7110827,0.12989267,8340219.167,28800000.0,99900000,0,99900000,20000000.0,44700000.0,99900000,0,100000000,16700000.0,40800000.0,99900000,16,0,0,164,232,0.059950463,0.069942207,0,4344,856.2142857,1459.099626,2128971.72,1,0,0,0,0,0,0,0,1,922.0769231,64.33333333,1656.428571,164,6,386,7,11595,0,235,3,20,11012.0,0.0,11012,11012,99900000.0,0.0,99900000,99900000,DoS Hulk
53,195,2,2,68,158,34,34,34.0,0.0,79,79,79.0,0.0,1158974.359,20512.82051,65.0,71.3582511,143,3,49,49.0,0.0,49,49,3,3.0,0.0,3,3,0,0,52,64,10256.41026,10256.41026,34,79,52.0,24.64751509,607.5,0,0,0,0,0,0,0,0,1,65.0,34.0,79.0,52,2,68,2,158,-1,-1,1,20,0.0,0.0,0,0,0.0,0.0,0,0,BENIGN
53171,232050,6,2,11607,26,10135,0,1934.5,4059.461922,20,6,13.0,9.899494937,50131.43719,34.47532859,33150.0,87311.29888,231153,10,232050,46410.0,103274.7858,231153,10,48,48.0,0.0,48,48,0,0,144,40,25.85649644,8.618832148,0,10135,1292.555556,3350.634907,11200000.0,0,0,0,1,0,0,0,0,0,1454.125,1934.5,13.0,144,6,11607,2,26,8192,256,4,20,0.0,0.0,0,0,0.0,0.0,0,0,BENIGN
80,6593,2,0,12,0,6,6,6.0,0.0,0,0,0.0,0.0,1820.11224,303.35204,6593.0,0.0,6593,6593,6593,6593.0,0.0,6593,6593,0,0.0,0.0,0,0,0,0,40,0,303.35204,0.0,6,6,6.0,0.0,0.0,0,0,0,0,1,0,0,0,0,9.0,6.0,0.0,40,2,12,0,0,16425,-1,1,20,0.0,0.0,0,0,0.0,0.0,0,0,BENIGN
80,115512508,16,14,347,144,336,0,21.6875,83.81783323,144,0,10.28571429,38.48561884,4.250621933,0.259712134,3983189.931,4872254.307,10000000,89,116000000,7700833.867,4166183.278,10100000,376,110000000,8499869.077,3763986.514,10100000,553,0,0,332,424,0.138513138,0.121198996,0,336,15.83870968,64.77298654,4195.539785,0,0,0,1,0,0,0,0,0,16.36666667,21.6875,10.28571429,332,16,347,14,144,8192,343,12,20,45418.09091,28371.64952,130958,36620,10000000.0,14932.08098,10000000,9959829,BENIGN
53,82009,1,1,52,180,52,52,52.0,0.0,180,180,180.0,0.0,2828.957797,24.38756722,82009.0,0.0,82009,82009,0,0.0,0.0,0,0,0,0.0,0.0,0,0,0,0,20,20,12.19378361,12.19378361,52,180,94.66666667,73.90083446,5461.333333,0,0,0,0,0,0,0,0,1,142.0,52.0,180.0,20,1,52,1,180,-1,-1,0,20,0.0,0.0,0,0,0.0,0.0,0,0,BENIGN
53,118590473,2,2,109,312,60,49,54.5,7.7781745931,179,133,156.0,32.5269119346,3.5500322189,0.0337295223,39530157.6666667,68415064.0866344,118529069,30403,118559472,118559472.0,0.0,118559472,118559472,118560070,118560070.0,0.0,118560070,118560070,0,0,52,52,0.0168647611,0.0168647611,49,179,94.0,59.0592922409,3488.0,0,0,0,0,0,0,0,0,1,117.5,54.5,156.0,52,2,109,2,312,-1,-1,1,20,30403.0,0.0,30403,30403,118529069.0,0.0,118529069,118529069,BENIGN
53,235,2,2,66,578,33,33,33.0,0.0,289,289,289.0,0.0,2740425.532,17021.2766,78.33333333,129.6160998,228,3,3,3.0,0.0,3,3,4,4.0,0.0,4,4,0,0,40,40,8510.638298,8510.638298,33,289,135.4,140.2169747,19660.8,0,0,0,0,0,0,0,0,1,169.25,33.0,289.0,40,2,66,2,578,-1,-1,1,20,0.0,0.0,0,0,0.0,0.0,0,0,BENIGN
80,1984,6,0,6,0,6,0,1.0,2.449489743,0,0,0.0,0.0,3024.193548,3024.193548,396.8,540.1497015,991,1,1984,396.8,540.1497015,991,1,0,0.0,0.0,0,0,0,0,180,0,3024.193548,0.0,0,6,0.857142857,2.267786838,5.142857143,0,0,0,0,1,0,0,0,0,1.0,1.0,0.0,180,6,6,0,0,274,-1,1,20,0.0,0.0,0,0,0.0,0.0,0,0,DoS Hulk
443,78909,1,2,0,0,0,0,0.0,0.0,0,0,0.0,0.0,0.0,38.01847698,39454.5,53047.85783,76965,1944,0,0.0,0.0,0,0,1944,1944.0,0.0,1944,1944,0,0,32,64,12.67282566,25.34565132,0,0,0.0,0.0,0.0,0,0,0,0,1,1,0,0,2,0.0,0.0,0.0,32,1,0,2,0,346,9,0,32,0.0,0.0,0,0,0.0,0.0,0,0,BENIGN
80,10035705,6,5,2182,953,1460,0,363.6666667,605.6076838,935,0,190.6,416.1403609,312.3846307,1.096086423,1003570.5,3161088.789,10000000,3,10000000,2006948.8,4468352.457,10000000,48,10000000,2504782.5,4997597.802,10000000,3,0,0,140,112,0.597865322,0.498221102,0,1460,261.25,493.8382372,243876.2045,0,0,0,1,0,0,0,0,0,285.0,363.6666667,190.6,140,6,2182,5,953,29200,274,5,20,34578.0,0.0,34578,34578,10000000.0,0.0,10000000,10000000,BENIGN
53,30573,2,2,86,198,43,43,43.0,0.0,99,99,99.0,0.0,9289.242142,130.8343964,10191.0,17646.13363,30567,3,3,3.0,0.0,3,3,3,3.0,0.0,3,3,0,0,40,40,65.41719818,65.41719818,43,99,65.4,30.67246322,940.8,0,0,0,0,0,0,0,0,1,81.75,43.0,99.0,40,2,86,2,198,-1,-1,1,20,0.0,0.0,0,0,0.0,0.0,0,0,BENIGN
21,9326542,9,15,115,188,32,0,12.77777778,11.08803159,34,0,12.53333333,14.54975045,32.48792532,2.573301016,405501.8261,1052151.46,3183276,3,6375084,796885.5,1472003.166,3226988,3,9326434,666173.8571,1298626.507,3183276,3,0,0,296,488,0.964987881,1.608313135,0,34,12.12,13.0713427,170.86,0,0,0,1,0,0,0,0,1,12.625,12.77777778,12.53333333,296,9,115,15,188,29200,227,6,32,0.0,0.0,0,0,0.0,0.0,0,0,FTP-Patator
2020,64,1,1,2,6,2,2,2.0,0.0,6,6,6.0,0.0,125000.0,31250.0,64.0,0.0,64,64,0,0.0,0.0,0,0,0,0.0,0.0,0,0,0,0,24,20,15625.0,15625.0,2,6,3.333333333,2.309401077,5.333333333,0,0,0,1,0,0,0,0,1,5.0,2.0,6.0,24,1,2,1,6,1024,0,0,24,0.0,0.0,0,0,0.0,0.0,0,0,PortScan
80,51128,3,4,564,154,564,0,188.0,325.6255518229,154,0,38.5,77.0,14043.1857299327,136.9112814896,8521.3333333333,12694.7159191006,25005,4,25409,12704.5,17173.5023946777,24848,561,26321,8773.6666666667,14582.3675146848,25607,4,0,0,104,136,58.6762634955,78.2350179941,0,564,89.75,199.0590364691,39624.5,0,0,0,1,0,0,0,0,1,102.5714285714,188.0,38.5,104,3,564,4,154,29200,31,1,32,0.0,0.0,0,0,0.0,0.0,0,0,BENIGN
53,137,2,2,70,166,35,35,35.0,0.0,83,83,83.0,0.0,1722627.737,29197.08029,45.66666667,73.90083446,131,3,3,3.0,0.0,3,3,3,3.0,0.0,3,3,0,0,40,40,14598.54015,14598.54015,35,83,54.2,26.29068276,691.2,0,0,0,0,0,0,0,0,1,67.75,35.0,83.0,40,2,70,2,166,-1,-1,1,20,0.0,0.0,0,0,0.0,0.0,0,0,BENIGN
7627,42,1,1,0,6,0,0,0.0,0.0,6,6,6.0,0.0,142857.1429,47619.04762,42.0,0.0,42,42,0,0.0,0.0,0,0,0,0.0,0.0,0,0,0,0,40,20,23809.52381,23809.52381,0,6,2.0,3.464101615,12.0,0,0,0,1,0,0,0,0,1,3.0,0.0,6.0,40,1,0,1,6,29200,0,0,40,0.0,0.0,0,0,0.0,0.0,0,0,PortScan
60972,231,2,0,0,0,0,0,0.0,0.0,0,0,0.0,0.0,0.0,8658.008658,231.0,0.0,231,231,231,231.0,0.0,231,231,0,0.0,0.0,0,0,0,0,64,0,8658.008658,0.0,0,0,0.0,0.0,0.0,0,0,0,0,1,0,0,0,0,0.0,0.0,0.0,64,2,0,0,0,340,-1,0,32,0.0,0.0,0,0,0.0,0.0,0,0,BENIGN
80,1150430,4,7,307,11595,307,0,76.75,153.5,4344,0,1656.428571,1757.579003,10345.69683,9.561642169,115043.0,312808.274,996969,2,1012978,337659.3333,571021.6621,996969,1018,153372,25562.0,55050.88981,137185,2,0,0,144,232,3.476960789,6.08468138,0,4344,991.8333333,1538.306083,2366385.606,0,0,0,1,0,0,0,0,1,1082.0,76.75,1656.428571,144,4,307,7,11595,29200,235,1,32,0.0,0.0,0,0,0.0,0.0,0,0,DoS Hulk
1719,12,1,1,2,6,2,2,2.0,0.0,6,6,6.0,0.0,666666.6667,166666.6667,12.0,0.0,12,12,0,0.0,0.0,0,0,0,0.0,0.0,0,0,0,0,24,20,83333.33333,83333.33333,2,6,3.333333333,2.309401077,5.333333333,0,0,0,1,0,0,0,0,1,5.0,2.0,6.0,24,1,2,1,6,1024,0,0,24,0.0,0.0,0,0,0.0,0.0,0,0,PortScan
53,23173,1,1,56,84,56,56,56.0,0.0,84,84,84.0,0.0,6041.513831,86.30734044,23173.0,0.0,23173,23173,0,0.0,0.0,0,0,0,0.0,0.0,0,0,0,0,20,20,43.15367022,43.15367022,56,84,65.33333333,16.16580754,261.3333333,0,0,0,0,0,0,0,0,1,98.0,56.0,84.0,20,1,56,1,84,-1,-1,0,20,0.0,0.0,0,0,0.0,0.0,0,0,BENIGN
1124,37,1,1,2,6,2,2,2.0,0.0,6,6,6.0,0.0,216216.2162,54054.05405,37.0,0.0,37,37,0,0.0,0.0,0,0,0,0.0,0.0,0,0,0,0,24,20,27027.02703,27027.02703,2,6,3.333333333,2.309401077,5.333333333,0,0,0,1,0,0,0,0,1,5.0,2.0,6.0,24,1,2,1,6,1024,0,0,24,0.0,0.0,0,0,0.0,0.0,0,0,PortScan
80,1020445,4,5,326,11595,326,0,81.5,163.0,7240,0,2319.0,3331.638186,11682.15827,8.819681609,127555.625,352550.5457,999955,2,1016918,338972.6667,572490.2931,999955,2,20453,5113.25,8061.630702,17008,85,0,0,144,168,3.919858493,4.899823116,0,7240,1192.1,2520.654873,6353700.989,0,0,0,1,0,0,0,0,1,1324.555556,81.5,2319.0,144,4,326,5,11595,29200,235,1,32,0.0,0.0,0,0,0.0,0.0,0,0,DoS Hulk
80,76,2,0,12,0,6,6,6.0,0.0,0,0,0.0,0.0,157894.7368,26315.78947,76.0,0.0,76,76,76,76.0,0.0,76,76,0,0.0,0.0,0,0,0,0,40,0,26315.78947,0.0,6,6,6.0,0.0,0.0,0,0,0,0,1,0,0,0,0,9.0,6.0,0.0,40,2,12,0,0,255,-1,1,20,0.0,0.0,0,0,0.0,0.0,0,0,BENIGN
80,9193724,6,0,36,0,6,6,6.0,0.0,0,0,0.0,0.0,3.915714677,0.652619113,1838744.8,4109319.005,9189718,3,9193724,1838744.8,4109319.005,9189718,3,0,0.0,0.0,0,0,0,0,120,0,0.652619113,0.0,6,6,6.0,0.0,0.0,0,0,0,0,1,0,0,0,0,7.0,6.0,0.0,120,6,36,0,0,256,-1,5,20,4006.0,0.0,4006,4006,9189718.0,0.0,9189718,9189718,DDoS
80,73636347,8,6,56,11607,20,0,7.0,5.656854249,5840,0,1934.5,2538.919278,158.3864555,0.1901235,5664334.385,18700000.0,67700000,2,73600000,10500000.0,25300000.0,67700000,2,12824,2564.8,5158.174066,11764,3,0,0,172,132,0.108642,0.0814815,0,5840,777.9333333,1804.898987,3257660.352,0,0,0,0,1,0,0,0,0,833.5,7.0,1934.5,172,8,56,6,11607,256,229,6,20,1989.0,0.0,1989,1989,36800000.0,43600000.0,67700000,5952857,DDoS
53,23690,2,2,72,328,36,36,36.0,0.0,164,164,164.0,0.0,16884.7615,168.847615,7896.666667,13673.96381,23686,1,3,3.0,0.0,3,3,1,1.0,0.0,1,1,0,0,64,80,84.42380751,84.42380751,36,164,87.2,70.10848736,4915.2,0,0,0,0,0,0,0,0,1,109.0,36.0,164.0,64,2,72,2,328,-1,-1,1,32,0.0,0.0,0,0,0.0,0.0,0,0,BENIGN
515,42,1,1,2,6,2,2,2.0,0.0,6,6,6.0,0.0,190476.1905,47619.04762,42.0,0.0,42,42,0,0.0,0.0,0,0,0,0.0,0.0,0,0,0,0,24,20,23809.52381,23809.52381,2,6,3.333333333,2.309401077,5.333333333,0,0,0,1,0,0,0,0,1,5.0,2.0,6.0,24,1,2,1,6,1024,0,0,24,0.0,0.0,0,0,0.0,0.0,0,0,PortScan
53,182,2,2,92,284,46,46,46.0,0.0,142,142,142.0,0.0,2065934.066,21978.02198,60.66666667,99.01683359,175,3,3,3.0,0.0,3,3,4,4.0,0.0,4,4,0,0,64,64,10989.01099,10989.01099,46,142,84.4,52.58136552,2764.8,0,0,0,0,0,0,0,0,1,105.5,46.0,142.0,64,2,92,2,284,-1,-1,1,32,0.0,0.0,0,0,0.0,0.0,0,0,BENIGN
2107,50,1,1,2,6,2,2,2.0,0.0,6,6,6.0,0.0,160000.0,40000.0,50.0,0.0,50,50,0,0.0,0.0,0,0,0,0.0,0.0,0,0,0,0,24,20,20000.0,20000.0,2,6,3.333333333,2.309401077,5.333333333,0,0,0,1,0,0,0,0,1,5.0,2.0,6.0,24,1,2,1,6,1024,0,0,24,0.0,0.0,0,0,0.0,0.0,0,0,PortScan
53,23769,2,2,58,90,29,29,29.0,0.0,45,45,45.0,0.0,6226.597669,168.2864235,7923.0,13717.8424,23763,3,3,3.0,0.0,3,3,3,3.0,0.0,3,3,0,0,40,40,84.14321175,84.14321175,29,45,35.4,8.76356092,76.8,0,0,0,0,0,0,0,0,1,44.25,29.0,45.0,40,2,58,2,90,-1,-1,1,20,0.0,0.0,0,0,0.0,0.0,0,0,BENIGN
10984,48,2,0,31,0,31,0,15.5,21.92031022,0,0,0.0,0.0,645833.3333,41666.66667,48.0,0.0,48,48,48,48.0,0.0,48,48,0,0.0,0.0,0,0,1,0,40,0,41666.66667,0.0,0,31,20.66666667,17.89785834,320.3333333,0,1,0,0,1,0,0,0,0,31.0,15.5,0.0,40,2,31,0,0,142,-1,0,20,0.0,0.0,0,0,0.0,0.0,0,0,BENIGN
53,250,2,2,78,320,39,39,39.0,0.0,160,160,160.0,0.0,1592000.0,16000.0,83.33333333,103.8476448,200,1,1,1.0,0.0,1,1,49,49.0,0.0,49,49,0,0,64,64,8000.0,8000.0,39,160,87.4,66.27442946,4392.3,0,0,0,0,0,0,0,0,1,109.25,39.0,160.0,64,2,78,2,320,-1,-1,1,32,0.0,0.0,0,0,0.0,0.0,0,0,BENIGN
443,6531677,8,5,369,3942,188,0,46.125,71.01798062,1460,0,788.4,674.9613322,660.0142659,1.9903005,544306.4167,1717167.296,5994656,3,6531677,933096.7143,2232994.602,5994656,3,329765,82441.25,95050.62607,166096,48,0,0,172,112,1.224800308,0.765500192,0,1460,307.9285714,530.2400711,281154.533,0,0,0,1,0,0,0,0,0,331.6153846,46.125,788.4,172,8,369,5,3942,8192,237,7,20,537018.0,0.0,537018,537018,5994656.0,0.0,5994656,5994656,BENIGN
80,100818897,9,6,382,11595,376,0,42.44444444,125.0990719,4344,0,1932.5,1977.812908,118.7971735,0.148781632,7201349.786,26600000.0,99600000,1,101000000,12600000.0,35200000.0,99600000,1,206637,41327.4,81505.84303,186313,56,0,0,292,200,0.089268979,0.059512653,0,4344,748.5625,1486.426048,2209462.396,0,0,0,0,1,0,0,0,0,798.4666667,42.44444444,1932.5,292,9,382,6,11595,251,235,2,20,991.0,0.0,991,991,99600000.0,0.0,99600000,99600000,DoS Hulk
80,63,2,0,12,0,6,6,6.0,0.0,0,0,0.0,0.0,190476.1905,31746.03175,63.0,0.0,63,63,63,63.0,0.0,63,63,0,0.0,0.0,0,0,0,0,40,0,31746.03175,0.0,6,6,6.0,0.0,0.0,0,0,0,0,1,0,0,0,0,9.0,6.0,0.0,40,2,12,0,0,255,-1,1,20,0.0,0.0,0,0,0.0,0.0,0,0,BENIGN
53,135,2,2,64,96,32,32,32.0,0.0,48,48,48.0,0.0,1185185.185,29629.62963,45.0,71.8818475,128,3,4,4.0,0.0,4,4,3,3.0,0.0,3,3,0,0,40,40,14814.81481,14814.81481,32,48,38.4,8.76356092,76.8,0,0,0,0,0,0,0,0,1,48.0,32.0,48.0,40,2,64,2,96,-1,-1,1,20,0.0,0.0,0,0,0.0,0.0,0,0,BENIGN
80,9708553,7,5,50,11607,20,0,7.142857143,6.094494002,8760,0,2321.4,3802.315321,1200.693862,1.236023535,882595.7273,2396226.387,8033074,1,9037947,1506324.5,3222554.878,8033074,1,671385,167846.25,334996.0401,670340,3,0,0,152,112,0.721013729,0.515009806,0,8760,897.1538462,2488.507044,6192667.308,0,0,0,0,1,0,0,0,0,971.9166667,7.142857143,2321.4,152,7,50,5,11607,256,229,5,20,1004045.0,0.0,1004045,1004045,8033074.0,0.0,8033074,8033074,DDoS
53,484,1,1,57,138,57,57,57.0,0.0,138,138,138.0,0.0,402892.562,4132.231405,484.0,0.0,484,484,0,0.0,0.0,0,0,0,0.0,0.0,0,0,0,0,32,32,2066.115702,2066.115702,57,138,84.0,46.7653718,2187.0,0,0,0,0,0,0,0,0,1,126.0,57.0,138.0,32,1,57,1,138,-1,-1,0,32,0.0,0.0,0,0,0.0,0.0,0,0,BENIGN
80,34984471,6,7,373,11595,355,0,62.16666667,143.4885594,5792,0,1656.428571,2120.732252,342.0946396,0.371593442,2915372.583,10000000.0,34800000,2,34800000,6959595.2,15500000.0,34800000,2,35000000,5830731.5,14200000.0,34800000,15,0,0,164,232,0.171504666,0.200088777,0,5792,855.2857143,1665.863113,2775099.912,1,0,0,0,0,0,0,0,1,921.0769231,62.16666667,1656.428571,164,6,373,7,11595,0,235,3,20,10986.0,0.0,10986,10986,34800000.0,0.0,34800000,34800000,DoS Hulk
53,109515,2,2,74,280,37,37,37.0,0.0,140,140,140.0,0.0,3232.433913,36.52467698,36505.0,63059.70909,109320,4,4,4.0,0.0,4,4,191,191.0,0.0,191,191,0,0,64,40,18.26233849,18.26233849,37,140,78.2,56.41542342,3182.7,0,0,0,0,0,0,0,0,1,97.75,37.0,140.0,64,2,74,2,280,-1,-1,1,32,0.0,0.0,0,0,0.0,0.0,0,0,BENIGN
443,115540949,40,41,2363,55705,398,0,59.075,122.2270664347,4380,0,1358.6585365854,1199.1835474554,502.5750653995,0.7010501532,1444261.8625,3476975.07271078,10009462,2,115540949,2962588.43589744,4543616.74968355,10032727,3,110774101,2769352.525,4525643.77172383,10032535,84,0,0,812,964,0.3461976065,0.3548525467,0,4380,708.1463414634,1070.4061317845,1145769.28696176,0,0,0,1,0,0,0,0,1,716.8888888889,59.075,1358.6585365854,812,40,2363,41,55705,8192,1114,39,20,73282.1818181818,166141.981087754,574219,23073,9997096.54545455,16150.3559178344,10009462,9949566,BENIGN
53,299,2,2,90,122,45,45,45.0,0.0,61,61,61.0,0.0,709030.1003,13377.92642,99.66666667,166.5663031,292,3,3,3.0,0.0,3,3,4,4.0,0.0,4,4,0,0,64,64,6688.963211,6688.963211,45,61,51.4,8.76356092,76.8,0,0,0,0,0,0,0,0,1,64.25,45.0,61.0,64,2,90,2,122,-1,-1,1,32,0.0,0.0,0,0,0.0,0.0,0,0,BENIGN
443,5653423,7,3,599,141,517,0,85.57142857,191.3085267,141,0,47.0,81.40638796,130.8941503,1.768839869,628158.1111,1839517.069,5533247,25,5653423,942237.1667,2279343.217,5594880,49,96127,48063.5,22768.13125,64163,31964,0,0,232,104,1.238187908,0.530651961,0,517,67.27272727,155.2257008,24095.01818,0,0,0,1,0,0,0,0,0,74.0,85.57142857,47.0,232,7,599,3,141,29200,59,3,32,120127.0,0.0,120127,120127,5533247.0,0.0,5533247,5533247,BENIGN
443,4105076,10,10,1353,4010,976,0,135.3,304.0160997199,1460,0,401.0,594.3063183241,1306.4313547423,4.8720169858,216056.631578947,849593.632374143,3722895,49,4105076,456119.555555556,1225491.55008298,3722895,88,300928,33436.4444444444,40296.3719896442,97619,49,0,0,212,208,2.4360084929,2.4360084929,0,1460,255.380952381,470.7491344857,221604.747619048,0,0,0,1,0,0,0,0,1,268.15,135.3,401.0,212,10,1353,10,4010,8192,5697,9,20,0.0,0.0,0,0,0.0,0.0,0,0,BENIGN
443,4860169,5,1,123,46,46,0,24.6,23.27659769,46,46,46.0,0.0,34.77245339,1.234524972,972033.8,2153798.775,4824772,3,4860169,1215042.25,2406542.334,4824772,3,0,0.0,0.0,0,0,1,0,160,32,1.02877081,0.205754162,0,46,30.71428571,21.68497395,470.2380952,0,1,0,0,1,0,0,0,0,35.83333333,24.6,46.0,160,5,123,1,46,328,122,2,32,0.0,0.0,0,0,0.0,0.0,0,0,BENIGN
443,71872555,24,31,2629,5673,520,0,109.5416667,151.7377541,1430,0,183.0,396.6963574,115.5100163,0.765243423,1330973.241,7961988.528,58300000,3,71900000,3124893.696,12100000.0,58400000,638,71600000,2387864.567,10700000.0,58400000,3,0,0,504,632,0.333924403,0.43131902,0,1430,148.25,311.7683435,97199.5,0,0,0,1,0,0,0,0,1,150.9454545,109.5416667,183.0,504,24,2629,31,5673,8192,393,22,20,3641859.5,2436380.962,5364641,1919078,32200000.0,37000000.0,58300000,6012646,BENIGN
80,3002770,3,0,0,0,0,0,0.0,0.0,0,0,0.0,0.0,0.0,0.999077518,1501385.0,710612.6166,2003864,998906,3002770,1501385.0,710612.6166,2003864,998906,0,0.0,0.0,0,0,0,0,120,0,0.999077518,0.0,0,0,0.0,0.0,0.0,0,0,0,1,0,0,0,0,0,0.0,0.0,0.0,120,3,0,0,0,29200,-1,0,40,0.0,0.0,0,0,0.0,0.0,0,0,DoS slowloris
443,5521478,6,4,611,164,517,0,101.8333333333,204.305082332,152,0,41.0,74.0540343263,140.3609685668,1.8111092718,613497.555555556,1793361.47078734,5395490,11,5521478,1104295.6,2433929.25682564,5458139,43,102795,34265.0,40322.4047025968,78796,225,0,0,132,92,1.0866655631,0.7244437087,0,517,70.4545454545,154.7568180316,23949.6727272727,0,0,0,1,0,0,0,0,0,77.5,101.8333333333,41.0,132,6,611,4,164,8192,946,5,20,125945.0,0.0,125945,125945,5395490.0,0.0,5395490,5395490,BENIGN
80,656189,3,5,26,11601,20,0,8.666666667,10.26320288,5840,0,2320.2,2436.833027,17718.98035,12.19160943,93741.28571,245646.3296,650806,84,4471,2235.5,2648.114896,4108,363,656038,164009.5,324536.504,650806,186,0,0,72,112,4.571853536,7.619755894,0,5840,1291.888889,2110.95076,4456113.111,0,0,0,1,0,0,0,0,1,1453.375,8.666666667,2320.2,72,3,26,5,11601,8192,229,2,20,0.0,0.0,0,0,0.0,0.0,0,0,DDoS
53708,374373,15,8,20514,0,2920,0,1367.6,1158.048593,0,0,0.0,0.0,54795.61827,61.43605442,17016.95455,65537.45582,305476,2,374373,26740.92857,81599.31831,305476,2,361753,51679.0,113918.118,305692,3,0,0,324,184,40.06699201,21.36906241,0,2920,854.75,1128.594287,1273725.065,0,0,0,1,0,0,0,0,0,891.9130435,1367.6,0.0,324,15,20514,8,0,8192,389,10,20,0.0,0.0,0,0,0.0,0.0,0,0,BENIGN
80,90739263,8,4,56,11601,20,0,7.0,5.656854249,8760,0,2900.25,4128.319301,128.4669901,0.132247052,8249023.909,25800000.0,85900000,6,90600000,12900000.0,32200000.0,85900000,6,156799,52266.33333,83080.91971,148079,190,0,0,172,92,0.088164701,0.044082351,0,8760,897.1538462,2488.507044,6192667.308,0,0,0,0,1,0,0,0,0,971.9166667,7.0,2900.25,172,8,56,4,11601,256,229,6,20,4711600.0,0.0,4711600,4711600,85900000.0,0.0,85900000,85900000,DDoS
53281,49,1,1,6,6,6,6,6.0,0.0,6,6,6.0,0.0,244897.959183673,40816.3265306122,49.0,0.0,49,49,0,0.0,0.0,0,0,0,0.0,0.0,0,0,0,0,20,20,20408.1632653061,20408.1632653061,6,6,6.0,0.0,0.0,0,0,0,0,1,1,0,0,1,9.0,6.0,6.0,20,1,6,1,6,60,255,0,20,0.0,0.0,0,0,0.0,0.0,0,0,BENIGN
443,116049606,21,22,1067,8020,628,0,50.8095238095,140.0320031449,2820,0,364.5454545455,735.2461024506,78.3027216827,0.370531202,2763085.85714286,4408304.74035467,10003836,4,116049606,5802480.3,4978055.59575647,10132556,4,111738687,5320889.85714286,5165479.43251572,10132446,4,0,0,432,584,0.1809570986,0.1895741033,0,2820,206.5227272727,546.5685551859,298737.18551797,0,0,0,1,0,0,0,0,1,211.3255813953,50.8095238095,364.5454545455,432,21,1067,22,8020,8192,120,20,20,159512.818181818,102690.746435906,469136,128182,9998588.63636364,4111.9515141291,10003836,9992108,BENIGN
80,85163068,8,7,325,11595,325,0,40.625,114.9048519,5792,0,1656.428571,2118.227235,139.9667753,0.176132687,6083076.286,22700000.0,85000000,0,85000000,12100000.0,32100000.0,85000000,0,152415,25402.5,55932.03794,139081,1,0,0,264,232,0.093937433,0.082195254,0,5792,745.0,1578.033248,2490188.933,0,0,0,0,1,0,0,0,0,794.6666667,40.625,1656.428571,264,8,325,7,11595,251,235,1,32,1001.0,0.0,1001,1001,85000000.0,0.0,85000000,85000000,DoS Hulk
53,31364,2,2,70,326,35,35,35.0,0.0,163,163,163.0,0.0,12625.940568805,127.5347532203,10454.6666666667,18101.0856396331,31356,4,4,4.0,0.0,4,4,4,4.0,0.0,4,4,0,0,64,64,63.7673766101,63.7673766101,35,163,86.2,70.1084873607,4915.2,0,0,0,0,0,0,0,0,1,107.75,35.0,163.0,64,2,70,2,326,-1,-1,1,32,0.0,0.0,0,0,0.0,0.0,0,0,BENIGN
1060,36,1,1,2,6,2,2,2.0,0.0,6,6,6.0,0.0,222222.2222,55555.55556,36.0,0.0,36,36,0,0.0,0.0,0,0,0,0.0,0.0,0,0,0,0,24,20,27777.77778,27777.77778,2,6,3.333333333,2.309401077,5.333333333,0,0,0,1,0,0,0,0,1,5.0,2.0,6.0,24,1,2,1,6,1024,0,0,24,0.0,0.0,0,0,0.0,0.0,0,0,PortScan
443,5248487,9,5,357,3372,200,0,39.66666667,73.03766152,1448,0,674.4,725.009862,710.4904709,2.667435396,403729.7692,1351793.367,4900684,3,5248487,656060.875,1715973.303,4900684,3,209717,52429.25,60399.73495,106368,48,0,0,296,168,1.714779898,0.952655499,0,1448,248.6,500.4599028,250460.1143,0,0,0,1,0,0,0,0,0,266.3571429,39.66666667,674.4,296,9,357,5,3372,29200,122,3,32,0.0,0.0,0,0,0.0,0.0,0,0,BENIGN
443,4796,2,0,12,0,6,6,6.0,0.0,0,0,0.0,0.0,2502.085071,417.0141785,4796.0,0.0,4796,4796,4796,4796.0,0.0,4796,4796,0,0.0,0.0,0,0,0,0,40,0,417.0141785,0.0,6,6,6.0,0.0,0.0,0,0,0,0,1,0,0,0,0,9.0,6.0,0.0,40,2,12,0,0,254,-1,1,20,0.0,0.0,0,0,0.0,0.0,0,0,BENIGN
443,1283512,68,112,2836,206905,362,0,41.70588235,102.5318383,4335,0,1847.366071,861.0366892,163411.7951,140.2402159,7170.458101,32995.13665,274319,0,1279967,19103.98507,55416.81218,274319,1,1260031,11351.63063,44812.19455,298520,1,0,0,1384,2252,52.97963712,87.26057879,0,4335,1158.790055,1111.304964,1234998.722,0,0,0,1,0,0,0,0,1,1165.227778,41.70588235,1847.366071,1384,68,2836,112,206905,8192,1147,66,20,0.0,0.0,0,0,0.0,0.0,0,0,BENIGN
80,2022960,4,0,24,0,6,6,6.0,0.0,0,0,0.0,0.0,11.86380354,1.977300589,674320.0,1167103.568,2021975,4,2022960,674320.0,1167103.568,2021975,4,0,0.0,0.0,0,0,0,0,80,0,1.977300589,0.0,6,6,6.0,0.0,0.0,0,0,0,0,1,0,0,0,0,7.5,6.0,0.0,80,4,24,0,0,256,-1,3,20,0.0,0.0,0,0,0.0,0.0,0,0,DDoS
57306,3,2,0,37,0,37,0,18.5,26.1629509039,0,0,0.0,0.0,12333333.3333333,666666.666666667,3.0,0.0,3,3,3,3.0,0.0,3,3,0,0.0,0.0,0,0,1,0,64,0,666666.666666667,0.0,0,37,24.6666666667,21.36195996,456.3333333333,0,1,0,0,1,0,0,0,0,37.0,18.5,0.0,64,2,37,0,0,65,-1,0,32,0.0,0.0,0,0,0.0,0.0,0,0,BENIGN
53,279,2,2,68,412,34,34,34.0,0.0,206,206,206.0,0.0,1720430.10752688,14336.917562724,93.0,159.3486742963,277,1,1,1.0,0.0,1,1,1,1.0,0.0,1,1,0,0,40,40,7168.458781362,7168.458781362,34,206,102.8,94.2082798909,8875.2,0,0,0,0,0,0,0,0,1,128.5,34.0,206.0,40,2,68,2,412,-1,-1,1,20,0.0,0.0,0,0,0.0,0.0,0,0,BENIGN
80,108666,3,4,429,2267,429,0,143.0,247.6832655,2267,0,566.75,1133.5,24809.96816,64.41757311,18111.0,19722.35917,42057,4,74995,37497.5,6448.106738,42057,32938,75810,25270.0,42854.16521,74750,4,0,0,104,136,27.60753133,36.81004178,0,2267,337.0,794.1552565,630682.5714,0,0,0,1,0,0,0,0,1,385.1428571,143.0,566.75,104,3,429,4,2267,29200,237,1,32,0.0,0.0,0,0,0.0,0.0,0,0,BENIGN
53,167063,1,1,51,103,51,51,51.0,0.0,103,103,103.0,0.0,921.807940717,11.9715316976,167063.0,0.0,167063,167063,0,0.0,0.0,0,0,0,0.0,0.0,0,0,0,0,20,20,5.9857658488,5.9857658488,51,103,68.3333333333,30.0222139979,901.3333333333,0,0,0,0,0,0,0,0,1,102.5,51.0,103.0,20,1,51,1,103,-1,-1,0,20,0.0,0.0,0,0,0.0,0.0,0,0,BENIGN
80,9641940,7,5,50,11601,20,0,7.142857143,6.094494002,5840,0,2320.2,2436.833027,1208.366781,1.244562816,876540.0,2540822.267,8481756,0,8613327,1435554.5,3452168.183,8481756,0,1053055,263263.75,510056.3398,1028155,192,0,0,152,112,0.725994976,0.51856784,0,5840,896.6923077,1830.690552,3351427.897,0,0,0,0,1,0,0,0,0,971.4166667,7.142857143,2320.2,152,7,50,5,11601,256,229,5,20,107027.0,0.0,107027,107027,8481756.0,0.0,8481756,8481756,DDoS
80,136,2,0,12,0,6,6,6.0,0.0,0,0,0.0,0.0,88235.29412,14705.88235,136.0,0.0,136,136,136,136.0,0.0,136,136,0,0.0,0.0,0,0,0,0,40,0,14705.88235,0.0,6,6,6.0,0.0,0.0,0,0,0,0,1,0,0,0,0,9.0,6.0,0.0,40,2,12,0,0,255,-1,1,20,0.0,0.0,0,0,0.0,0.0,0,0,BENIGN
53,157,2,2,102,158,51,51,51.0,0.0,79,79,79.0,0.0,1656050.95541401,25477.7070063694,52.3333333333,84.5832922824,150,3,4,4.0,0.0,4,4,3,3.0,0.0,3,3,0,0,64,64,12738.8535031847,12738.8535031847,51,79,62.2,15.3362316101,235.2,0,0,0,0,0,0,0,0,1,77.75,51.0,79.0,64,2,102,2,158,-1,-1,1,32,0.0,0.0,0,0,0.0,0.0,0,0,BENIGN
21,9176293,9,15,113,188,24,0,12.55555556,10.3091114,34,0,12.53333333,14.54975045,32.80191685,2.615435231,398969.2609,1036783.74,3125625,3,6264139,783017.375,1448162.794,3168520,240,9176168,655440.5714,1279874.516,3125625,3,0,0,296,488,0.980788212,1.634647019,0,34,12.04,12.85327455,165.2066667,0,0,0,1,0,0,0,0,1,12.54166667,12.55555556,12.53333333,296,9,113,15,188,29200,227,6,32,0.0,0.0,0,0,0.0,0.0,0,0,FTP-Patator
80,358769,4,7,716,11595,358,0,179.0,206.6913964,5792,0,1656.428571,2118.227235,34314.55895,30.66039708,35876.9,74467.44428,210007,5,222008,74002.66667,117888.9692,210007,1008,358764,59794.0,96367.70369,222104,10,0,0,136,232,11.1492353,19.51116178,0,5792,1025.916667,1751.723227,3068534.265,0,0,0,1,0,0,0,0,1,1119.181818,179.0,1656.428571,136,4,716,7,11595,29200,235,2,32,0.0,0.0,0,0,0.0,0.0,0,0,DoS Hulk
80,178465,3,5,369,11595,369,0,123.0,213.0422493,7240,0,2319.0,3331.638186,67038.35486,44.82671672,25495.0,60956.61882,163159,4,15003,7501.5,10603.06618,14999,4,178410,44602.5,79348.53456,163159,85,0,0,104,168,16.81001877,28.01669795,0,7240,1329.333333,2634.38973,6940009.25,0,0,0,1,0,0,0,0,1,1495.5,123.0,2319.0,104,3,369,5,11595,29200,235,1,32,0.0,0.0,0,0,0.0,0.0,0,0,DoS Hulk
51648,11953919,1,5,1375,24,1375,1375,1375.0,0.0,6,0,4.8,2.683281573,117.0327488,0.501927443,2390783.8,5338561.019,11900000,3,0,0.0,0.0,0,0,12000000,2987681.25,5968673.881,11900000,3,1,0,20,112,0.083654574,0.418272869,0,1375,396.2857143,668.5927296,447016.2381,0,1,0,0,1,1,0,0,5,462.3333333,1375.0,4.8,20,1,1375,5,24,229,0,0,20,13229.0,0.0,13229,13229,11900000.0,0.0,11900000,11900000,BENIGN
4224,60,1,1,2,6,2,2,2.0,0.0,6,6,6.0,0.0,133333.3333,33333.33333,60.0,0.0,60,60,0,0.0,0.0,0,0,0,0.0,0.0,0,0,0,0,24,20,16666.66667,16666.66667,2,6,3.333333333,2.309401077,5.333333333,0,0,0,1,0,0,0,0,1,5.0,2.0,6.0,24,1,2,1,6,1024,0,0,24,0.0,0.0,0,0,0.0,0.0,0,0,PortScan
3766,55,1,1,0,6,0,0,0.0,0.0,6,6,6.0,0.0,109090.9091,36363.63636,55.0,0.0,55,55,0,0.0,0.0,0,0,0,0.0,0.0,0,0,0,0,40,20,18181.81818,18181.81818,0,6,2.0,3.464101615,12.0,0,0,0,1,0,0,0,0,1,3.0,0.0,6.0,40,1,0,1,6,29200,0,0,40,0.0,0.0,0,0,0.0,0.0,0,0,PortScan
80,85117274,6,7,320,11595,302,0,53.33333333,121.8567465,4344,0,1656.428571,1760.597234,139.9833364,0.152730455,7093106.167,24500000.0,84900000,4,85000000,17000000.0,38000000.0,84900000,4,85100000,14200000.0,34700000.0,84900000,17,0,0,164,232,0.070490979,0.082239476,0,4344,851.5,1460.903869,2134240.115,1,0,0,0,0,0,0,0,1,917.0,53.33333333,1656.428571,164,6,320,7,11595,0,235,3,20,9998.0,0.0,9998,9998,84900000.0,0.0,84900000,84900000,DoS Hulk
80,226,2,0,0,0,0,0,0.0,0.0,0,0,0.0,0.0,0.0,8849.557522,226.0,0.0,226,226,226,226.0,0.0,226,226,0,0.0,0.0,0,0,0,0,64,0,8849.557522,0.0,0,0,0.0,0.0,0.0,0,0,0,0,1,0,0,0,0,0.0,0.0,0.0,64,2,0,0,0,274,-1,0,32,0.0,0.0,0,0,0.0,0.0,0,0,DoS Hulk
53,61903,1,1,50,109,50,50,50.0,0.0,109,109,109.0,0.0,2568.534643,32.30861186,61903.0,0.0,61903,61903,0,0.0,0.0,0,0,0,0.0,0.0,0,0,0,0,32,20,16.15430593,16.15430593,50,109,69.66666667,34.06366588,1160.333333,0,0,0,0,0,0,0,0,1,104.5,50.0,109.0,32,1,50,1,109,-1,-1,0,32,0.0,0.0,0,0,0.0,0.0,0,0,BENIGN
50041,107,1,1,6,6,6,6,6.0,0.0,6,6,6.0,0.0,112149.5327,18691.58879,107.0,0.0,107,107,0,0.0,0.0,0,0,0,0.0,0.0,0,0,0,0,20,20,9345.794393,9345.794393,6,6,6.0,0.0,0.0,0,0,0,0,1,1,0,0,1,9.0,6.0,6.0,20,1,6,1,6,140,32850,0,20,0.0,0.0,0,0,0.0,0.0,0,0,BENIGN
443,64263407,35,37,5145,43173,1588,0,147.0,425.1895771,4380,0,1166.837838,1199.951562,751.8742354,1.120388777,905118.4085,2786043.723,10100000,14,64300000,1890100.206,3834628.798,10200000,63,64200000,1783675.361,3752153.225,10200000,48,0,0,760,812,0.544633433,0.575755344,0,4380,661.890411,1035.035756,1071299.016,0,0,0,1,0,0,0,0,1,671.0833333,147.0,1166.837838,760,35,5145,37,43173,8192,158,12,20,718981.0,1636754.926,4059993,50653,9988256.167,100315.2569,10100000,9798907,BENIGN
53,51750,2,2,68,186,34,34,34.0,0.0,93,93,93.0,0.0,4908.21256,77.29468599,17250.0,29873.54634,51745,1,1,1.0,0.0,1,1,4,4.0,0.0,4,4,0,0,40,40,38.647343,38.647343,34,93,57.6,32.31563089,1044.3,0,0,0,0,0,0,0,0,1,72.0,34.0,93.0,40,2,68,2,186,-1,-1,1,20,0.0,0.0,0,0,0.0,0.0,0,0,BENIGN
80,5202281,3,1,0,0,0,0,0.0,0.0,0,0,0.0,0.0,0.0,0.768893491,1734093.667,3002774.521,5201399,96,5202281,2601140.5,3677320.836,5201399,882,0,0.0,0.0,0,0,0,0,104,40,0.576670118,0.192223373,0,0,0.0,0.0,0.0,0,0,0,1,0,0,0,0,0,0.0,0.0,0.0,104,3,0,1,0,29200,28960,0,32,0.0,0.0,0,0,0.0,0.0,0,0,Web Attack � Brute Force
80,99203119,9,7,391,11595,391,0,43.44444444,130.3333333,4344,0,1656.428571,1757.579003,120.822814,0.161285252,6613541.267,25600000.0,99200000,1,99200000,12400000.0,35100000.0,99200000,1,7812,1302.0,2775.072468,6961,48,0,0,296,232,0.090722954,0.070562298,0,4344,705.0588235,1356.531398,1840177.434,0,0,0,0,1,0,0,0,0,749.125,43.44444444,1656.428571,296,9,391,7,11595,251,235,1,32,2010.0,0.0,2010,2010,99200000.0,0.0,99200000,99200000,DoS Hulk
80,25587,3,4,26,11601,20,0,8.666666667,10.26320288,8760,0,2900.25,4128.319301,454410.4428,273.5764255,4264.5,9667.599221,23987,57,24992,12496.0,16352.55142,24059,933,25515,8505.0,14265.66679,24977,150,0,0,72,92,117.2470395,156.329386,0,8760,1453.375,3113.952607,9696700.839,0,0,0,1,0,0,0,0,1,1661.0,8.666666667,2900.25,72,3,26,4,11601,8192,229,2,20,0.0,0.0,0,0,0.0,0.0,0,0,DDoS
443,117,2,0,12,0,6,6,6.0,0.0,0,0,0.0,0.0,102564.102564103,17094.0170940171,117.0,0.0,117,117,117,117.0,0.0,117,117,0,0.0,0.0,0,0,0,0,40,0,17094.0170940171,0.0,6,6,6.0,0.0,0.0,0,0,0,0,1,0,0,0,0,9.0,6.0,0.0,40,2,12,0,0,16417,-1,1,20,0.0,0.0,0,0,0.0,0.0,0,0,BENIGN
80,1579982,5,0,30,0,6,6,6.0,0.0,0,0,0.0,0.0,18.98755809,3.164593014,394995.5,789314.4766,1578967,1,1579982,394995.5,789314.4766,1578967,1,0,0.0,0.0,0,0,0,0,100,0,3.164593014,0.0,6,6,6.0,0.0,0.0,0,0,0,0,1,0,0,0,0,7.2,6.0,0.0,100,5,30,0,0,256,-1,4,20,0.0,0.0,0,0,0.0,0.0,0,0,DDoS
53,238,2,2,76,300,38,38,38.0,0.0,150,150,150.0,0.0,1579831.93277311,16806.7226890756,79.3333333333,52.5388744963,140,49,49,49.0,0.0,49,49,49,49.0,0.0,49,49,0,0,64,64,8403.3613445378,8403.3613445378,38,150,82.8,61.3449264406,3763.2,0,0,0,0,0,0,0,0,1,103.5,38.0,150.0,64,2,76,2,300,-1,-1,1,32,0.0,0.0,0,0,0.0,0.0,0,0,BENIGN
53,61460,1,1,42,136,42,42,42.0,0.0,136,136,136.0,0.0,2896.192646,32.5414904,61460.0,0.0,61460,61460,0,0.0,0.0,0,0,0,0.0,0.0,0,0,0,0,40,20,16.2707452,16.2707452,42,136,73.33333333,54.2709253,2945.333333,0,0,0,0,0,0,0,0,1,110.0,42.0,136.0,40,1,42,1,136,-1,-1,0,40,0.0,0.0,0,0,0.0,0.0,0,0,BENIGN
80,1982029,5,0,30,0,6,6,6.0,0.0,0,0,0.0,0.0,15.13600457,2.522667428,495507.25,990341.9469,1981020,1,1982029,495507.25,990341.9469,1981020,1,0,0.0,0.0,0,0,0,0,100,0,2.522667428,0.0,6,6,6.0,0.0,0.0,0,0,0,0,1,0,0,0,0,7.2,6.0,0.0,100,5,30,0,0,256,-1,4,20,0.0,0.0,0,0,0.0,0.0,0,0,DDoS
443,115736676,22,23,744,8620,322,0,33.8181818182,77.8157998179,1460,0,374.7826086957,612.8148880017,80.9078014302,0.3888136549,2630379.0,4398650.85993155,10085556,1,115736676,5511270.28571429,5008722.27302699,10100573,3,111345484,5061158.36363636,5150667.57622568,10101455,1,0,0,452,604,0.1900866757,0.1987269792,0,1460,203.5652173913,465.2045978646,216415.317874396,0,0,0,1,0,0,0,0,1,208.0888888889,33.8181818182,374.7826086957,452,22,744,23,8620,8192,31,21,20,44346.6363636364,96709.6374796977,335936,15014,10077957.2727273,20159.0629499038,10085556,10017804,BENIGN
80,882924,3,6,26,11607,20,0,8.666666667,10.26320288,5840,0,1934.5,2538.919278,13175.53946,10.19340283,110365.5,311631.136,881613,47,913,456.5,468.8117959,788,125,882876,176575.2,394128.2925,881613,47,0,0,72,132,3.397800943,6.795601886,0,5840,1163.3,2138.329153,4572451.567,0,0,0,1,0,0,0,0,2,1292.555556,8.666666667,1934.5,72,3,26,6,11607,8192,229,2,20,0.0,0.0,0,0,0.0,0.0,0,0,DDoS
53,91752,2,2,88,662,44,44,44.0,0.0,331,331,331.0,0.0,8174.2087365943,43.5957799285,30584.0,52967.8457462638,91746,3,3,3.0,0.0,3,3,3,3.0,0.0,3,3,0,0,40,40,21.7978899643,21.7978899643,44,331,158.8,157.196374004,24710.7,0,0,0,0,0,0,0,0,1,198.5,44.0,331.0,40,2,88,2,662,-1,-1,1,20,0.0,0.0,0,0,0.0,0.0,0,0,BENIGN
443,5462706,8,6,617,4410,342,0,77.125,126.2281806,1460,0,735.0,776.2463526,920.2398958,2.562832413,420208.1538,1431528.389,5181368,3,5462706,780386.5714,1942268.21,5181368,3,62058,12411.6,15726.34858,34201,49,0,0,172,128,1.464475665,1.098356748,0,1460,335.1333333,581.1655612,337753.4095,0,0,0,1,0,0,0,0,0,359.0714286,77.125,735.0,172,8,617,6,4410,8192,4920,7,20,281335.0,0.0,281335,281335,5181368.0,0.0,5181368,5181368,BENIGN
80,84564,3,5,340,11595,340,0,113.3333333,196.2990915,5792,0,2319.0,2423.629716,141135.7079,94.60290431,12080.57143,26443.30173,71234,46,12994,6497.0,7782.417234,12000,994,84469,21117.25,33951.74278,71234,51,0,0,104,168,35.47608912,59.12681519,0,5792,1326.111111,2081.861934,4334149.111,0,0,0,1,0,0,0,0,1,1491.875,113.3333333,2319.0,104,3,340,5,11595,29200,235,1,32,0.0,0.0,0,0,0.0,0.0,0,0,DoS Hulk
80,94649632,2,1,8,0,8,0,4.0,5.656854249,0,0,0.0,0.0,0.084522251,0.031695844,47300000.0,66900000.0,94600000,40,94600000,94600000.0,0.0,94600000,94600000,0,0.0,0.0,0,0,1,0,64,32,0.021130563,0.010565281,0,8,4.0,4.618802154,21.33333333,0,1,0,0,1,0,0,0,0,5.333333333,4.0,0.0,64,2,8,1,0,229,235,0,32,0.0,0.0,0,0,0.0,0.0,0,0,DoS slowloris
80,98379529,8,5,330,11595,330,0,41.25,116.6726189,8688,0,2319.0,3774.237539,121.2142416,0.132141312,8198294.083,28400000.0,98300000,1,98300000,14000000.0,37200000.0,98300000,1,60163,15040.75,22087.89965,46941,187,0,0,264,168,0.08131773,0.050823581,0,8688,851.7857143,2382.946404,5678433.566,0,0,0,0,1,0,0,0,0,917.3076923,41.25,2319.0,264,8,330,5,11595,274,235,1,32,992.0,0.0,992,992,98300000.0,0.0,98300000,98300000,DoS Hulk
20005,44,1,1,0,6,0,0,0.0,0.0,6,6,6.0,0.0,136363.6364,45454.54545,44.0,0.0,44,44,0,0.0,0.0,0,0,0,0.0,0.0,0,0,0,0,40,20,22727.27273,22727.27273,0,6,2.0,3.464101615,12.0,0,0,0,1,0,0,0,0,1,3.0,0.0,6.0,40,1,0,1,6,29200,0,0,40,0.0,0.0,0,0,0.0,0.0,0,0,PortScan
13722,42,1,1,0,6,0,0,0.0,0.0,6,6,6.0,0.0,142857.1429,47619.04762,42.0,0.0,42,42,0,0.0,0.0,0,0,0,0.0,0.0,0,0,0,0,40,20,23809.52381,23809.52381,0,6,2.0,3.464101615,12.0,0,0,0,1,0,0,0,0,1,3.0,0.0,6.0,40,1,0,1,6,29200,0,0,40,0.0,0.0,0,0,0.0,0.0,0,0,PortScan
33694,56,1,1,0,0,0,0,0.0,0.0,0,0,0.0,0.0,0.0,35714.28571,56.0,0.0,56,56,0,0.0,0.0,0,0,0,0.0,0.0,0,0,0,0,32,32,17857.14286,17857.14286,0,0,0.0,0.0,0.0,0,0,0,0,1,1,0,0,1,0.0,0.0,0.0,32,1,0,1,0,379,365,0,32,0.0,0.0,0,0,0.0,0.0,0,0,BENIGN
80,38810,1,1,0,0,0,0,0.0,0.0,0,0,0.0,0.0,0.0,51.53311002,38810.0,0.0,38810,38810,0,0.0,0.0,0,0,0,0.0,0.0,0,0,0,0,32,32,25.76655501,25.76655501,0,0,0.0,0.0,0.0,0,0,0,0,1,1,0,0,1,0.0,0.0,0.0,32,1,0,1,0,256,939,0,32,0.0,0.0,0,0,0.0,0.0,0,0,BENIGN
53,363,2,2,92,348,46,46,46.0,0.0,174,174,174.0,0.0,1212121.212,11019.28375,121.0,166.1445154,311,3,49,49.0,0.0,49,49,3,3.0,0.0,3,3,0,0,64,40,5509.641873,5509.641873,46,174,97.2,70.10848736,4915.2,0,0,0,0,0,0,0,0,1,121.5,46.0,174.0,64,2,92,2,348,-1,-1,1,32,0.0,0.0,0,0,0.0,0.0,0,0,BENIGN
53,52935413,2,2,110,167,56,54,55.0,1.414213562,97,70,83.5,19.09188309,5.232791893,0.075563782,17600000.0,30500000.0,52900000,515,52900000,52900000.0,0.0,52900000,52900000,52900000,52900000.0,0.0,52900000,52900000,0,0,72,60,0.037781891,0.037781891,54,97,66.6,18.16039647,329.8,0,0,0,0,0,0,0,0,1,83.25,55.0,83.5,72,2,110,2,167,-1,-1,1,32,515.0,0.0,515,515,52900000.0,0.0,52900000,52900000,BENIGN
53,203,2,2,82,114,41,41,41.0,0.0,57,57,57.0,0.0,965517.2414,19704.4335,67.66666667,72.12720245,146,4,4,4.0,0.0,4,4,53,53.0,0.0,53,53,0,0,40,40,9852.216749,9852.216749,41,57,47.4,8.76356092,76.8,0,0,0,0,0,0,0,0,1,59.25,41.0,57.0,40,2,82,2,114,-1,-1,1,20,0.0,0.0,0,0,0.0,0.0,0,0,BENIGN
80,100365561,10,6,1047,11595,347,0,104.7,167.2131374,5792,0,1932.5,2181.008184,125.959541,0.159417233,6691037.4,25800000.0,99800000,1,100000000,11100000.0,33200000.0,99800000,1,573348,114669.6,189162.02,435973,14,0,0,316,200,0.09963577,0.059781462,0,5792,743.6470588,1523.798664,2321962.368,0,0,0,0,1,0,0,0,0,790.125,104.7,1932.5,316,10,1047,6,11595,251,235,4,20,1007.0,0.0,1007,1007,99800000.0,0.0,99800000,99800000,DoS Hulk
443,60388604,15,15,746,5531,398,0,49.73333333,114.0623054,1857,0,368.7333333,647.9692967,103.9434526,0.496782472,2082365.655,4072428.804,10000000,3,50800000,3631455.143,4996304.341,10100000,184,60300000,4306100.929,5120300.614,10100000,3,0,0,488,488,0.248391236,0.248391236,0,1857,202.483871,478.3936922,228860.5247,0,0,0,1,0,0,0,0,1,209.2333333,49.73333333,368.7333333,488,15,746,15,5531,29200,118,3,32,150343.0,116130.8442,387394,102737,9914423.833,229949.9921,10000000,9445223,BENIGN
80,119630031,18,15,1479,994,718,0,82.16666667,222.9192019,494,0,66.26666667,173.6661274,20.67206687,0.275850468,3738438.469,4698419.808,9995451,89,120000000,7037060.647,4311452.893,10000000,36489,114000000,8145650.714,3768547.604,10000000,17223,0,0,372,444,0.150463891,0.125386576,0,718,72.73529412,196.5257804,38622.38235,0,0,0,1,0,0,0,0,0,74.93939394,82.16666667,66.26666667,372,18,1479,15,994,8192,356,17,20,391358.9091,1177539.475,3941774,36186,9975856.818,57868.19136,9995451,9801582,BENIGN
48942,49661,2,2,11,12,11,0,5.5,7.778174593,6,6,6.0,0.0,463.1400898,80.54610258,16553.66667,28204.34097,49121,163,49661,49661.0,0.0,49661,49661,377,377.0,0.0,377,377,0,0,64,40,40.27305129,40.27305129,0,11,4.6,4.669047012,21.8,0,0,0,0,1,0,0,0,1,5.75,5.5,6.0,64,2,11,2,12,235,0,1,32,0.0,0.0,0,0,0.0,0.0,0,0,BENIGN
80,853286,3,5,26,11601,20,0,8.666666667,10.26320288,8760,0,2320.2,3668.897,13626.14645,9.375520048,121898.0,310265.5037,825152,4,27011,13505.5,19094.00441,27007,4,853216,213304.0,408094.8691,825152,189,0,0,72,112,3.515820018,5.85970003,0,8760,1291.888889,2866.607422,8217438.111,0,0,0,1,0,0,0,0,1,1453.375,8.666666667,2320.2,72,3,26,5,11601,8192,229,2,20,0.0,0.0,0,0,0.0,0.0,0,0,DDoS
53,46924,2,2,70,402,35,35,35.0,0.0,201,201,201.0,0.0,10058.81852,85.2442247,15641.33333,27085.52186,46917,3,3,3.0,0.0,3,3,4,4.0,0.0,4,4,0,0,40,64,42.62211235,42.62211235,35,201,101.4,90.92194455,8266.8,0,0,0,0,0,0,0,0,1,126.75,35.0,201.0,40,2,70,2,402,-1,-1,1,20,0.0,0.0,0,0,0.0,0.0,0,0,BENIGN
80,63116544,7,0,0,0,0,0,0.0,0.0,0,0,0.0,0.0,0.0,0.110905946,10500000.0,11900000.0,32100000,997052,63100000,10500000.0,11900000.0,32100000,997052,0,0.0,0.0,0,0,0,0,280,0,0.110905946,0.0,0,0,0.0,0.0,0.0,0,0,0,1,0,0,0,0,0,0.0,0.0,0.0,280,7,0,0,0,29200,-1,0,40,7004992.0,0.0,7004992,7004992,18700000.0,12200000.0,32100000,8015915,DoS Slowhttptest
80,99867690,7,7,399,11595,375,0,57.0,140.2533422,4344,0,1656.428571,1760.597234,120.0989029,0.140185479,7682130.0,27600000.0,99700000,1,99700000,16600000.0,40700000.0,99700000,1,99900000,16600000.0,40700000.0,99700000,47,0,0,184,232,0.07009274,0.07009274,0,4344,800.0,1422.907235,2024665.0,1,0,0,0,0,0,0,0,1,857.1428571,57.0,1656.428571,184,7,399,7,11595,0,235,4,20,11006.0,0.0,11006,11006,99700000.0,0.0,99700000,99700000,DoS Hulk
443,10188691,7,8,1624,1064,1056,0,232.0,409.9304819113,892,0,133.0,310.5281215699,263.8219178499,1.4722205237,727763.642857143,2656484.82385544,9957140,3,231548,38591.3333333333,33118.9612558526,78675,2754,10156525,1450932.14285714,3770383.14692063,10001116,3,0,0,232,264,0.6870362444,0.7851842793,0,1056,168.0,341.5599508139,116663.2,0,0,0,1,0,0,0,0,1,179.2,232.0,133.0,232,7,1624,8,1064,29200,64,3,32,231548.0,0.0,231548,231548,9957140.0,0.0,9957140,9957140,BENIGN
80,81791360,9,4,62,11601,20,0,6.888888889,5.30199124,10220,0,2900.25,4922.508194,142.5945234,0.158940993,6815946.667,19800000.0,68700000,2,80600000,10100000.0,24000000.0,68700000,2,1183550,394516.6667,676711.934,1175905,183,0,0,192,92,0.110036072,0.048904921,0,10220,833.5,2726.136143,7431818.269,0,0,0,0,1,0,0,0,0,897.6153846,6.888888889,2900.25,192,9,62,4,11601,256,229,7,20,1007.0,0.0,1007,1007,40300000.0,40100000.0,68700000,11900000,DDoS
53,140857,4,2,160,220,40,40,40.0,0.0,110,110,110.0,0.0,2697.771499,42.59639209,28171.4,42127.62076,94422,1,94424,31474.66667,54513.98977,94422,1,48,48.0,0.0,48,48,0,0,104,64,28.39759472,14.19879736,40,110,60.0,34.15650255,1166.666667,0,0,0,0,0,0,0,0,0,70.0,40.0,110.0,104,4,160,2,220,-1,-1,3,20,0.0,0.0,0,0,0.0,0.0,0,0,BENIGN
80,1150697,3,6,26,11607,20,0,8.666666667,10.26320288,4380,0,1934.5,2177.344966,10109.52492,7.82134654,143837.125,405566.6907,1147561,6,2846,1423.0,2003.940618,2840,6,1150504,230100.8,512877.0862,1147561,16,0,0,72,132,2.607115513,5.214231027,0,4380,1163.3,1903.962654,3625073.789,0,0,0,1,0,0,0,0,2,1292.555556,8.666666667,1934.5,72,3,26,6,11607,8192,229,2,20,0.0,0.0,0,0,0.0,0.0,0,0,DDoS
32775,76,1,1,0,6,0,0,0.0,0.0,6,6,6.0,0.0,78947.36842,26315.78947,76.0,0.0,76,76,0,0.0,0.0,0,0,0,0.0,0.0,0,0,0,0,40,20,13157.89474,13157.89474,0,6,2.0,3.464101615,12.0,0,0,0,1,0,0,0,0,1,3.0,0.0,6.0,40,1,0,1,6,29200,0,0,40,0.0,0.0,0,0,0.0,0.0,0,0,PortScan
22,5,3,0,0,0,0,0,0.0,0.0,0,0,0.0,0.0,0.0,600000.0,2.5,0.707106781,3,2,5,2.5,0.707106781,3,2,0,0.0,0.0,0,0,0,0,108,0,600000.0,0.0,0,0,0.0,0.0,0.0,0,0,0,0,1,1,0,0,0,0.0,0.0,0.0,108,3,0,0,0,259,-1,0,32,0.0,0.0,0,0,0.0,0.0,0,0,SSH-Patator
80,599916,3,6,26,11601,20,0,8.666666667,10.26320288,4380,0,1933.5,1998.0254,19381.04668,15.00210029,74989.5,207186.8466,587670,49,11567,5783.5,7142.485597,10834,733,599824,119964.8,261501.6667,587670,49,0,0,72,132,5.000700098,10.0014002,0,4380,1162.7,1791.113375,3208087.122,0,0,0,1,0,0,0,0,2,1291.888889,8.666666667,1933.5,72,3,26,6,11601,8192,229,2,20,0.0,0.0,0,0,0.0,0.0,0,0,DDoS
80,100727704,9,5,379,11595,373,0,42.11111111,124.0991987,7240,0,2319.0,3331.638186,118.8749423,0.138988575,7748284.923,27600000.0,99600000,1,101000000,12600000.0,35200000.0,99600000,1,150349,37587.25,66685.69639,137207,85,0,0,292,168,0.089349798,0.049638777,0,7240,798.2666667,2102.188943,4419198.352,0,0,0,0,1,0,0,0,0,855.2857143,42.11111111,2319.0,292,9,379,5,11595,274,235,2,20,1005.0,0.0,1005,1005,99600000.0,0.0,99600000,99600000,DoS Hulk
53,295,2,2,52,144,26,26,26.0,0.0,72,72,72.0,0.0,664406.779661017,13559.3220338983,98.3333333333,158.3077172261,281,1,1,1.0,0.0,1,1,13,13.0,0.0,13,13,0,0,40,40,6779.6610169492,6779.6610169492,26,72,44.4,25.1952376452,634.8,0,0,0,0,0,0,0,0,1,55.5,26.0,72.0,40,2,52,2,144,-1,-1,1,20,0.0,0.0,0,0,0.0,0.0,0,0,BENIGN
443,10737464,22,29,1076,44729,328,0,48.9090909091,101.0854937975,4260,0,1542.3793103448,1104.6480827393,4265.9048728825,4.7497248885,214749.28,1395936.87328397,9884096,0,853368,40636.5714285714,56269.5301735952,129076,23,10621721,379347.178571429,1863435.63646388,9884113,48,0,0,452,592,2.0489009323,2.7008239562,0,4260,880.8653846154,1112.1008387916,1236768.27564103,0,0,0,1,0,0,0,0,1,898.137254902,48.9090909091,1542.3793103448,452,22,1076,29,44729,8192,247,21,20,0.0,0.0,0,0,0.0,0.0,0,0,BENIGN
80,1793500,3,4,26,11601,20,0,8.666666667,10.26320288,7215,0,2900.25,3540.00286,6482.854753,3.902982994,298916.6667,718898.3274,1766199,31,27108,13554.0,19024.00084,27006,102,1793366,597788.6667,1011962.038,1766199,162,0,0,72,92,1.672706997,2.230275997,0,7215,1453.375,2786.259804,7763243.696,0,0,0,1,0,0,0,0,1,1661.0,8.666666667,2900.25,72,3,26,4,11601,8192,229,2,20,0.0,0.0,0,0,0.0,0.0,0,0,DDoS
80,254779,3,5,26,11607,20,0,8.666666667,10.26320288,7215,0,2321.4,3327.769794,45659.17913,31.39976215,36397.0,95806.00526,253664,4,890,445.0,472.3473298,779,111,254681,63670.25,126663.1187,253664,4,0,0,72,112,11.77491081,19.62485134,0,7215,1292.555556,2650.585648,7025604.278,0,0,0,1,0,0,0,0,1,1454.125,8.666666667,2321.4,72,3,26,5,11607,8192,229,2,20,0.0,0.0,0,0,0.0,0.0,0,0,DDoS
443,60722731,14,13,839,3419,457,0,59.9285714286,128.0687701593,1490,2,263.0,545.7387958844,70.1220108167,0.4446440329,2335489.65384615,4283876.36652586,10026900,53,60722731,4670979.30769231,5180289.70725413,10050594,381,60672120,5056010.0,5221357.58337561,10077348,221,0,0,292,264,0.2305561652,0.2140878677,0,1490,152.0714285714,389.1656724776,151449.920634921,0,0,0,1,0,0,0,0,0,157.7037037037,59.9285714286,263.0,292,14,839,13,3419,8192,31088,13,20,73994.8333333333,58037.847328848,192464,50202,10004530.5,10967.6977666236,10026900,9999180,BENIGN
21,8493668,9,15,101,188,23,0,11.22222222,8.941165721,34,0,12.53333333,14.54975045,34.02534688,2.825634343,369289.913,959488.6923,3009648,3,5697372,712171.5,1321436.766,3053703,4,8493575,606683.9286,1184433.256,3009648,3,0,0,296,488,1.059612879,1.766021464,0,34,11.56,12.50359948,156.34,0,0,0,1,0,0,0,0,1,12.04166667,11.22222222,12.53333333,296,9,101,15,188,29200,227,6,32,0.0,0.0,0,0,0.0,0.0,0,0,FTP-Patator
53,92481460,6,6,252,730,42,42,42.0,0.0,142,81,121.6666667,31.50026455,10.61834448,0.129755737,8407405.455,27900000.0,92400000,1,92500000,18500000.0,41300000.0,92400000,1,92500000,18500000.0,41300000.0,92400000,3,0,0,144,168,0.064877868,0.064877868,42,142,78.76923077,46.06725852,2122.192308,0,0,0,0,0,0,0,0,1,85.33333333,42.0,121.6666667,144,6,252,6,730,-1,-1,5,20,59320.0,0.0,59320,59320,92400000.0,0.0,92400000,92400000,BENIGN
80,99070819,8,6,305,11595,299,0,38.125,105.4303257,4344,0,1932.5,1754.831473,120.1160959,0.141313054,7620832.231,27400000.0,98900000,1,98900000,14100000.0,37400000.0,98900000,1,177543,35508.6,72244.42417,164360,15,0,0,252,200,0.080750317,0.060562737,0,4344,793.3333333,1425.614537,2032376.81,0,0,0,0,1,0,0,0,0,850.0,38.125,1932.5,252,8,305,6,11595,274,235,2,20,2009.0,0.0,2009,2009,98900000.0,0.0,98900000,98900000,DoS Hulk
443,12684956,15,18,2434,13355,688,0,162.2666666667,233.8987774556,2920,2,741.9444444444,913.3017974375,1244.7027802067,2.6015068558,396404.875,1764783.96913772,9864928,3,2820025,201430.357142857,537027.038554156,2048983,231,12652326,744254.470588235,2436014.61660848,9999327,3,0,0,312,364,1.1825031163,1.4190037395,0,2920,464.3823529412,736.8535899434,542953.213012478,0,0,0,1,0,0,0,0,1,478.4545454545,162.2666666667,741.9444444444,312,15,2434,18,13355,8192,34400,14,20,2820025.0,0.0,2820025,2820025,9864928.0,0.0,9864928,9864928,BENIGN
80,570473,4,0,24,0,6,6,6.0,0.0,0,0,0.0,0.0,42.07035215,7.011725358,190157.6667,324175.96,564482,1984,570473,190157.6667,324175.96,564482,1984,0,0.0,0.0,0,0,0,0,80,0,7.011725358,0.0,6,6,6.0,0.0,0.0,0,0,0,0,1,0,0,0,0,7.5,6.0,0.0,80,4,24,0,0,256,-1,3,20,0.0,0.0,0,0,0.0,0.0,0,0,DDoS
443,299563,10,7,1032,4223,789,0,103.2,245.3663021326,1448,0,603.2857142857,716.2980558133,17542.2198335575,56.7493315263,18722.6875,36674.2907274633,140087,3,299563,33284.7777777778,48085.2916045483,140087,3,117510,19585.0,21511.1760162014,42251,48,0,0,332,232,33.3819597213,23.3673718049,0,1448,291.9444444444,528.0568677288,278844.055555556,0,0,0,1,0,0,0,0,0,309.1176470588,103.2,603.2857142857,332,10,1032,7,4223,65535,116,5,32,0.0,0.0,0,0,0.0,0.0,0,0,BENIGN
80,85411059,6,6,315,11595,297,0,52.5,119.8161091,7240,0,1932.5,3126.682571,139.4433009,0.140497029,7764641.727,25700000.0,85300000,4,85300000,17100000.0,38100000.0,85300000,987,85400000,17100000.0,38100000.0,85300000,85,0,0,164,200,0.070248514,0.070248514,0,7240,916.6153846,2244.512216,5037835.09,1,0,0,0,0,0,0,0,1,993.0,52.5,1932.5,164,6,315,6,11595,0,235,3,20,9992.0,0.0,9992,9992,85300000.0,0.0,85300000,85300000,DoS Hulk
80,3183943,4,0,24,0,6,6,6.0,0.0,0,0,0.0,0.0,7.537823384,1.256303897,1061314.333,1837384.39,3182943,3,3183943,1061314.333,1837384.39,3182943,3,0,0.0,0.0,0,0,0,0,80,0,1.256303897,0.0,6,6,6.0,0.0,0.0,0,0,0,0,1,0,0,0,0,7.5,6.0,0.0,80,4,24,0,0,256,-1,3,20,0.0,0.0,0,0,0.0,0.0,0,0,DDoS
443,1156157,12,18,996,27362,517,0,83.0,173.7056025684,4380,0,1520.1111111111,1129.9455941556,24527.8106693122,25.9480330094,39867.4827586207,90424.7722950728,274507,24,1155990,105090.0,136108.508523898,330460,158,881650,51861.7647058824,106968.118336452,274784,48,0,0,252,372,10.3792132037,15.5688198056,0,4380,914.7741935484,1122.0799350515,1259063.38064516,0,0,0,1,0,0,0,0,1,945.2666666667,83.0,1520.1111111111,252,12,996,18,27362,8192,245,11,20,0.0,0.0,0,0,0.0,0.0,0,0,BENIGN
53,268269,2,2,58,316,29,29,29.0,0.0,158,158,158.0,0.0,1394.123063,14.91040709,89423.0,154879.9832,268263,2,2,2.0,0.0,2,2,4,4.0,0.0,4,4,0,0,64,88,7.455203546,7.455203546,29,158,80.6,70.65620992,4992.3,0,0,0,0,0,0,0,0,1,100.75,29.0,158.0,64,2,58,2,316,-1,-1,1,32,0.0,0.0,0,0,0.0,0.0,0,0,BENIGN
80,85608078,9,5,352,11595,346,0,39.11111111,115.1004392,8688,0,2319.0,3774.237539,139.5545874,0.163535969,6585236.769,23400000.0,84500000,4,85500000,10700000.0,29800000.0,84500000,4,102424,25606.0,42810.97739,89176,84,0,0,292,168,0.105130266,0.058405703,0,8688,796.4666667,2306.398642,5319474.695,0,0,0,0,1,0,0,0,0,853.3571429,39.11111111,2319.0,292,9,352,5,11595,251,235,2,20,1999.0,0.0,1999,1999,84500000.0,0.0,84500000,84500000,DoS Hulk
80,191840,3,5,26,11607,20,0,8.666666667,10.26320288,7215,0,2321.4,3327.769794,60639.07423,41.70141785,27405.71429,72114.33273,190945,4,654,327.0,435.5777772,635,19,191794,47948.5,95331.44324,190945,4,0,0,72,112,15.63803169,26.06338616,0,7215,1292.555556,2650.585648,7025604.278,0,0,0,1,0,0,0,0,1,1454.125,8.666666667,2321.4,72,3,26,5,11607,8192,229,2,20,0.0,0.0,0,0,0.0,0.0,0,0,DDoS
53,62519,2,2,70,304,35,35,35.0,0.0,152,152,152.0,0.0,5982.181417,63.98054991,20839.66667,36089.29931,62512,3,3,3.0,0.0,3,3,4,4.0,0.0,4,4,0,0,64,64,31.99027496,31.99027496,35,152,81.8,64.08353923,4106.7,0,0,0,0,0,0,0,0,1,102.25,35.0,152.0,64,2,70,2,304,-1,-1,1,32,0.0,0.0,0,0,0.0,0.0,0,0,BENIGN
53,31087,1,1,95,223,95,95,95.0,0.0,223,223,223.0,0.0,10229.35632,64.33557436,31087.0,0.0,31087,31087,0,0.0,0.0,0,0,0,0.0,0.0,0,0,0,0,32,20,32.16778718,32.16778718,95,223,137.6666667,73.90083446,5461.333333,0,0,0,0,0,0,0,0,1,206.5,95.0,223.0,32,1,95,1,223,-1,-1,0,32,0.0,0.0,0,0,0.0,0.0,0,0,BENIGN
53,30948,2,2,86,194,43,43,43.0,0.0,97,97,97.0,0.0,9047.434406,129.2490629,10316.0,17824.54844,30898,3,3,3.0,0.0,3,3,47,47.0,0.0,47,47,0,0,64,64,64.62453147,64.62453147,43,97,64.6,29.57701811,874.8,0,0,0,0,0,0,0,0,1,80.75,43.0,97.0,64,2,86,2,194,-1,-1,1,32,0.0,0.0,0,0,0.0,0.0,0,0,BENIGN
80,3674,3,6,369,11595,369,0,123.0,213.0422493,5792,0,1932.5,2537.820147,3256396.298,2449.646162,459.25,693.1051765,2034,48,2986,1493.0,881.0550494,2116,870,3592,718.4,1260.583119,2965,48,0,0,104,200,816.5487207,1633.097441,0,5792,1196.4,2119.549858,4492491.6,0,0,0,1,0,0,0,0,2,1329.333333,123.0,1932.5,104,3,369,6,11595,29200,235,1,32,0.0,0.0,0,0,0.0,0.0,0,0,DoS Hulk
53,60591,1,1,51,112,51,51,51.0,0.0,112,112,112.0,0.0,2690.168506874,33.0082025383,60591.0,0.0,60591,60591,0,0.0,0.0,0,0,0,0.0,0.0,0,0,0,0,20,20,16.5041012692,16.5041012692,51,112,71.3333333333,35.2183664206,1240.3333333333,0,0,0,0,0,0,0,0,1,107.0,51.0,112.0,20,1,51,1,112,-1,-1,0,20,0.0,0.0,0,0,0.0,0.0,0,0,BENIGN
80,61485,3,6,347,11595,347,0,115.6666667,200.3405434,5792,0,1932.5,2181.008184,194226.234,146.3771652,7685.625,17881.47665,51132,4,10007,5003.5,7070.360705,10003,4,61291,12258.2,22139.24136,51132,39,0,0,104,200,48.79238839,97.58477677,0,5792,1194.2,1887.108123,3561177.067,0,0,0,1,0,0,0,0,2,1326.888889,115.6666667,1932.5,104,3,347,6,11595,29200,235,1,32,0.0,0.0,0,0,0.0,0.0,0,0,DoS Hulk
1110,38,1,1,2,6,2,2,2.0,0.0,6,6,6.0,0.0,210526.3158,52631.57895,38.0,0.0,38,38,0,0.0,0.0,0,0,0,0.0,0.0,0,0,0,0,24,20,26315.78947,26315.78947,2,6,3.333333333,2.309401077,5.333333333,0,0,0,1,0,0,0,0,1,5.0,2.0,6.0,24,1,2,1,6,1024,0,0,24,0.0,0.0,0,0,0.0,0.0,0,0,PortScan
56008,242,1,2,0,0,0,0,0.0,0.0,0,0,0.0,0.0,0.0,12396.69421,121.0,169.7056275,241,1,0,0.0,0.0,0,0,1,1.0,0.0,1,1,0,0,32,64,4132.231405,8264.46281,0,0,0.0,0.0,0.0,0,0,0,0,1,1,0,0,2,0.0,0.0,0.0,32,1,0,2,0,395,229,0,32,0.0,0.0,0,0,0.0,0.0,0,0,BENIGN
80,417639,3,5,26,11607,20,0,8.666666667,10.26320288,10135,0,2321.4,4413.201989,27854.19944,19.15529919,59662.71429,156906.2097,415490,37,1832,916.0,1243.093721,1795,37,417526,104381.5,207407.1574,415490,56,0,0,72,112,7.183237198,11.972062,0,10135,1292.555556,3350.634907,11200000.0,0,0,0,1,0,0,0,0,1,1454.125,8.666666667,2321.4,72,3,26,5,11607,8192,229,2,20,0.0,0.0,0,0,0.0,0.0,0,0,DDoS
80,85160102,7,6,382,11595,376,0,54.57142857,141.7543146,4344,0,1932.5,1754.831473,140.6409776,0.152653645,7096675.167,24500000.0,85000000,1,85000000,14200000.0,34700000.0,85000000,1,157532,31506.4,62725.27509,143191,49,0,0,220,200,0.082198117,0.070455529,0,4344,855.5,1459.704751,2130737.962,0,0,0,0,1,0,0,0,0,921.3076923,54.57142857,1932.5,220,7,382,6,11595,251,235,2,20,5.0,0.0,5,5,85000000.0,0.0,85000000,85000000,DoS Hulk
6100,42,1,1,2,6,2,2,2.0,0.0,6,6,6.0,0.0,190476.1905,47619.04762,42.0,0.0,42,42,0,0.0,0.0,0,0,0,0.0,0.0,0,0,0,0,24,20,23809.52381,23809.52381,2,6,3.333333333,2.309401077,5.333333333,0,0,0,1,0,0,0,0,1,5.0,2.0,6.0,24,1,2,1,6,1024,0,0,24,0.0,0.0,0,0,0.0,0.0,0,0,PortScan
53,177,2,2,64,96,32,32,32.0,0.0,48,48,48.0,0.0,903954.8023,22598.87006,59.0,19.05255888,81,48,48,48.0,0.0,48,48,48,48.0,0.0,48,48,0,0,64,64,11299.43503,11299.43503,32,48,38.4,8.76356092,76.8,0,0,0,0,0,0,0,0,1,48.0,32.0,48.0,64,2,64,2,96,-1,-1,1,32,0.0,0.0,0,0,0.0,0.0,0,0,BENIGN
161,47,2,0,4,0,2,2,2.0,0.0,0,0,0.0,0.0,85106.38298,42553.19149,47.0,0.0,47,47,47,47.0,0.0,47,47,0,0.0,0.0,0,0,0,0,48,0,42553.19149,0.0,2,2,2.0,0.0,0.0,0,0,0,1,0,0,0,0,0,3.0,2.0,0.0,48,2,4,0,0,1024,-1,1,24,0.0,0.0,0,0,0.0,0.0,0,0,BENIGN
53,30949,4,4,176,240,44,44,44.0,0.0,60,60,60.0,0.0,13441.46822,258.4897735,4421.285714,11563.71677,30645,1,30809,10269.66667,17782.38829,30803,3,30789,10263.0,17735.34852,30742,1,0,0,80,80,129.2448867,129.2448867,44,60,51.11111111,8.432740427,71.11111111,0,0,0,0,0,0,0,0,1,57.5,44.0,60.0,80,4,176,4,240,-1,-1,3,20,0.0,0.0,0,0,0.0,0.0,0,0,BENIGN
80,5042673,3,1,0,0,0,0,0.0,0.0,0,0,0.0,0.0,0.0,0.793230098,1680891.0,2910628.264,5041795,94,5042673,2521336.5,3564466.594,5041795,878,0,0.0,0.0,0,0,0,0,104,40,0.594922574,0.198307525,0,0,0.0,0.0,0.0,0,0,0,1,0,0,0,0,0,0.0,0.0,0.0,104,3,0,1,0,29200,28960,0,32,0.0,0.0,0,0,0.0,0.0,0,0,Web Attack � Brute Force
49456,41,1,1,6,6,6,6,6.0,0.0,6,6,6.0,0.0,292682.9268,48780.4878,41.0,0.0,41,41,0,0.0,0.0,0,0,0,0.0,0.0,0,0,0,0,20,20,24390.2439,24390.2439,6,6,6.0,0.0,0.0,0,0,0,0,1,1,0,0,1,9.0,6.0,6.0,20,1,6,1,6,946,255,0,20,0.0,0.0,0,0,0.0,0.0,0,0,BENIGN
80,81485367,9,4,62,11601,20,0,6.888888889,5.30199124,8760,0,2900.25,4128.319301,143.1299929,0.159537847,6790447.25,22800000.0,79200000,0,80800000,10100000.0,27900000.0,79200000,0,696619,232206.3333,377900.208,668269,190,0,0,192,92,0.110449279,0.049088568,0,8760,833.5,2402.71381,5773033.654,0,0,0,0,1,0,0,0,0,897.6153846,6.888888889,2900.25,192,9,62,4,11601,256,229,7,20,1637950.0,0.0,1637950,1637950,79200000.0,0.0,79200000,79200000,DDoS
80,274,2,0,0,0,0,0,0.0,0.0,0,0,0.0,0.0,0.0,7299.270073,274.0,0.0,274,274,274,274.0,0.0,274,274,0,0.0,0.0,0,0,0,0,64,0,7299.270073,0.0,0,0,0.0,0.0,0.0,0,0,0,0,1,0,0,0,0,0.0,0.0,0.0,64,2,0,0,0,237,-1,0,32,0.0,0.0,0,0,0.0,0.0,0,0,BENIGN
53,47102,2,2,74,486,37,37,37.0,0.0,243,243,243.0,0.0,11889.09176,84.92208399,15700.66667,27189.15623,47096,3,3,3.0,0.0,3,3,3,3.0,0.0,3,3,0,0,40,40,42.46104199,42.46104199,37,243,119.4,112.8308468,12730.8,0,0,0,0,0,0,0,0,1,149.25,37.0,243.0,40,2,74,2,486,-1,-1,1,20,0.0,0.0,0,0,0.0,0.0,0,0,BENIGN
4003,35,1,1,0,6,0,0,0.0,0.0,6,6,6.0,0.0,171428.5714,57142.85714,35.0,0.0,35,35,0,0.0,0.0,0,0,0,0.0,0.0,0,0,0,0,40,20,28571.42857,28571.42857,0,6,2.0,3.464101615,12.0,0,0,0,1,0,0,0,0,1,3.0,0.0,6.0,40,1,0,1,6,29200,0,0,40,0.0,0.0,0,0,0.0,0.0,0,0,PortScan
53,148,2,2,80,112,40,40,40.0,0.0,56,56,56.0,0.0,1297297.297,27027.02703,49.33333333,79.38723659,141,3,4,4.0,0.0,4,4,3,3.0,0.0,3,3,0,0,40,40,13513.51351,13513.51351,40,56,46.4,8.76356092,76.8,0,0,0,0,0,0,0,0,1,58.0,40.0,56.0,40,2,80,2,112,-1,-1,1,20,0.0,0.0,0,0,0.0,0.0,0,0,BENIGN
80,116046207,18,16,950,3932,430,0,52.77777778,137.2419742,1963,0,245.75,592.8307797,42.06944911,0.292986741,3516551.727,4753765.493,10000000,34,116000000,6826247.471,4636478.122,10000000,102,111000000,7368083.133,4564830.332,10000000,170,0,0,372,464,0.155110628,0.137876113,0,1963,139.4857143,417.5342446,174334.8454,0,0,0,1,0,0,0,0,0,143.5882353,52.77777778,245.75,372,18,950,16,3932,8192,980,17,20,43177.54545,66515.51906,243729,22928,10000000.0,7519.241669,10000000,9993962,BENIGN
51798,596,2,1,0,0,0,0,0.0,0.0,0,0,0.0,0.0,0.0,5033.557047,298.0,414.3645738,591,5,596,596.0,0.0,596,596,0,0.0,0.0,0,0,0,0,40,20,3355.704698,1677.852349,0,0,0.0,0.0,0.0,0,0,0,0,1,0,0,0,0,0.0,0.0,0.0,40,2,0,1,0,127,16205,0,20,0.0,0.0,0,0,0.0,0.0,0,0,BENIGN
443,59618950,12,14,772,3592,383,0,64.3333333333,120.3829747351,1460,2,256.5714285714,521.8365075954,73.1982029204,0.4361029505,2384758.0,4228094.67801304,10007353,3,50840567,4621869.72727273,5189214.88828083,10110602,246,59515368,4578105.23076923,5105695.18133945,10110582,3,0,0,252,284,0.2012782848,0.2348246656,0,1460,161.6296296296,390.5323928403,152515.54985755,0,0,0,1,0,0,0,0,1,167.8461538462,64.3333333333,256.5714285714,252,12,772,14,3592,8192,31088,11,20,192412.166666667,218241.156148346,637895,103229,9744079.0,529754.926431081,10007353,8674839,BENIGN
18988,17,1,1,0,6,0,0,0.0,0.0,6,6,6.0,0.0,352941.1765,117647.0588,17.0,0.0,17,17,0,0.0,0.0,0,0,0,0.0,0.0,0,0,0,0,40,20,58823.52941,58823.52941,0,6,2.0,3.464101615,12.0,0,0,0,1,0,0,0,0,1,3.0,0.0,6.0,40,1,0,1,6,29200,0,0,40,0.0,0.0,0,0,0.0,0.0,0,0,PortScan
1151,53,1,1,0,6,0,0,0.0,0.0,6,6,6.0,0.0,113207.5472,37735.84906,53.0,0.0,53,53,0,0.0,0.0,0,0,0,0.0,0.0,0,0,0,0,40,20,18867.92453,18867.92453,0,6,2.0,3.464101615,12.0,0,0,0,1,0,0,0,0,1,3.0,0.0,6.0,40,1,0,1,6,29200,0,0,40,0.0,0.0,0,0,0.0,0.0,0,0,PortScan
5431,3,2,0,4,0,2,2,2.0,0.0,0,0,0.0,0.0,1333333.333,666666.6667,3.0,0.0,3,3,3,3.0,0.0,3,3,0,0.0,0.0,0,0,0,0,48,0,666666.6667,0.0,2,2,2.0,0.0,0.0,0,0,0,1,0,0,0,0,0,3.0,2.0,0.0,48,2,4,0,0,1024,-1,1,24,0.0,0.0,0,0,0.0,0.0,0,0,BENIGN
80,17318,3,5,26,11601,20,0,8.666666667,10.26320288,8760,0,2320.2,3668.897,671382.3767,461.9471071,2474.0,3781.462371,8190,58,8641,4320.5,5589.679105,8273,368,17235,4308.75,4523.783474,8616,185,0,0,72,112,173.2301651,288.7169419,0,8760,1291.888889,2866.607422,8217438.111,0,0,0,1,0,0,0,0,1,1453.375,8.666666667,2320.2,72,3,26,5,11601,8192,229,2,20,0.0,0.0,0,0,0.0,0.0,0,0,DDoS
50006,49,2,0,4,0,2,2,2.0,0.0,0,0,0.0,0.0,81632.65306,40816.32653,49.0,0.0,49,49,49,49.0,0.0,49,49,0,0.0,0.0,0,0,0,0,48,0,40816.32653,0.0,2,2,2.0,0.0,0.0,0,0,0,1,0,0,0,0,0,3.0,2.0,0.0,48,2,4,0,0,1024,-1,1,24,0.0,0.0,0,0,0.0,0.0,0,0,BENIGN
80,1656715,3,5,26,11601,20,0,8.666666667,10.26320288,4380,0,2320.2,2207.341206,7018.105106,4.828832962,236673.5714,623404.1496,1650414,60,5898,2949.0,3771.707571,5616,282,1656625,414156.25,824176.2082,1650414,159,0,0,72,112,1.810812361,3.018020601,0,4380,1291.888889,1980.710254,3923213.111,0,0,0,1,0,0,0,0,1,1453.375,8.666666667,2320.2,72,3,26,5,11601,8192,229,2,20,0.0,0.0,0,0,0.0,0.0,0,0,DDoS
80,1709,3,6,330,11595,330,0,110.0,190.5255888,4355,0,1932.5,2182.468304,6977764.775,5266.237566,213.625,242.7514528,584,2,1018,509.0,271.529004,701,317,1592,318.4,429.8200786,963,2,0,0,104,200,1755.412522,3510.825044,0,4355,1192.5,1888.900753,3567946.056,0,0,0,1,0,0,0,0,2,1325.0,110.0,1932.5,104,3,330,6,11595,29200,235,1,32,0.0,0.0,0,0,0.0,0.0,0,0,DoS Hulk
53,271,2,2,70,102,35,35,35.0,0.0,51,51,51.0,0.0,634686.3469,14760.1476,90.33333333,151.2657705,265,3,3,3.0,0.0,3,3,3,3.0,0.0,3,3,0,0,64,64,7380.073801,7380.073801,35,51,41.4,8.76356092,76.8,0,0,0,0,0,0,0,0,1,51.75,35.0,51.0,64,2,70,2,102,-1,-1,1,32,0.0,0.0,0,0,0.0,0.0,0,0,BENIGN
53,282900,4,2,172,208,43,43,43.0,0.0,104,104,104.0,0.0,1343.230824,21.20890774,56580.0,110084.8045,252058,1,30838,10279.33333,17761.04255,30788,1,4,4.0,0.0,4,4,0,0,128,64,14.13927183,7.069635914,43,104,60.42857143,29.76495222,885.952381,0,0,0,0,0,0,0,0,0,70.5,43.0,104.0,128,4,172,2,208,-1,-1,3,32,0.0,0.0,0,0,0.0,0.0,0,0,BENIGN
52339,66,1,1,6,6,6,6,6.0,0.0,6,6,6.0,0.0,181818.1818,30303.0303,66.0,0.0,66,66,0,0.0,0.0,0,0,0,0.0,0.0,0,0,0,0,20,20,15151.51515,15151.51515,6,6,6.0,0.0,0.0,0,0,0,0,1,1,0,0,1,9.0,6.0,6.0,20,1,6,1,6,237,256,0,20,0.0,0.0,0,0,0.0,0.0,0,0,Bot
21,45,2,0,14,0,14,0,7.0,9.899494937,0,0,0.0,0.0,311111.1111,44444.44444,45.0,0.0,45,45,45,45.0,0.0,45,45,0,0.0,0.0,0,0,1,0,64,0,44444.44444,0.0,0,14,9.333333333,8.082903769,65.33333333,0,1,0,0,1,0,0,0,0,14.0,7.0,0.0,64,2,14,0,0,229,-1,0,32,0.0,0.0,0,0,0.0,0.0,0,0,FTP-Patator
80,30666110,7,7,310,1000,307,0,44.28571429,115.84719,1000,0,142.8571429,377.964473,42.71816673,0.456530026,2358931.538,4344118.351,10000000,128,30500000,5090205.333,5391726.502,10100000,50386,30600000,5102642.0,5422493.635,10100000,2237,0,0,152,188,0.228265013,0.228265013,0,1000,87.33333333,264.5542522,69988.95238,0,0,0,1,0,0,0,0,1,93.57142857,44.28571429,142.8571429,152,7,310,7,1000,8192,110,4,20,202818.0,263849.382,507485,50381,9977592.667,40834.66981,10000000,9930441,BENIGN
443,1492,1,1,6,6,6,6,6.0,0.0,6,6,6.0,0.0,8042.895442,1340.482574,1492.0,0.0,1492,1492,0,0.0,0.0,0,0,0,0.0,0.0,0,0,0,0,20,20,670.2412869,670.2412869,6,6,6.0,0.0,0.0,1,0,0,0,0,0,0,0,1,9.0,6.0,6.0,20,1,6,1,6,0,0,0,20,0.0,0.0,0,0,0.0,0.0,0,0,BENIGN
53,53878,2,2,70,254,35,35,35.0,0.0,127,127,127.0,0.0,6013.58625,74.24180556,17959.33333,31101.28165,53872,3,3,3.0,0.0,3,3,3,3.0,0.0,3,3,0,0,64,40,37.12090278,37.12090278,35,127,71.8,50.39047529,2539.2,0,0,0,0,0,0,0,0,1,89.75,35.0,127.0,64,2,70,2,254,-1,-1,1,32,0.0,0.0,0,0,0.0,0.0,0,0,BENIGN
1216,49,1,1,0,6,0,0,0.0,0.0,6,6,6.0,0.0,122448.9796,40816.32653,49.0,0.0,49,49,0,0.0,0.0,0,0,0,0.0,0.0,0,0,0,0,40,20,20408.16327,20408.16327,0,6,2.0,3.464101615,12.0,0,0,0,1,0,0,0,0,1,3.0,0.0,6.0,40,1,0,1,6,29200,0,0,40,0.0,0.0,0,0,0.0,0.0,0,0,PortScan
80,9257792,5,0,30,0,6,6,6.0,0.0,0,0,0.0,0.0,3.240513505,0.540085584,2314448.0,4628224.691,9256785,1,9257792,2314448.0,4628224.691,9256785,1,0,0.0,0.0,0,0,0,0,100,0,0.540085584,0.0,6,6,6.0,0.0,0.0,0,0,0,0,1,0,0,0,0,7.2,6.0,0.0,100,5,30,0,0,256,-1,4,20,1007.0,0.0,1007,1007,9256785.0,0.0,9256785,9256785,DDoS
53,7562812,2,2,100,212,51,49,50.0,1.4142135624,147,65,106.0,57.9827560573,41.2544963434,0.5289037993,2520937.33333333,4281388.24342062,7464613,30702,7532110,7532110.0,0.0,7532110,7532110,7495315,7495315.0,0.0,7495315,7495315,0,0,40,64,0.2644518996,0.2644518996,49,147,72.6,42.0808745156,1770.8,0,0,0,0,0,0,0,0,1,90.75,50.0,106.0,40,2,100,2,212,-1,-1,1,20,67497.0,0.0,67497,67497,7464613.0,0.0,7464613,7464613,BENIGN
32776,3,1,1,2,6,2,2,2.0,0.0,6,6,6.0,0.0,2666666.667,666666.6667,3.0,0.0,3,3,0,0.0,0.0,0,0,0,0.0,0.0,0,0,0,0,24,20,333333.3333,333333.3333,2,6,3.333333333,2.309401077,5.333333333,0,0,0,1,0,0,0,0,1,5.0,2.0,6.0,24,1,2,1,6,1024,0,0,24,0.0,0.0,0,0,0.0,0.0,0,0,BENIGN
53201,2,1,2,0,12,0,0,0.0,0.0,6,6,6.0,0.0,6000000.0,1500000.0,1.0,0.0,1,1,0,0.0,0.0,0,0,1,1.0,0.0,1,1,0,0,32,40,500000.0,1000000.0,0,6,3.0,3.4641016151,12.0,0,0,0,0,1,0,0,0,2,4.0,0.0,6.0,32,1,0,2,12,972,0,0,32,0.0,0.0,0,0,0.0,0.0,0,0,BENIGN
211,48,1,1,0,6,0,0,0.0,0.0,6,6,6.0,0.0,125000.0,41666.66667,48.0,0.0,48,48,0,0.0,0.0,0,0,0,0.0,0.0,0,0,0,0,40,20,20833.33333,20833.33333,0,6,2.0,3.464101615,12.0,0,0,0,1,0,0,0,0,1,3.0,0.0,6.0,40,1,0,1,6,29200,0,0,40,0.0,0.0,0,0,0.0,0.0,0,0,PortScan
443,4019357,5,1,117,41,45,0,23.4,21.96132965,41,41,41.0,0.0,39.30977019,1.492776083,803871.4,1780813.474,3989405,48,4019357,1004839.25,1989759.49,3989405,48,0,0.0,0.0,0,0,1,0,160,32,1.243980069,0.248796014,0,45,28.42857143,19.88179354,395.2857143,0,1,0,0,1,0,0,0,0,33.16666667,23.4,41.0,160,5,117,1,41,415,118,2,32,0.0,0.0,0,0,0.0,0.0,0,0,BENIGN
443,178813,11,6,1124,1284,885,0,102.1818181818,263.2557001023,725,0,214.0,299.0431407005,13466.5824073194,95.0713874271,11175.8125,16410.5090200101,48974,21,178813,17881.3,23751.9320386083,71429,49,139090,27818.0,25773.166025927,52389,227,0,0,364,200,61.5167800999,33.5546073272,0,885,133.7777777778,266.5312155994,71038.8888888889,0,0,0,1,0,0,0,0,0,141.6470588235,102.1818181818,214.0,364,11,1124,6,1284,65535,362,5,32,0.0,0.0,0,0,0.0,0.0,0,0,BENIGN
443,150,2,0,0,0,0,0,0.0,0.0,0,0,0.0,0.0,0.0,13333.33333,150.0,0.0,150,150,150,150.0,0.0,150,150,0,0.0,0.0,0,0,0,0,64,0,13333.33333,0.0,0,0,0.0,0.0,0.0,0,0,0,0,1,0,0,0,0,0.0,0.0,0.0,64,2,0,0,0,323,-1,0,32,0.0,0.0,0,0,0.0,0.0,0,0,BENIGN
443,5120267,8,7,379,4646,198,0,47.375,73.901358,1460,0,663.7142857,684.1351509,981.3941343,2.929534729,365733.3571,1266144.686,4760851,3,5120267,731466.7143,1778971.811,4760851,3,109174,18195.66667,27374.56915,55860,48,0,0,172,152,1.562418522,1.367116207,0,1460,314.0625,539.7458005,291325.5292,0,0,0,1,0,0,0,0,0,335.0,47.375,663.7142857,172,8,379,7,4646,8192,119,7,20,0.0,0.0,0,0,0.0,0.0,0,0,BENIGN
80,102003405,8,4,56,11601,20,0,7.0,5.656854249,8760,0,2900.25,4128.319301,114.2804988,0.117643132,9273036.818,29700000.0,98700000,1,102000000,14600000.0,37100000.0,98700000,1,46151,15383.66667,16716.40683,33289,187,0,0,172,92,0.078428754,0.039214377,0,8760,897.1538462,2488.507044,6192667.308,0,0,0,0,1,0,0,0,0,971.9166667,7.0,2900.25,172,8,56,4,11601,256,229,6,20,3263917.0,0.0,3263917,3263917,98700000.0,0.0,98700000,98700000,DDoS
53,31304,2,2,86,198,43,43,43.0,0.0,99,99,99.0,0.0,9072.323026,127.7791975,10434.66667,18068.17667,31298,3,3,3.0,0.0,3,3,3,3.0,0.0,3,3,0,0,40,40,63.88959877,63.88959877,43,99,65.4,30.67246322,940.8,0,0,0,0,0,0,0,0,1,81.75,43.0,99.0,40,2,86,2,198,-1,-1,1,20,0.0,0.0,0,0,0.0,0.0,0,0,BENIGN
80,21648003,7,5,573,928,571,0,81.85714286,215.6922411,928,0,185.6,415.0142166,69.33664967,0.554323648,1968000.273,3983923.979,10000000,122,21600000,3608000.5,4981203.849,10000000,1022,20100000,5032881.25,5778696.08,10000000,18671,0,0,152,136,0.323355461,0.230968187,0,928,115.4615385,290.6772596,84493.26923,0,0,0,1,0,0,0,0,0,125.0833333,81.85714286,185.6,152,7,573,5,928,8192,344,3,20,87684.5,72220.3511,138752,36617,9977991.5,38629.95056,10000000,9950676,BENIGN
80,720914,3,5,26,11601,20,0,8.666666667,10.26320288,5755,0,2320.2,2411.235202,16128.13734,11.09702406,102987.7143,270451.596,716305,8,4293,2146.5,2762.666194,4100,193,720906,180226.5,357391.1834,716305,67,0,0,72,112,4.161384021,6.935640035,0,5755,1291.888889,2096.202068,4394063.111,0,0,0,1,0,0,0,0,1,1453.375,8.666666667,2320.2,72,3,26,5,11601,8192,229,2,20,0.0,0.0,0,0,0.0,0.0,0,0,DDoS
443,105592924,30,39,2093,1114,165,0,69.76666667,69.92887191,70,0,28.56410256,29.45004233,30.37135329,0.653452877,1552837.118,7080847.148,34400000,3,106000000,3638517.414,10600000.0,34400000,17,106000000,2777801.763,9354290.663,34400000,3,1,0,960,1248,0.284109947,0.369342931,0,165,48.14285714,56.07171539,3144.037267,0,1,0,0,1,0,0,0,1,48.84057971,69.76666667,28.56410256,960,30,2093,39,1114,329,558,19,32,739603.0,76039.6812,808655,658110,34300000.0,90349.35598,34400000,34200000,BENIGN
80,146678,3,4,1899,1906,1893,0,633.0,1091.196133,1460,0,476.5,687.271659,25941.17727,47.723585,24446.33333,32647.57794,85184,56,113615,56807.5,40130.43115,85184,28431,118303,39434.33333,64767.49591,114190,180,0,0,72,88,20.452965,27.27062,0,1893,475.625,765.2233918,585566.8393,0,0,0,1,0,0,0,0,1,543.5714286,633.0,476.5,72,3,1899,4,1906,8192,64240,2,20,0.0,0.0,0,0,0.0,0.0,0,0,BENIGN
443,315267,13,8,1219,4254,741,0,93.7692307692,208.8668450816,1398,0,531.75,617.2100244534,17359.8886023593,66.6102065868,15763.35,22702.7422022678,74220,1,315267,26272.25,24472.027241229,74220,1,266350,38050.0,47799.4051985308,103828,48,0,0,428,264,41.2348897918,25.375316795,0,1398,248.7727272727,447.4785370557,200237.041125541,0,0,0,1,0,0,0,0,0,260.619047619,93.7692307692,531.75,428,13,1219,8,4254,65535,120,6,32,0.0,0.0,0,0,0.0,0.0,0,0,BENIGN
80,636575,3,4,26,11601,20,0,8.666666667,10.26320288,8760,0,2900.25,4128.319301,18264.93343,10.99634764,106095.8333,252758.8962,621914,96,14417,7208.5,9939.800023,14237,180,636342,212114.0,354967.5455,621914,148,0,0,72,92,4.712720418,6.283627224,0,8760,1453.375,3113.952607,9696700.839,0,0,0,1,0,0,0,0,1,1661.0,8.666666667,2900.25,72,3,26,4,11601,8192,229,2,20,0.0,0.0,0,0,0.0,0.0,0,0,DDoS
15004,33,1,1,0,6,0,0,0.0,0.0,6,6,6.0,0.0,181818.1818,60606.06061,33.0,0.0,33,33,0,0.0,0.0,0,0,0,0.0,0.0,0,0,0,0,40,20,30303.0303,30303.0303,0,6,2.0,3.464101615,12.0,0,0,0,1,0,0,0,0,1,3.0,0.0,6.0,40,1,0,1,6,29200,0,0,40,0.0,0.0,0,0,0.0,0.0,0,0,PortScan
80,744682,3,7,26,11607,20,0,8.666666667,10.26320288,5840,0,1658.142857,2137.29708,15621.43304,13.42855071,82742.44444,247678.1114,743217,2,1091,545.5,563.5641046,944,147,744634,124105.6667,303301.6728,743217,2,0,0,72,152,4.028565213,9.399985497,0,5840,1057.545455,1853.437529,3435230.673,0,0,0,1,0,0,0,0,2,1163.3,8.666666667,1658.142857,72,3,26,7,11607,8192,229,2,20,0.0,0.0,0,0,0.0,0.0,0,0,DDoS
49361,513,3,0,43,0,31,6,14.33333333,14.43375673,0,0,0.0,0.0,83820.66277,5847.953216,256.5,359.9173516,511,2,513,256.5,359.9173516,511,2,0,0.0,0.0,0,0,0,0,60,0,5847.953216,0.0,6,31,12.25,12.5,156.25,0,0,0,0,1,0,0,0,0,16.33333333,14.33333333,0.0,60,3,43,0,0,946,-1,2,20,0.0,0.0,0,0,0.0,0.0,0,0,BENIGN
1094,48,1,1,0,6,0,0,0.0,0.0,6,6,6.0,0.0,125000.0,41666.66667,48.0,0.0,48,48,0,0.0,0.0,0,0,0,0.0,0.0,0,0,0,0,40,20,20833.33333,20833.33333,0,6,2.0,3.464101615,12.0,0,0,0,1,0,0,0,0,1,3.0,0.0,6.0,40,1,0,1,6,29200,0,0,40,0.0,0.0,0,0,0.0,0.0,0,0,PortScan
53,314,2,2,64,256,32,32,32.0,0.0,128,128,128.0,0.0,1019108.28,12738.8535,104.6666667,175.2265201,307,3,3,3.0,0.0,3,3,4,4.0,0.0,4,4,0,0,40,40,6369.426752,6369.426752,32,128,70.4,52.58136552,2764.8,0,0,0,0,0,0,0,0,1,88.0,32.0,128.0,40,2,64,2,256,-1,-1,1,20,0.0,0.0,0,0,0.0,0.0,0,0,BENIGN
53,26170,2,2,80,206,40,40,40.0,0.0,103,103,103.0,0.0,10928.54413,152.8467711,8723.333333,15105.79248,26166,1,3,3.0,0.0,3,3,1,1.0,0.0,1,1,0,0,80,64,76.42338556,76.42338556,40,103,65.2,34.50652112,1190.7,0,0,0,0,0,0,0,0,1,81.5,40.0,103.0,80,2,80,2,206,-1,-1,1,40,0.0,0.0,0,0,0.0,0.0,0,0,BENIGN
1102,1,2,0,37,0,31,6,18.5,17.6776695297,0,0,0.0,0.0,37000000.0,2000000.0,1.0,0.0,1,1,1,1.0,0.0,1,1,0,0.0,0.0,0,0,1,0,40,0,2000000.0,0.0,6,31,22.6666666667,14.4337567297,208.3333333333,0,1,0,0,1,0,0,0,0,34.0,18.5,0.0,40,2,37,0,0,946,-1,1,20,0.0,0.0,0,0,0.0,0.0,0,0,BENIGN
53,172,2,2,82,236,41,41,41.0,0.0,118,118,118.0,0.0,1848837.209,23255.81395,57.33333333,59.55109851,121,3,3,3.0,0.0,3,3,48,48.0,0.0,48,48,0,0,40,40,11627.90698,11627.90698,41,118,71.8,42.17463693,1778.7,0,0,0,0,0,0,0,0,1,89.75,41.0,118.0,40,2,82,2,236,-1,-1,1,20,0.0,0.0,0,0,0.0,0.0,0,0,BENIGN
51702,5,2,0,0,0,0,0,0.0,0.0,0,0,0.0,0.0,0.0,400000.0,5.0,0.0,5,5,5,5.0,0.0,5,5,0,0.0,0.0,0,0,0,0,40,0,400000.0,0.0,0,0,0.0,0.0,0.0,0,0,0,0,1,0,0,0,0,0.0,0.0,0.0,40,2,0,0,0,4092,-1,0,20,0.0,0.0,0,0,0.0,0.0,0,0,BENIGN
48418,41,1,1,0,0,0,0,0.0,0.0,0,0,0.0,0.0,0.0,48780.4878,41.0,0.0,41,41,0,0.0,0.0,0,0,0,0.0,0.0,0,0,0,0,32,32,24390.2439,24390.2439,0,0,0.0,0.0,0.0,0,0,0,0,1,1,0,0,1,0.0,0.0,0.0,32,1,0,1,0,905,229,0,32,0.0,0.0,0,0,0.0,0.0,0,0,BENIGN
56737,48,1,1,2,6,2,2,2.0,0.0,6,6,6.0,0.0,166666.6667,41666.66667,48.0,0.0,48,48,0,0.0,0.0,0,0,0,0.0,0.0,0,0,0,0,24,20,20833.33333,20833.33333,2,6,3.333333333,2.309401077,5.333333333,0,0,0,1,0,0,0,0,1,5.0,2.0,6.0,24,1,2,1,6,1024,0,0,24,0.0,0.0,0,0,0.0,0.0,0,0,PortScan
8080,78794,4,3,210,134,198,0,52.5,97.04122835,128,0,44.66666667,72.23111056,4365.814656,88.83925172,13132.33333,31293.21228,77007,18,78794,26264.66667,44882.21537,78089,49,77587,38793.5,54042.04997,77007,580,0,0,92,72,50.7652867,38.07396502,0,198,43.0,76.44232186,5843.428571,0,0,0,1,0,0,0,0,0,49.14285714,52.5,44.66666667,92,4,210,3,134,8192,237,3,20,0.0,0.0,0,0,0.0,0.0,0,0,Bot
80,85236029,10,6,307,11595,307,0,30.7,97.08192417,5792,0,1932.5,2181.008184,139.6357871,0.187714048,5682401.933,22000000.0,85100000,2,85100000,9455729.444,28400000.0,85100000,2,148400,29680.0,58710.80824,134155,46,0,0,328,200,0.11732128,0.070392768,0,5792,700.1176471,1540.145483,2372048.11,0,0,0,0,1,0,0,0,0,743.875,30.7,1932.5,328,10,307,6,11595,251,235,1,32,2016.0,0.0,2016,2016,85100000.0,0.0,85100000,85100000,DoS Hulk
80,86064981,8,6,409,11595,409,0,51.125,144.6033368,5792,0,1932.5,2181.008184,139.4760083,0.162667787,6620383.154,23800000.0,85900000,0,85900000,12300000.0,32500000.0,85900000,0,132377,26475.4,53616.58901,122080,47,0,0,264,200,0.092953021,0.069714766,0,5792,800.2666667,1620.23369,2625157.21,0,0,0,0,1,0,0,0,0,857.4285714,51.125,1932.5,264,8,409,6,11595,274,235,1,32,7.0,0.0,7,7,85900000.0,0.0,85900000,85900000,DoS Hulk
80,58463,2,5,20,11601,20,0,10.0,14.14213562,4380,0,2320.2,2207.341206,198775.2938,119.7338488,9743.833333,21596.83219,53715,23,4059,4059.0,0.0,4059,4059,58440,14610.0,26145.39757,53715,160,0,0,52,112,34.20967107,85.52417769,0,4380,1452.625,2053.759823,4217929.411,0,0,0,1,0,0,0,0,2,1660.142857,10.0,2320.2,52,2,20,5,11601,8192,229,1,20,0.0,0.0,0,0,0.0,0.0,0,0,DDoS
51850,13095,2,0,12,0,6,6,6.0,0.0,0,0,0.0,0.0,916.3802978,152.7300496,13095.0,0.0,13095,13095,13095,13095.0,0.0,13095,13095,0,0.0,0.0,0,0,0,0,40,0,152.7300496,0.0,6,6,6.0,0.0,0.0,0,0,0,0,1,0,0,0,0,9.0,6.0,0.0,40,2,12,0,0,913,-1,1,20,0.0,0.0,0,0,0.0,0.0,0,0,BENIGN
80,143520,3,6,343,11595,343,0,114.3333333,198.0311423,4344,0,1932.5,1754.831473,83180.04459,62.7090301,17940.0,45945.66393,131263,2,11998,5999.0,7066.825171,10996,1002,143513,28702.6,57564.4219,131263,18,0,0,104,200,20.90301003,41.80602007,0,4344,1193.8,1621.746987,2630063.289,0,0,0,1,0,0,0,0,2,1326.444444,114.3333333,1932.5,104,3,343,6,11595,29200,235,1,32,0.0,0.0,0,0,0.0,0.0,0,0,DoS Hulk
1024,51,1,1,2,6,2,2,2.0,0.0,6,6,6.0,0.0,156862.7451,39215.68627,51.0,0.0,51,51,0,0.0,0.0,0,0,0,0.0,0.0,0,0,0,0,24,20,19607.84314,19607.84314,2,6,3.333333333,2.309401077,5.333333333,0,0,0,1,0,0,0,0,1,5.0,2.0,6.0,24,1,2,1,6,1024,0,0,24,0.0,0.0,0,0,0.0,0.0,0,0,PortScan
389,113095465,48,24,9668,10012,403,0,201.4166667,203.5482935,923,316,417.1666667,231.0809507,174.0122825,0.636630302,1592893.873,4597264.595,16500000,3,113000000,2406286.489,5491986.114,16500000,3,113000000,4917177.522,7084368.263,16500000,3,1,0,1536,768,0.424420201,0.212210101,0,923,275.109589,233.8332479,54677.98782,0,1,0,0,1,0,0,0,0,278.9305556,201.4166667,417.1666667,1536,48,9668,24,10012,571,2079,23,32,203985.5,575837.2562,1629110,379,13800000.0,4277541.062,16500000,6737603,BENIGN
80,85077307,9,6,348,11595,348,0,38.66666667,116.0,5792,0,1932.5,2362.781391,140.3782092,0.176310235,6076950.5,22700000.0,84900000,1,84900000,10600000.0,30000000.0,84900000,1,143703,28740.6,57012.34577,130237,46,0,0,296,200,0.105786141,0.070524094,0,5792,746.4375,1663.879361,2768494.529,0,0,0,0,1,0,0,0,0,796.2,38.66666667,1932.5,296,9,348,6,11595,251,235,1,32,1986.0,0.0,1986,1986,84900000.0,0.0,84900000,84900000,DoS Hulk
80,2485954,5,0,30,0,6,6,6.0,0.0,0,0,0.0,0.0,12.06780174,2.01130029,621488.5,1242307.09,2484949,1,2485954,621488.5,1242307.09,2484949,1,0,0.0,0.0,0,0,0,0,100,0,2.01130029,0.0,6,6,6.0,0.0,0.0,0,0,0,0,1,0,0,0,0,7.2,6.0,0.0,100,5,30,0,0,256,-1,4,20,0.0,0.0,0,0,0.0,0.0,0,0,DDoS
80,80273167,8,4,56,11601,20,0,7.0,5.656854249,5840,0,2900.25,3345.636997,145.2166451,0.149489555,7297560.636,22200000.0,74000000,1,80100000,11400000.0,27700000.0,74000000,1,171342,57114.0,82324.38528,151508,189,0,0,172,92,0.099659703,0.049829852,0,5840,897.1538462,2174.910107,4730233.974,0,0,0,0,1,0,0,0,0,971.9166667,7.0,2900.25,172,8,56,4,11601,256,229,6,20,994.0,0.0,994,994,40100000.0,47900000.0,74000000,6147859,DDoS
443,11043598,9,8,1661,4199,1125,0,184.5555556,373.1082655,1368,0,524.875,580.856618,530.624168,1.539353388,690224.875,2468065.397,9927980,37,1115618,139452.25,202258.0315,627166,19876,11000000,1572542.429,3692682.673,9928017,200,0,0,204,172,0.814951794,0.724401594,0,1368,325.5555556,489.7886966,239892.9673,0,0,0,1,0,0,0,0,0,344.7058824,184.5555556,524.875,204,9,1661,8,4199,8192,40,3,20,0.0,0.0,0,0,0.0,0.0,0,0,BENIGN
53,128631,2,2,90,132,45,45,45.0,0.0,66,66,66.0,0.0,1725.867015,31.09670297,42877.0,74261.67838,128627,1,1,1.0,0.0,1,1,3,3.0,0.0,3,3,0,0,64,64,15.54835149,15.54835149,45,66,53.4,11.50217371,132.3,0,0,0,0,0,0,0,0,1,66.75,45.0,66.0,64,2,90,2,132,-1,-1,1,32,0.0,0.0,0,0,0.0,0.0,0,0,BENIGN
53,517,1,1,55,116,55,55,55.0,0.0,116,116,116.0,0.0,330754.352,3868.471954,517.0,0.0,517,517,0,0.0,0.0,0,0,0,0.0,0.0,0,0,0,0,32,32,1934.235977,1934.235977,55,116,75.33333333,35.21836642,1240.333333,0,0,0,0,0,0,0,0,1,113.0,55.0,116.0,32,1,55,1,116,-1,-1,0,32,0.0,0.0,0,0,0.0,0.0,0,0,BENIGN
21,8498291,9,15,109,188,24,0,12.11111111,9.829095132,34,0,12.53333333,14.54975045,34.94820312,2.824097221,369490.913,964170.6361,3236651,1,5992366,749045.75,1390073.398,3279001,1,8498226,607016.1429,1190780.231,3236651,1,0,0,296,488,1.059036458,1.765060763,0,34,11.88,12.72242115,161.86,0,0,0,1,0,0,0,0,1,12.375,12.11111111,12.53333333,296,9,109,15,188,29200,227,6,32,0.0,0.0,0,0,0.0,0.0,0,0,FTP-Patator
80,84854183,8,5,730,11595,362,0,91.25,167.1233505,5792,0,2319.0,3170.403917,145.2491741,0.153203997,7071181.917,24400000.0,84500000,0,84700000,12100000.0,31900000.0,84500000,0,358497,89624.25,109374.3812,222975,86,0,0,252,168,0.094279383,0.058924614,0,5792,880.3571429,2084.860652,4346643.94,0,0,0,0,1,0,0,0,0,948.0769231,91.25,2319.0,252,8,730,5,11595,251,235,3,20,4.0,0.0,4,4,84500000.0,0.0,84500000,84500000,DoS Hulk
53,177,2,2,80,204,40,40,40.0,0.0,102,102,102.0,0.0,1604519.774,22598.87006,59.0,62.23343153,126,3,3,3.0,0.0,3,3,48,48.0,0.0,48,48,0,0,40,40,11299.43503,11299.43503,40,102,64.8,33.95879857,1153.2,0,0,0,0,0,0,0,0,1,81.0,40.0,102.0,40,2,80,2,204,-1,-1,1,20,0.0,0.0,0,0,0.0,0.0,0,0,BENIGN
443,18767056,13,13,4342,5913,2144,0,334.0,742.1083703,1596,0,454.8461538,649.3001163,546.4362658,1.385406427,750682.24,2219373.92,9765675,3,18800000,1563921.333,3065094.793,9765675,3,13400000,1116075.417,2927812.973,10000000,49,0,0,272,268,0.692703214,0.692703214,0,2144,379.8148148,676.8853463,458173.7721,0,0,0,1,0,0,0,0,1,394.4230769,334.0,454.8461538,272,13,4342,13,5913,8192,8690,6,20,1830904.0,2540197.673,3627095,34713,7552622.5,3129728.86,9765675,5339570,BENIGN
21,8542425,9,15,97,188,20,0,10.77777778,8.363279527,34,0,12.53333333,14.54975045,33.36289168,2.809506668,371409.7826,949628.5039,3012859,3,5664538,708067.25,1277102.669,3054248,224,8542309,610164.9286,1170151.087,3012859,3,0,0,296,488,1.053565001,1.755941668,0,34,11.4,12.37605214,153.1666667,0,0,0,1,0,0,0,0,1,11.875,10.77777778,12.53333333,296,9,97,15,188,29200,227,6,32,0.0,0.0,0,0,0.0,0.0,0,0,FTP-Patator
2021,44,1,1,2,6,2,2,2.0,0.0,6,6,6.0,0.0,181818.1818,45454.54545,44.0,0.0,44,44,0,0.0,0.0,0,0,0,0.0,0.0,0,0,0,0,24,20,22727.27273,22727.27273,2,6,3.333333333,2.309401077,5.333333333,0,0,0,1,0,0,0,0,1,5.0,2.0,6.0,24,1,2,1,6,1024,0,0,24,0.0,0.0,0,0,0.0,0.0,0,0,PortScan
80,97515508,8,5,56,11601,20,0,7.0,5.656854249,5840,0,2320.2,2436.833027,119.5399608,0.133312129,8126292.333,27400000.0,95200000,1,97100000,13900000.0,35900000.0,95200000,1,427182,106795.5,192586.3421,394803,159,0,0,172,112,0.082038233,0.051273896,0,5840,833.0714286,1774.906302,3150292.379,0,0,0,0,1,0,0,0,0,897.1538462,7.0,2320.2,172,8,56,5,11601,256,229,6,20,1863106.0,0.0,1863106,1863106,95200000.0,0.0,95200000,95200000,DDoS
21,284,2,1,14,0,14,0,7.0,9.899494937,0,0,0.0,0.0,49295.77465,10563.38028,142.0,67.88225099,190,94,284,284.0,0.0,284,284,0,0.0,0.0,0,0,1,0,64,20,7042.253521,3521.126761,0,14,7.0,8.082903769,65.33333333,0,1,0,0,1,0,0,0,0,9.333333333,7.0,0.0,64,2,14,1,0,229,0,0,32,0.0,0.0,0,0,0.0,0.0,0,0,FTP-Patator
80,98304306,7,6,391,11595,391,0,55.85714286,147.7841089,4344,0,1932.5,1754.831473,121.9275176,0.132242427,8192025.5,28300000.0,98200000,4,98200000,16400000.0,40100000.0,98200000,4,147355,29471.0,59309.148,135169,17,0,0,232,200,0.071207461,0.061034966,0,4344,856.1428571,1459.601044,2130435.209,0,0,0,0,1,0,0,0,0,922.0,55.85714286,1932.5,232,7,391,6,11595,251,235,1,32,733.0,0.0,733,733,98200000.0,0.0,98200000,98200000,DoS Hulk
6969,48,2,2,4,12,2,2,2.0,0.0,6,6,6.0,0.0,333333.3333,83333.33333,16.0,13.52774926,29,2,48,48.0,0.0,48,48,2,2.0,0.0,2,2,0,0,48,40,41666.66667,41666.66667,2,6,3.6,2.19089023,4.8,0,0,0,1,0,0,0,0,1,4.5,2.0,6.0,48,2,4,2,12,1024,0,1,24,0.0,0.0,0,0,0.0,0.0,0,0,BENIGN
53,223,2,2,84,162,42,42,42.0,0.0,81,81,81.0,0.0,1103139.013,17937.21973,74.33333333,122.6879511,216,3,4,4.0,0.0,4,4,3,3.0,0.0,3,3,0,0,64,64,8968.609865,8968.609865,42,81,57.6,21.36117974,456.3,0,0,0,0,0,0,0,0,1,72.0,42.0,81.0,64,2,84,2,162,-1,-1,1,32,0.0,0.0,0,0,0.0,0.0,0,0,BENIGN
80,1827300,3,4,26,11601,20,0,8.666666667,10.26320288,5840,0,2900.25,3345.636997,6362.939857,3.830788595,304550.0,741563.3178,1818245,50,8815,4407.5,5817.367489,8521,294,1827143,609047.6667,1047204.27,1818245,190,0,0,72,92,1.641766541,2.189022054,0,5840,1453.375,2681.356423,7189672.268,0,0,0,1,0,0,0,0,1,1661.0,8.666666667,2900.25,72,3,26,4,11601,8192,229,2,20,0.0,0.0,0,0,0.0,0.0,0,0,DDoS
53,31317,2,2,72,240,36,36,36.0,0.0,120,120,120.0,0.0,9962.6400996264,127.7261551234,10439.0,18034.1289781348,31263,3,51,51.0,0.0,51,51,3,3.0,0.0,3,3,0,0,64,40,63.8630775617,63.8630775617,36,120,69.6,46.0086948304,2116.8,0,0,0,0,0,0,0,0,1,87.0,36.0,120.0,64,2,72,2,240,-1,-1,1,32,0.0,0.0,0,0,0.0,0.0,0,0,BENIGN
53710,388849,2,3,0,18,0,0,0.0,0.0,6,6,6.0,0.0,46.29046236,12.85846177,97212.25,194353.8348,388743,2,388849,388849.0,0.0,388849,388849,49,24.5,31.81980515,47,2,0,0,64,60,5.143384707,7.715077061,0,6,3.0,3.286335345,10.8,0,0,0,0,1,0,0,0,1,3.6,0.0,6.0,64,2,0,3,18,114,0,0,32,0.0,0.0,0,0,0.0,0.0,0,0,BENIGN
53,201,2,2,68,100,34,34,34.0,0.0,50,50,50.0,0.0,835820.8955,19900.49751,67.0,75.31932023,150,3,3,3.0,0.0,3,3,48,48.0,0.0,48,48,0,0,64,64,9950.248756,9950.248756,34,50,40.4,8.76356092,76.8,0,0,0,0,0,0,0,0,1,50.5,34.0,50.0,64,2,68,2,100,-1,-1,1,32,0.0,0.0,0,0,0.0,0.0,0,0,BENIGN
80,68084660,5,7,361,11595,349,0,72.2,154.7649831,4344,0,1656.428571,1760.597234,175.6049013,0.176251156,6189514.545,20500000.0,67900000,4,67900000,17000000.0,34000000.0,67900000,4,68100000,11300000.0,27700000.0,67900000,34,0,0,144,232,0.073437981,0.102813174,0,4344,920.1538462,1497.763157,2243294.474,1,0,0,0,0,0,0,0,1,996.8333333,72.2,1656.428571,144,5,361,7,11595,0,235,2,20,8999.0,0.0,8999,8999,67900000.0,0.0,67900000,67900000,DoS Hulk
80,99433824,8,7,322,11595,322,0,40.25,113.8441918,5792,0,1656.428571,1947.638216,119.8485537,0.1508541,7102416.0,26200000.0,98300000,1,99300000,14200000.0,37100000.0,98300000,1,146531,24421.83333,53904.19567,134023,47,0,0,272,232,0.08045552,0.07039858,0,5792,744.8125,1487.588887,2212920.696,0,0,0,0,1,0,0,0,0,794.4666667,40.25,1656.428571,272,8,322,7,11595,274,235,1,32,1012.0,0.0,1012,1012,98300000.0,0.0,98300000,98300000,DoS Hulk
80,90905715,9,4,62,11601,20,0,6.888888889,5.30199124,8760,0,2900.25,4128.319301,128.2977643,0.143005311,7575476.25,23400000.0,81500000,1,90300000,11300000.0,28600000.0,81500000,1,587162,195720.6667,329637.351,576315,760,0,0,192,92,0.099003677,0.044001634,0,8760,833.5,2402.71381,5773033.654,0,0,0,0,1,0,0,0,0,897.6153846,6.888888889,2900.25,192,9,62,4,11601,256,229,7,20,2006.0,0.0,2006,2006,45200000.0,51500000.0,81500000,8775771,DDoS
443,30245016,7,7,832,179,517,0,118.8571429,192.9666885,161,0,25.57142857,59.79369293,33.42699505,0.462886183,2326539.692,4344887.178,9998882,107,20300000,3385818.333,5182525.376,10100000,139,30200000,5027410.333,5448807.648,10100000,998,0,0,152,176,0.231443091,0.231443091,0,517,67.4,141.4702392,20013.82857,0,0,0,1,0,0,0,0,1,72.21428571,118.8571429,25.57142857,152,7,832,7,179,8192,11256,6,20,161304.5,114878.689,242536,80073,9996150.5,3862.924346,9998882,9993419,BENIGN
80,493251,3,6,26,11601,20,0,8.666666667,10.26320288,4380,0,1933.5,1998.0254,23572.17725,18.2462884,61656.375,170499.5091,483563,47,8982,4491.0,5755.849199,8561,421,493001,98600.2,215232.6682,483563,159,0,0,72,132,6.082096134,12.16419227,0,4380,1162.7,1791.113375,3208087.122,0,0,0,1,0,0,0,0,2,1291.888889,8.666666667,1933.5,72,3,26,6,11601,8192,229,2,20,0.0,0.0,0,0,0.0,0.0,0,0,DDoS
53,212,2,2,72,334,36,36,36.0,0.0,167,167,167.0,0.0,1915094.34,18867.92453,70.66666667,80.71142009,160,3,3,3.0,0.0,3,3,49,49.0,0.0,49,49,0,0,80,80,9433.962264,9433.962264,36,167,88.4,71.75165503,5148.3,0,0,0,0,0,0,0,0,1,110.5,36.0,167.0,80,2,72,2,334,-1,-1,1,40,0.0,0.0,0,0,0.0,0.0,0,0,BENIGN
1076,60,1,1,2,6,2,2,2.0,0.0,6,6,6.0,0.0,133333.3333,33333.33333,60.0,0.0,60,60,0,0.0,0.0,0,0,0,0.0,0.0,0,0,0,0,24,20,16666.66667,16666.66667,2,6,3.333333333,2.309401077,5.333333333,0,0,0,1,0,0,0,0,1,5.0,2.0,6.0,24,1,2,1,6,1024,0,0,24,0.0,0.0,0,0,0.0,0.0,0,0,PortScan
443,2393297,2,0,12,0,6,6,6.0,0.0,0,0,0.0,0.0,5.0140036945,0.8356672824,2393297.0,0.0,2393297,2393297,2393297,2393297.0,0.0,2393297,2393297,0,0.0,0.0,0,0,0,0,40,0,0.8356672824,0.0,6,6,6.0,0.0,0.0,0,0,0,0,1,1,0,0,0,9.0,6.0,0.0,40,2,12,0,0,63982,-1,1,20,0.0,0.0,0,0,0.0,0.0,0,0,BENIGN
80,5441768,3,1,0,0,0,0,0.0,0.0,0,0,0.0,0.0,0.0,0.735055225,1813922.667,3141173.164,5441037,129,5441768,2720884.0,3846877.264,5441037,731,0,0.0,0.0,0,0,0,0,104,40,0.551291419,0.183763806,0,0,0.0,0.0,0.0,0,0,0,1,0,0,0,0,0,0.0,0.0,0.0,104,3,0,1,0,29200,28960,0,32,0.0,0.0,0,0,0.0,0.0,0,0,Web Attack � Brute Force
38675,240,2,0,12,0,6,6,6.0,0.0,0,0,0.0,0.0,50000.0,8333.333333,240.0,0.0,240,240,240,240.0,0.0,240,240,0,0.0,0.0,0,0,0,0,40,0,8333.333333,0.0,6,6,6.0,0.0,0.0,0,0,0,0,1,0,0,0,0,9.0,6.0,0.0,40,2,12,0,0,34,-1,1,20,0.0,0.0,0,0,0.0,0.0,0,0,BENIGN
53,156783,1,1,43,174,43,43,43.0,0.0,174,174,174.0,0.0,1384.078631,12.75648508,156783.0,0.0,156783,156783,0,0.0,0.0,0,0,0,0.0,0.0,0,0,0,0,32,32,6.378242539,6.378242539,43,174,86.66666667,75.63288526,5720.333333,0,0,0,0,0,0,0,0,1,130.0,43.0,174.0,32,1,43,1,174,-1,-1,0,32,0.0,0.0,0,0,0.0,0.0,0,0,BENIGN
5802,11,1,1,2,6,2,2,2.0,0.0,6,6,6.0,0.0,727272.7273,181818.1818,11.0,0.0,11,11,0,0.0,0.0,0,0,0,0.0,0.0,0,0,0,0,24,20,90909.09091,90909.09091,2,6,3.333333333,2.309401077,5.333333333,0,0,0,1,0,0,0,0,1,5.0,2.0,6.0,24,1,2,1,6,1024,0,0,24,0.0,0.0,0,0,0.0,0.0,0,0,PortScan
443,91998,5,0,29,0,29,0,5.8,12.9691942695,0,0,0.0,0.0,315.2242440053,54.3490075871,22999.5,45863.7606940382,91795,1,91998,22999.5,45863.7606940382,91795,1,0,0.0,0.0,0,0,0,0,160,0,54.3490075871,0.0,0,29,4.8333333333,11.8392004235,140.1666666667,0,0,0,0,1,0,0,0,0,5.8,5.8,0.0,160,5,29,0,0,33225,-1,1,32,0.0,0.0,0,0,0.0,0.0,0,0,BENIGN
80,99146674,8,6,362,11595,362,0,45.25,127.9863274,5792,0,1932.5,2181.008184,120.5991035,0.141204938,7626667.231,27500000.0,99000000,1,99000000,14100000.0,37400000.0,99000000,1,149413,29882.6,60160.76443,137101,14,0,0,264,200,0.080688536,0.060516402,0,5792,797.1333333,1621.089619,2627931.552,0,0,0,0,1,0,0,0,0,854.0714286,45.25,1932.5,264,8,362,6,11595,274,235,1,32,1020.0,0.0,1020,1020,99000000.0,0.0,99000000,99000000,DoS Hulk
53,254,2,2,64,258,32,32,32.0,0.0,129,129,129.0,0.0,1267716.535,15748.0315,84.66666667,106.828523,205,1,1,1.0,0.0,1,1,48,48.0,0.0,48,48,0,0,40,40,7874.015748,7874.015748,32,129,70.8,53.12908808,2822.7,0,0,0,0,0,0,0,0,1,88.5,32.0,129.0,40,2,64,2,258,-1,-1,1,20,0.0,0.0,0,0,0.0,0.0,0,0,BENIGN
80,60956837,9,9,1027,329,1027,0,114.1111111,342.3333333,329,0,36.55555556,109.6666667,22.24524872,0.295290912,3585696.294,4956895.412,10200000,31,51300000,6408897.0,5273006.25,10200000,191,60900000,7611024.375,4685523.491,10300000,960,0,0,296,296,0.147645456,0.147645456,0,1027,71.36842105,243.3783544,59233.02339,0,0,0,1,0,0,0,0,1,75.33333333,114.1111111,36.55555556,296,9,1027,9,329,29200,113,1,32,65511.2,32499.50779,123648,50912,10200000.0,682.9857246,10200000,10200000,BENIGN
80,36006,1,1,0,0,0,0,0.0,0.0,0,0,0.0,0.0,0.0,55.54629784,36006.0,0.0,36006,36006,0,0.0,0.0,0,0,0,0.0,0.0,0,0,0,0,20,20,27.77314892,27.77314892,0,0,0.0,0.0,0.0,0,0,0,0,1,1,0,0,1,0.0,0.0,0.0,20,1,0,1,0,245,64,0,20,0.0,0.0,0,0,0.0,0.0,0,0,BENIGN
80,1679285,3,5,26,11607,20,0,8.666666667,10.26320288,8760,0,2321.4,3802.315321,6927.35301,4.763932269,239897.8571,634238.7323,1678216,13,796,398.0,468.1046891,729,67,1679266,419816.5,838933.0796,1678216,13,0,0,72,112,1.786474601,2.977457668,0,8760,1292.555556,2952.520834,8717379.278,0,0,0,1,0,0,0,0,1,1454.125,8.666666667,2321.4,72,3,26,5,11607,8192,229,2,20,0.0,0.0,0,0,0.0,0.0,0,0,DDoS
53,30257,1,1,56,72,56,56,56.0,0.0,72,72,72.0,0.0,4230.42601712,66.1004065175,30257.0,0.0,30257,30257,0,0.0,0.0,0,0,0,0.0,0.0,0,0,0,0,32,20,33.0502032588,33.0502032588,56,72,61.3333333333,9.237604307,85.3333333333,0,0,0,0,0,0,0,0,1,92.0,56.0,72.0,32,1,56,1,72,-1,-1,0,32,0.0,0.0,0,0,0.0,0.0,0,0,BENIGN
443,17900954,10,11,1587,6209,517,0,158.7,230.1873874,1460,0,564.4545455,581.5861696,435.5075154,1.173121835,895047.7,1736008.729,4999539,3,12900000,1433490.222,1930757.797,4321669,28553,17900000,1787250.5,2212483.898,4999651,3,0,0,212,224,0.558629445,0.61449239,0,1460,354.3636364,480.7354035,231106.5281,0,0,0,1,0,0,0,0,1,371.2380952,158.7,564.4545455,212,10,1587,11,6209,8192,32160,4,20,0.0,0.0,0,0,0.0,0.0,0,0,BENIGN
443,14725467,13,12,4605,10797,1447,0,354.2307692308,610.9281400522,2016,0,899.75,908.4573462744,1045.9430590555,1.6977390259,613561.125,2135387.48057979,10000646,3,4724818,393734.833333333,1046240.99037683,3683379,217,14693186,1335744.18181818,3080073.06958597,10000690,3,0,0,424,392,0.8828242935,0.8149147324,0,2016,592.3846153846,794.4549365155,631158.646153846,0,0,0,1,0,0,0,0,0,616.08,354.2307692308,899.75,424,13,4605,12,10797,29200,78,5,32,4724818.0,0.0,4724818,4724818,10000646.0,0.0,10000646,10000646,BENIGN
53,90590319,2,2,123,209,66,57,61.5,6.3639610307,111,98,104.5,9.1923881554,3.6648507662,0.0441548285,30196773.0,52178704.2232563,90447526,23998,90566321,90566321.0,0.0,90566321,90566321,90471524,90471524.0,0.0,90471524,90471524,0,0,52,40,0.0220774143,0.0220774143,57,111,77.8,25.073890803,628.7,0,0,0,0,0,0,0,0,1,97.25,61.5,104.5,52,2,123,2,209,-1,-1,1,20,118795.0,0.0,118795,118795,90447526.0,0.0,90447526,90447526,BENIGN
53,133,2,2,80,112,40,40,40.0,0.0,56,56,56.0,0.0,1443609.023,30075.18797,44.33333333,69.85938257,125,4,4,4.0,0.0,4,4,4,4.0,0.0,4,4,0,0,40,40,15037.59398,15037.59398,40,56,46.4,8.76356092,76.8,0,0,0,0,0,0,0,0,1,58.0,40.0,56.0,40,2,80,2,112,-1,-1,1,20,0.0,0.0,0,0,0.0,0.0,0,0,BENIGN
58080,73,1,1,6,6,6,6,6.0,0.0,6,6,6.0,0.0,164383.5616,27397.26027,73.0,0.0,73,73,0,0.0,0.0,0,0,0,0.0,0.0,0,0,0,0,20,20,13698.63014,13698.63014,6,6,6.0,0.0,0.0,0,0,0,0,1,1,0,0,1,9.0,6.0,6.0,20,1,6,1,6,119,255,0,20,0.0,0.0,0,0,0.0,0.0,0,0,BENIGN
80,9359793,4,0,24,0,6,6,6.0,0.0,0,0,0.0,0.0,2.564159271,0.427359879,3119931.0,5403875.544,9359789,1,9359793,3119931.0,5403875.544,9359789,1,0,0.0,0.0,0,0,0,0,80,0,0.427359879,0.0,6,6,6.0,0.0,0.0,0,0,0,0,1,0,0,0,0,7.5,6.0,0.0,80,4,24,0,0,256,-1,3,20,4.0,0.0,4,4,9359789.0,0.0,9359789,9359789,DDoS
80,512769,3,4,26,11607,20,0,8.666666667,10.26320288,11595,0,2901.75,5795.50069,22686.62887,13.65137128,85461.5,208778.7664,511629,5,983,491.5,499.9244943,845,138,512694,170898.0,295082.1733,511629,5,0,0,72,92,5.850587692,7.800783589,0,11595,1454.125,4097.537534,16800000.0,0,0,0,1,0,0,0,0,1,1661.857143,8.666666667,2901.75,72,3,26,4,11607,8192,229,2,20,0.0,0.0,0,0,0.0,0.0,0,0,DDoS
80,99725809,7,5,405,11595,399,0,57.85714286,150.4464784,8688,0,2319.0,3774.237539,120.3299338,0.120329934,9065982.636,30000000.0,99600000,1,99700000,16600000.0,40700000.0,99600000,1,77202,19300.5,31055.63483,65151,80,0,0,220,168,0.070192461,0.050137472,0,8688,923.0769231,2465.606668,6079216.244,0,0,0,0,1,0,0,0,0,1000.0,57.85714286,2319.0,220,7,405,5,11595,251,235,2,20,2011.0,0.0,2011,2011,99600000.0,0.0,99600000,99600000,DoS Hulk
80,1286570,163,480,803,1010943,803,0,4.9263803681,62.895814134,4344,0,2106.13125,818.0133946605,786390.169209604,499.7784807667,2004.0031152648,8901.536306428,51475,1,1285903,7937.6728395062,16826.5719540434,52208,3,1235289,2578.8914405011,10357.3445046994,51983,1,0,0,5228,15368,126.6934562441,373.0850245226,0,4344,1571.0341614907,1157.0709099224,1338813.09058857,0,0,0,1,0,0,0,0,2,1573.4774494557,4.9263803681,2106.13125,5228,163,803,480,1010943,65535,58,1,32,0.0,0.0,0,0,0.0,0.0,0,0,BENIGN
53,48048,2,2,62,190,31,31,31.0,0.0,95,95,95.0,0.0,5244.755245,83.25008325,16016.0,27735.32958,48042,3,3,3.0,0.0,3,3,3,3.0,0.0,3,3,0,0,40,64,41.62504163,41.62504163,31,95,56.6,35.05424368,1228.8,0,0,0,0,0,0,0,0,1,70.75,31.0,95.0,40,2,62,2,190,-1,-1,1,20,0.0,0.0,0,0,0.0,0.0,0,0,BENIGN
3880,41,1,1,2,6,2,2,2.0,0.0,6,6,6.0,0.0,195121.9512,48780.4878,41.0,0.0,41,41,0,0.0,0.0,0,0,0,0.0,0.0,0,0,0,0,24,20,24390.2439,24390.2439,2,6,3.333333333,2.309401077,5.333333333,0,0,0,1,0,0,0,0,1,5.0,2.0,6.0,24,1,2,1,6,1024,0,0,24,0.0,0.0,0,0,0.0,0.0,0,0,PortScan
443,18196,2,0,12,0,6,6,6.0,0.0,0,0,0.0,0.0,659.485601231,109.9142668718,18196.0,0.0,18196,18196,18196,18196.0,0.0,18196,18196,0,0.0,0.0,0,0,0,0,40,0,109.9142668718,0.0,6,6,6.0,0.0,0.0,0,0,0,0,1,0,0,0,0,9.0,6.0,0.0,40,2,12,0,0,326,-1,1,20,0.0,0.0,0,0,0.0,0.0,0,0,BENIGN
443,64615704,7,0,0,0,0,0,0.0,0.0,0,0,0.0,0.0,0.0,0.108332798,10800000.0,12200000.0,33000000,1031658,64600000,10800000.0,12200000.0,33000000,1031658,0,0.0,0.0,0,0,0,0,280,0,0.108332798,0.0,0,0,0.0,0.0,0.0,0,0,0,1,0,0,0,0,0,0.0,0.0,0.0,280,7,0,0,0,29200,-1,0,40,7271638.0,0.0,7271638,7271638,19100000.0,12700000.0,33000000,8192035,BENIGN
53,249031,1,1,51,112,51,51,51.0,0.0,112,112,112.0,0.0,654.5369854,8.031128655,249031.0,0.0,249031,249031,0,0.0,0.0,0,0,0,0.0,0.0,0,0,0,0,32,20,4.015564327,4.015564327,51,112,71.33333333,35.21836642,1240.333333,0,0,0,0,0,0,0,0,1,107.0,51.0,112.0,32,1,51,1,112,-1,-1,0,32,0.0,0.0,0,0,0.0,0.0,0,0,BENIGN
123,81196,1,1,48,48,48,48,48.0,0.0,48,48,48.0,0.0,1182.324252,24.63175526,81196.0,0.0,81196,81196,0,0.0,0.0,0,0,0,0.0,0.0,0,0,0,0,32,32,12.31587763,12.31587763,48,48,48.0,0.0,0.0,0,0,0,0,0,0,0,0,1,72.0,48.0,48.0,32,1,48,1,48,-1,-1,0,32,0.0,0.0,0,0,0.0,0.0,0,0,BENIGN
53,425931,4,2,124,248,31,31,31.0,0.0,124,124,124.0,0.0,873.3808997,14.08678871,85186.2,144488.5399,333557,3,92370,30790.0,53323.78219,92363,3,4,4.0,0.0,4,4,0,0,80,40,9.39119247,4.695596235,31,124,57.57142857,45.37935339,2059.285714,0,0,0,0,0,0,0,0,0,67.16666667,31.0,124.0,80,4,124,2,248,-1,-1,3,20,0.0,0.0,0,0,0.0,0.0,0,0,BENIGN
443,595829,8,4,575,3383,342,0,71.875,125.8371254553,1448,0,845.75,723.2806624449,6642.845514401,20.1400066126,54166.2727272727,92537.9504636783,206721,6,595829,85118.4285714286,105847.33138166,206746,27,207153,69051.0,119404.136264202,206927,48,0,0,264,136,13.4266710751,6.7133355375,0,1448,304.4615384615,530.541486814,281474.269230769,0,0,0,1,0,0,0,0,0,329.8333333333,71.875,845.75,264,8,575,4,3383,29200,4380,3,32,0.0,0.0,0,0,0.0,0.0,0,0,BENIGN
23,49,1,1,0,6,0,0,0.0,0.0,6,6,6.0,0.0,122448.9796,40816.32653,49.0,0.0,49,49,0,0.0,0.0,0,0,0,0.0,0.0,0,0,0,0,40,20,20408.16327,20408.16327,0,6,2.0,3.464101615,12.0,0,0,0,1,0,0,0,0,1,3.0,0.0,6.0,40,1,0,1,6,29200,0,0,40,0.0,0.0,0,0,0.0,0.0,0,0,PortScan
80,98431782,6,7,321,11595,303,0,53.5,122.2648764,5792,0,1656.428571,2120.732252,121.0584606,0.132071164,8202648.5,28400000.0,98300000,1,98300000,19700000.0,43900000.0,98300000,1,98400000,16400000.0,40100000.0,98300000,45,0,0,164,232,0.060955922,0.071115242,0,5792,851.5714286,1667.121873,2779295.341,1,0,0,0,0,0,0,0,1,917.0769231,53.5,1656.428571,164,6,321,7,11595,0,235,3,20,15018.0,0.0,15018,15018,98300000.0,0.0,98300000,98300000,DoS Hulk
80,11991693,5,0,30,0,6,6,6.0,0.0,0,0,0.0,0.0,2.501731824,0.416955304,2997923.25,5995185.185,12000000,1,12000000,2997923.25,5995185.185,12000000,1,0,0.0,0.0,0,0,0,0,100,0,0.416955304,0.0,6,6,6.0,0.0,0.0,0,0,0,0,1,0,0,0,0,7.2,6.0,0.0,100,5,30,0,0,256,-1,4,20,992.0,0.0,992,992,12000000.0,0.0,12000000,12000000,DDoS
123,67081378,2,2,96,96,48,48,48.0,0.0,48,48,48.0,0.0,2.862195228,0.059629067,22400000.0,38600000.0,66900000,81019,67000000,67000000.0,0.0,67000000,67000000,67000000,67000000.0,0.0,67000000,67000000,0,0,52,40,0.029814534,0.029814534,48,48,48.0,0.0,0.0,0,0,0,0,0,0,0,0,1,60.0,48.0,48.0,52,2,96,2,96,-1,-1,1,20,81019.0,0.0,81019,81019,66900000.0,0.0,66900000,66900000,BENIGN
53,30991,2,2,78,152,39,39,39.0,0.0,76,76,76.0,0.0,7421.5094704914,129.0697299216,10330.3333333333,17887.466040033,30985,3,3,3.0,0.0,3,3,3,3.0,0.0,3,3,0,0,40,40,64.5348649608,64.5348649608,39,76,53.8,20.2657346277,410.7,0,0,0,0,0,0,0,0,1,67.25,39.0,76.0,40,2,78,2,152,-1,-1,1,20,0.0,0.0,0,0,0.0,0.0,0,0,BENIGN
80,61157,3,2,856,474,850,0,285.3333333,489.0248801,474,0,237.0,335.1686143,21747.30611,81.7567899,15289.25,17434.15679,30617,59,30540,15270.0,21135.42169,30215,325,31001,31001.0,0.0,31001,31001,0,0,84,52,49.05407394,32.70271596,0,850,221.6666667,361.2188626,130479.0667,0,0,0,1,0,0,0,0,0,266.0,285.3333333,237.0,84,3,856,2,474,65535,128,2,20,0.0,0.0,0,0,0.0,0.0,0,0,BENIGN
2288,13,1,1,2,6,2,2,2.0,0.0,6,6,6.0,0.0,615384.6154,153846.1538,13.0,0.0,13,13,0,0.0,0.0,0,0,0,0.0,0.0,0,0,0,0,24,20,76923.07692,76923.07692,2,6,3.333333333,2.309401077,5.333333333,0,0,0,1,0,0,0,0,1,5.0,2.0,6.0,24,1,2,1,6,1024,0,0,24,0.0,0.0,0,0,0.0,0.0,0,0,PortScan
443,88298988,28,27,2348,13117,440,0,83.85714286,157.8998075,1576,0,485.8148148,631.2704551,175.1435702,0.622883696,1635166.444,3556855.203,10000000,4,84000000,3112749.889,4591093.474,10100000,49,88200000,3391597.923,4629057.466,10100000,4,0,0,904,872,0.317104427,0.305779269,0,1576,276.1607143,492.3550004,242413.4464,0,0,0,1,0,0,0,0,0,281.1818182,83.85714286,485.8148148,904,28,2348,27,13117,29200,72,7,32,533009.125,605574.124,1544001,116040,9972521.75,144086.7684,10000000,9616605,BENIGN
80,101385168,8,4,56,11601,20,0,7.0,5.656854249,8760,0,2900.25,4128.319301,114.9773703,0.118360508,9216833.455,29100000.0,96800000,3,100000000,14300000.0,36400000.0,96800000,3,1310918,436972.6667,736047.3643,1286776,178,0,0,172,92,0.078907005,0.039453503,0,8760,897.1538462,2488.507044,6192667.308,0,0,0,0,1,0,0,0,0,971.9166667,7.0,2900.25,172,8,56,4,11601,256,229,6,20,3286896.0,0.0,3286896,3286896,96800000.0,0.0,96800000,96800000,DDoS
60829,29682,5,2,11607,26,11595,0,2321.4,5184.100867,20,6,13.0,9.899494937,391921.0296,235.8331649,4947.0,11755.28768,28939,7,29682,7420.5,14349.04014,28939,7,50,50.0,0.0,50,50,0,0,124,40,168.4522606,67.38090425,0,11595,1454.125,4097.537534,16800000.0,0,0,0,1,0,0,0,0,0,1661.857143,2321.4,13.0,124,5,11607,2,26,8192,256,3,20,0.0,0.0,0,0,0.0,0.0,0,0,BENIGN
443,4214899,5,1,135,46,46,6,27.0,20.1246118,46,46,46.0,0.0,42.94290326,1.423521655,842979.8,1842962.811,4139572,48,4214899,1053724.75,2057519.6,4139572,48,0,0.0,0.0,0,0,1,0,100,20,1.186268046,0.237253609,6,46,32.42857143,18.86670032,355.952381,0,1,0,0,1,0,0,0,0,37.83333333,27.0,46.0,100,5,135,1,46,256,1213,4,20,0.0,0.0,0,0,0.0,0.0,0,0,BENIGN
443,15639717,9,11,802,5886,448,0,89.11111111,151.8621451,1460,0,535.0909091,642.4550497,427.6292212,1.278795518,823143.0,2439249.347,9800799,3,10700000,1334511.0,3422426.164,9800799,12663,15600000,1555418.9,3357007.433,10100000,3,0,0,192,244,0.575457983,0.703337535,0,1460,318.4761905,519.7607737,270151.2619,0,0,0,1,0,0,0,0,1,334.4,89.11111111,535.0909091,192,9,802,11,5886,8192,123,8,20,875289.0,0.0,875289,875289,9800799.0,0.0,9800799,9800799,BENIGN
80,13726585,11,11,3587,3431,1415,0,326.0909091,494.6783712,1263,0,311.9090909,491.413564,511.2706474,1.602729302,653646.9048,2200605.547,10000000,42,11400000,1136409.3,3118628.248,10000000,145,13700000,1368984.1,3124750.074,10000000,37040,0,0,360,360,0.801364651,0.801364651,0,1415,305.1304348,474.8388535,225471.9368,0,0,0,1,0,0,0,0,1,319.0,326.0909091,311.9090909,360,11,3587,11,3431,29200,1130,4,32,1363698.0,0.0,1363698,1363698,10000000.0,0.0,10000000,10000000,BENIGN
53,52123,2,2,72,204,36,36,36.0,0.0,102,102,102.0,0.0,5295.167201,76.74155363,17374.33333,30050.80202,52074,1,48,48.0,0.0,48,48,1,1.0,0.0,1,1,0,0,40,40,38.37077682,38.37077682,36,102,62.4,36.1496888,1306.8,0,0,0,0,0,0,0,0,1,78.0,36.0,102.0,40,2,72,2,204,-1,-1,1,20,0.0,0.0,0,0,0.0,0.0,0,0,BENIGN
443,5660599,8,8,382,3522,201,0,47.75,74.77728838,1350,0,440.25,617.9058527,689.6796611,2.826555988,377373.2667,1430310.248,5547453,3,5660599,808657.0,2089654.646,5547453,17,84510,12072.85714,20306.91787,51372,3,0,0,172,168,1.413277994,1.413277994,0,1350,229.6470588,459.8949528,211503.3676,0,0,0,1,0,0,0,0,1,244.0,47.75,440.25,172,8,382,8,3522,8192,4377,7,20,113129.0,0.0,113129,113129,5547453.0,0.0,5547453,5547453,BENIGN
6,44,1,1,2,6,2,2,2.0,0.0,6,6,6.0,0.0,181818.1818,45454.54545,44.0,0.0,44,44,0,0.0,0.0,0,0,0,0.0,0.0,0,0,0,0,24,20,22727.27273,22727.27273,2,6,3.333333333,2.309401077,5.333333333,0,0,0,1,0,0,0,0,1,5.0,2.0,6.0,24,1,2,1,6,1024,0,0,24,0.0,0.0,0,0,0.0,0.0,0,0,PortScan
80,84654433,6,4,320,11595,320,0,53.33333333,130.6394529,8688,0,2898.75,4095.56617,140.7486835,0.118127305,9406048.111,28200000.0,84500000,2,84500000,16900000.0,37800000.0,84500000,2,149776,49925.33333,76994.01329,138612,189,0,0,200,136,0.070876383,0.047250922,0,8688,1083.181818,2666.988595,7112828.164,0,0,0,0,1,0,0,0,0,1191.5,53.33333333,2898.75,200,6,320,4,11595,274,235,1,32,4.0,0.0,4,4,84500000.0,0.0,84500000,84500000,DoS Hulk
53,210,2,2,84,192,42,42,42.0,0.0,96,96,96.0,0.0,1314285.714,19047.61905,70.0,114.3153533,202,4,4,4.0,0.0,4,4,4,4.0,0.0,4,4,0,0,64,64,9523.809524,9523.809524,42,96,63.6,29.57701811,874.8,0,0,0,0,0,0,0,0,1,79.5,42.0,96.0,64,2,84,2,192,-1,-1,1,32,0.0,0.0,0,0,0.0,0.0,0,0,BENIGN
2107,11,1,1,2,6,2,2,2.0,0.0,6,6,6.0,0.0,727272.7273,181818.1818,11.0,0.0,11,11,0,0.0,0.0,0,0,0,0.0,0.0,0,0,0,0,24,20,90909.09091,90909.09091,2,6,3.333333333,2.309401077,5.333333333,0,0,0,1,0,0,0,0,1,5.0,2.0,6.0,24,1,2,1,6,1024,0,0,24,0.0,0.0,0,0,0.0,0.0,0,0,PortScan
80,5866250,3,1,0,0,0,0,0.0,0.0,0,0,0.0,0.0,0.0,0.68186661,1955416.667,3386116.331,5865367,129,5866250,2933125.0,4146816.405,5865367,883,0,0.0,0.0,0,0,0,0,104,40,0.511399957,0.170466652,0,0,0.0,0.0,0.0,0,0,0,1,0,0,0,0,0,0.0,0.0,0.0,104,3,0,1,0,29200,28960,0,32,0.0,0.0,0,0,0.0,0.0,0,0,Web Attack � Brute Force
443,5180058,7,3,599,160,517,0,85.5714285714,191.3085266813,160,0,53.3333333333,92.3760430703,146.523455915,1.9304803151,575562.0,1683523.98460781,5064560,3,5180058,863343.0,2091374.29385569,5132278,3,91948,45974.0,31108.455731521,67971,23977,0,0,232,104,1.3513362206,0.5791440945,0,517,69.0,156.2305987955,24408.0,0,0,0,1,0,0,0,0,0,75.9,85.5714285714,53.3333333333,232,7,599,3,160,29200,59,3,32,115495.0,0.0,115495,115495,5064560.0,0.0,5064560,5064560,BENIGN
50277,485341,1,7,6,42,6,6,6.0,0.0,6,6,6.0,0.0,98.89953661,16.4832561,69334.42857,168448.1949,450858,1,0,0.0,0.0,0,0,464083,77347.16667,183058.5695,450858,1,0,0,20,140,2.060407013,14.42284909,6,6,6.0,0.0,0.0,0,0,0,0,1,1,0,0,7,6.75,6.0,6.0,20,1,6,7,42,229,0,0,20,0.0,0.0,0,0,0.0,0.0,0,0,BENIGN
53,100638,2,2,64,196,32,32,32.0,0.0,98,98,98.0,0.0,2583.517161,39.74641785,33546.0,58099.04628,100633,1,1,1.0,0.0,1,1,4,4.0,0.0,4,4,0,0,40,64,19.87320893,19.87320893,32,98,58.4,36.1496888,1306.8,0,0,0,0,0,0,0,0,1,73.0,32.0,98.0,40,2,64,2,196,-1,-1,1,20,0.0,0.0,0,0,0.0,0.0,0,0,BENIGN
22,11055161,21,32,2008,2745,640,0,95.61904762,140.0451628,976,0,85.78125,220.240592,429.9349417,4.794140945,212599.25,573213.4424,2112388,3,9002796,450139.8,796264.3227,2171173,317,11100000,356613.6129,711051.5089,2112388,3,0,0,680,1032,1.89956528,2.894575665,0,976,88.01851852,189.5902723,35944.47135,0,0,0,1,0,0,0,0,1,89.67924528,95.61904762,85.78125,680,21,2008,32,2745,29200,247,16,32,0.0,0.0,0,0,0.0,0.0,0,0,SSH-Patator
9998,46,1,1,2,6,2,2,2.0,0.0,6,6,6.0,0.0,173913.0435,43478.26087,46.0,0.0,46,46,0,0.0,0.0,0,0,0,0.0,0.0,0,0,0,0,24,20,21739.13043,21739.13043,2,6,3.333333333,2.309401077,5.333333333,0,0,0,1,0,0,0,0,1,5.0,2.0,6.0,24,1,2,1,6,1024,0,0,24,0.0,0.0,0,0,0.0,0.0,0,0,PortScan
443,90672407,36,39,1853,33270,453,0,51.47222222,133.9438019,2896,0,853.0769231,771.3268945,387.3615046,0.827153513,1225302.797,3271833.096,10000000,1,81200000,2319300.371,4262747.618,10000000,2,90600000,2385505.789,4289702.054,10000000,1,0,0,1160,1244,0.397033686,0.430119827,0,2896,462.1447368,687.8099292,473082.4988,0,0,0,1,0,0,0,0,1,468.3066667,51.47222222,853.0769231,1160,36,1853,39,33270,29200,6233,5,32,118538.5556,285642.5769,880252,23130,9956173.333,182242.1356,10000000,9473554,BENIGN
53,48548,1,1,44,189,44,44,44.0,0.0,189,189,189.0,0.0,4799.373816,41.19634176,48548.0,0.0,48548,48548,0,0.0,0.0,0,0,0,0.0,0.0,0,0,0,0,20,20,20.59817088,20.59817088,44,189,92.33333333,83.71578903,7008.333333,0,0,0,0,0,0,0,0,1,138.5,44.0,189.0,20,1,44,1,189,-1,-1,0,20,0.0,0.0,0,0,0.0,0.0,0,0,BENIGN
443,75053059,9,10,1039,1090,1039,0,115.4444444,346.3333333,1059,0,109.0,333.938118,28.36659862,0.253154239,4169614.389,4914160.587,10000000,4,70500000,8818339.125,3537118.408,10100000,64678,75000000,8332049.0,3635572.733,10100000,4,1,0,288,320,0.119915166,0.133239073,0,1059,158.4,382.4899586,146298.5684,0,1,0,0,1,0,0,0,1,166.7368421,115.4444444,109.0,288,9,1039,10,1090,287,301,0,32,52443.0,5395.97146,64678,50319,10000000.0,10413.26943,10000000,10000000,BENIGN
53,48015,1,1,55,116,55,55,55.0,0.0,116,116,116.0,0.0,3561.387067,41.6536499,48015.0,0.0,48015,48015,0,0.0,0.0,0,0,0,0.0,0.0,0,0,0,0,32,20,20.82682495,20.82682495,55,116,75.33333333,35.21836642,1240.333333,0,0,0,0,0,0,0,0,1,113.0,55.0,116.0,32,1,55,1,116,-1,-1,0,32,0.0,0.0,0,0,0.0,0.0,0,0,BENIGN
53,30406,1,1,39,55,39,39,39.0,0.0,55,55,55.0,0.0,3091.4951,65.77649148,30406.0,0.0,30406,30406,0,0.0,0.0,0,0,0,0.0,0.0,0,0,0,0,40,32,32.88824574,32.88824574,39,55,44.33333333,9.237604307,85.33333333,0,0,0,0,0,0,0,0,1,66.5,39.0,55.0,40,1,39,1,55,-1,-1,0,40,0.0,0.0,0,0,0.0,0.0,0,0,BENIGN
53,30300,1,1,33,65,33,33,33.0,0.0,65,65,65.0,0.0,3234.3234323432,66.0066006601,30300.0,0.0,30300,30300,0,0.0,0.0,0,0,0,0.0,0.0,0,0,0,0,20,20,33.00330033,33.00330033,33,65,43.6666666667,18.4752086141,341.3333333333,0,0,0,0,0,0,0,0,1,65.5,33.0,65.0,20,1,33,1,65,-1,-1,0,20,0.0,0.0,0,0,0.0,0.0,0,0,BENIGN
80,96977700,7,7,343,11595,343,0,49.0,129.6418142,5792,0,1656.428571,2118.227235,123.1004654,0.144363086,7459823.077,26800000.0,96800000,2,96800000,16100000.0,39500000.0,96800000,49,176452,29408.66667,68470.63515,169063,2,0,0,232,232,0.072181543,0.072181543,0,5792,795.8666667,1620.057356,2624585.838,0,0,0,0,1,0,0,0,1,852.7142857,49.0,1656.428571,232,7,343,7,11595,251,235,1,32,736.0,0.0,736,736,96800000.0,0.0,96800000,96800000,DoS Hulk
53,70231,1,1,43,277,43,43,43.0,0.0,277,277,277.0,0.0,4556.392476,28.47745298,70231.0,0.0,70231,70231,0,0.0,0.0,0,0,0,0.0,0.0,0,0,0,0,20,32,14.23872649,14.23872649,43,277,121.0,135.099963,18252.0,0,0,0,0,0,0,0,0,1,181.5,43.0,277.0,20,1,43,1,277,-1,-1,0,20,0.0,0.0,0,0,0.0,0.0,0,0,BENIGN
53,432,1,1,47,108,47,47,47.0,0.0,108,108,108.0,0.0,358796.2963,4629.62963,432.0,0.0,432,432,0,0.0,0.0,0,0,0,0.0,0.0,0,0,0,0,32,32,2314.814815,2314.814815,47,108,67.33333333,35.21836642,1240.333333,0,0,0,0,0,0,0,0,1,101.0,47.0,108.0,32,1,47,1,108,-1,-1,0,32,0.0,0.0,0,0,0.0,0.0,0,0,BENIGN
53725,37,1,1,6,6,6,6,6.0,0.0,6,6,6.0,0.0,324324.324324324,54054.0540540541,37.0,0.0,37,37,0,0.0,0.0,0,0,0,0.0,0.0,0,0,0,0,20,20,27027.027027027,27027.027027027,6,6,6.0,0.0,0.0,0,0,0,0,1,1,0,0,1,9.0,6.0,6.0,20,1,6,1,6,119,255,0,20,0.0,0.0,0,0,0.0,0.0,0,0,BENIGN
443,148,2,0,12,0,6,6,6.0,0.0,0,0,0.0,0.0,81081.0810810811,13513.5135135135,148.0,0.0,148,148,148,148.0,0.0,148,148,0,0.0,0.0,0,0,0,0,40,0,13513.5135135135,0.0,6,6,6.0,0.0,0.0,0,0,0,0,1,0,0,0,0,9.0,6.0,0.0,40,2,12,0,0,62996,-1,1,20,0.0,0.0,0,0,0.0,0.0,0,0,BENIGN
80,5529911,5,0,30,0,6,6,6.0,0.0,0,0,0.0,0.0,5.425042103,0.904173684,1382477.75,2763620.207,5527908,3,5529911,1382477.75,2763620.207,5527908,3,0,0.0,0.0,0,0,0,0,100,0,0.904173684,0.0,6,6,6.0,0.0,0.0,0,0,0,0,1,0,0,0,0,7.2,6.0,0.0,100,5,30,0,0,256,-1,4,20,2003.0,0.0,2003,2003,5527908.0,0.0,5527908,5527908,DDoS
80,24061309,5,0,30,0,6,6,6.0,0.0,0,0,0.0,0.0,1.246814959,0.207802493,6015327.25,12000000.0,24100000,1,24100000,6015327.25,12000000.0,24100000,1,0,0.0,0.0,0,0,0,0,100,0,0.207802493,0.0,6,6,6.0,0.0,0.0,0,0,0,0,1,0,0,0,0,7.2,6.0,0.0,100,5,30,0,0,256,-1,4,20,981.0,0.0,981,981,24100000.0,0.0,24100000,24100000,DDoS
80,191518,3,0,0,0,0,0,0.0,0.0,0,0,0.0,0.0,0.0,15.66432398,95759.0,81782.5561,153588,37930,191518,95759.0,81782.5561,153588,37930,0,0.0,0.0,0,0,0,0,96,0,15.66432398,0.0,0,0,0.0,0.0,0.0,0,0,0,0,1,0,0,0,0,0.0,0.0,0.0,96,3,0,0,0,264,-1,0,32,0.0,0.0,0,0,0.0,0.0,0,0,BENIGN
80,99141632,6,7,317,11595,299,0,52.83333333,120.6323616,4344,0,1656.428571,1760.597234,120.1513407,0.13112554,8261802.667,28600000.0,99000000,5,99000000,19800000.0,44300000.0,99000000,5,99100000,16500000.0,40400000.0,99000000,31,0,0,164,232,0.06051948,0.07060606,0,4344,851.2857143,1460.990888,2134494.374,1,0,0,0,0,0,0,0,1,916.7692308,52.83333333,1656.428571,164,6,317,7,11595,0,235,3,20,13963.0,0.0,13963,13963,99000000.0,0.0,99000000,99000000,DoS Hulk
53,30662,1,1,51,67,51,51,51.0,0.0,67,67,67.0,0.0,3848.4117148262,65.2273172004,30662.0,0.0,30662,30662,0,0.0,0.0,0,0,0,0.0,0.0,0,0,0,0,32,32,32.6136586002,32.6136586002,51,67,56.3333333333,9.237604307,85.3333333333,0,0,0,0,0,0,0,0,1,84.5,51.0,67.0,32,1,51,1,67,-1,-1,0,32,0.0,0.0,0,0,0.0,0.0,0,0,BENIGN
53,152,2,2,94,256,47,47,47.0,0.0,128,128,128.0,0.0,2302631.579,26315.78947,50.66666667,81.69659316,145,3,3,3.0,0.0,3,3,4,4.0,0.0,4,4,0,0,40,40,13157.89474,13157.89474,47,128,79.4,44.36552716,1968.3,0,0,0,0,0,0,0,0,1,99.25,47.0,128.0,40,2,94,2,256,-1,-1,1,20,0.0,0.0,0,0,0.0,0.0,0,0,BENIGN
2972,20,1,1,6,6,6,6,6.0,0.0,6,6,6.0,0.0,600000.0,100000.0,20.0,0.0,20,20,0,0.0,0.0,0,0,0,0.0,0.0,0,0,0,0,20,20,50000.0,50000.0,6,6,6.0,0.0,0.0,0,0,0,0,1,1,0,0,1,9.0,6.0,6.0,20,1,6,1,6,237,16390,0,20,0.0,0.0,0,0,0.0,0.0,0,0,Bot
53,178,2,2,106,202,53,53,53.0,0.0,101,101,101.0,0.0,1730337.079,22471.91011,59.33333333,97.57219549,172,3,3,3.0,0.0,3,3,3,3.0,0.0,3,3,0,0,40,40,11235.95506,11235.95506,53,101,72.2,26.29068276,691.2,0,0,0,0,0,0,0,0,1,90.25,53.0,101.0,40,2,106,2,202,-1,-1,1,20,0.0,0.0,0,0,0.0,0.0,0,0,BENIGN
53,65779,1,1,54,150,54,54,54.0,0.0,150,150,150.0,0.0,3101.293726,30.40484045,65779.0,0.0,65779,65779,0,0.0,0.0,0,0,0,0.0,0.0,0,0,0,0,20,32,15.20242023,15.20242023,54,150,86.0,55.42562584,3072.0,0,0,0,0,0,0,0,0,1,129.0,54.0,150.0,20,1,54,1,150,-1,-1,0,20,0.0,0.0,0,0,0.0,0.0,0,0,BENIGN
61072,78615635,6,9,12982,56,5840,0,2163.666667,2864.527931,20,0,6.222222222,5.783117191,165.844873,0.190801741,5615402.5,20400000.0,76400000,7,78600000,15700000.0,35100000.0,78500000,7,78500000,9815632.0,26900000.0,76400000,217,1,0,132,204,0.076320696,0.114481044,0,5840,900.8125,1966.79354,3868276.829,0,1,0,0,1,1,0,0,1,960.8666667,2163.666667,6.222222222,132,6,12982,9,56,229,256,4,20,2162604.0,0.0,2162604,2162604,76400000.0,0.0,76400000,76400000,BENIGN
49195,82,1,1,6,6,6,6,6.0,0.0,6,6,6.0,0.0,146341.4634,24390.2439,82.0,0.0,82,82,0,0.0,0.0,0,0,0,0.0,0.0,0,0,0,0,20,20,12195.12195,12195.12195,6,6,6.0,0.0,0.0,0,0,0,0,1,1,0,0,1,9.0,6.0,6.0,20,1,6,1,6,1315,256,0,20,0.0,0.0,0,0,0.0,0.0,0,0,BENIGN
80,6013891,4,2,0,0,0,0,0.0,0.0,0,0,0.0,0.0,0.0,0.997690181,1202778.2,2003900.773,4705339,20,6013891,2004630.333,2370689.865,4705339,267236,1041284,1041284.0,0.0,1041284,1041284,0,0,136,80,0.665126787,0.332563394,0,0,0.0,0.0,0.0,0,0,0,1,0,0,0,0,0,0.0,0.0,0.0,136,4,0,2,0,29200,11584,0,32,0.0,0.0,0,0,0.0,0.0,0,0,BENIGN
80,4866912,5,0,30,0,6,6,6.0,0.0,0,0,0.0,0.0,6.164072825,1.027345471,1216728.0,2432790.045,4865913,3,4866912,1216728.0,2432790.045,4865913,3,0,0.0,0.0,0,0,0,0,100,0,1.027345471,0.0,6,6,6.0,0.0,0.0,0,0,0,0,1,0,0,0,0,7.2,6.0,0.0,100,5,30,0,0,256,-1,4,20,0.0,0.0,0,0,0.0,0.0,0,0,DDoS
53,61192,2,2,74,302,37,37,37.0,0.0,151,151,151.0,0.0,6144.594065,65.36802196,20397.33333,35322.28947,61184,4,4,4.0,0.0,4,4,4,4.0,0.0,4,4,0,0,40,40,32.68401098,32.68401098,37,151,82.6,62.44037156,3898.8,0,0,0,0,0,0,0,0,1,103.25,37.0,151.0,40,2,74,2,302,-1,-1,1,20,0.0,0.0,0,0,0.0,0.0,0,0,BENIGN
80,6116819,4,0,24,0,6,6,6.0,0.0,0,0,0.0,0.0,3.923608006,0.653934668,2038939.667,3531542.766,6116814,2,6116819,2038939.667,3531542.766,6116814,2,0,0.0,0.0,0,0,0,0,80,0,0.653934668,0.0,6,6,6.0,0.0,0.0,0,0,0,0,1,0,0,0,0,7.5,6.0,0.0,80,4,24,0,0,256,-1,3,20,5.0,0.0,5,5,6116814.0,0.0,6116814,6116814,DDoS
21,8412266,9,15,107,188,26,0,11.88888889,9.854496999,34,0,12.53333333,14.54975045,35.06784022,2.852976832,365750.6957,970376.4752,3519981,3,4848706,606088.25,1125420.132,2629412,251,8412131,600866.5,1200584.78,3519981,3,0,0,296,488,1.069866312,1.78311052,0,34,11.8,12.72792206,162.0,0,0,0,1,0,0,0,0,1,12.29166667,11.88888889,12.53333333,296,9,107,15,188,29200,227,6,32,0.0,0.0,0,0,0.0,0.0,0,0,FTP-Patator
80,86075221,8,5,354,11595,354,0,44.25,125.1579003,5792,0,2319.0,2629.518777,138.8204394,0.15103069,7172935.083,24800000.0,85900000,1,85900000,12300000.0,32500000.0,85900000,1,180587,45146.75,78608.07492,162379,87,0,0,264,168,0.092941963,0.058088727,0,5792,853.5,1849.59716,3421009.654,0,0,0,0,1,0,0,0,0,919.1538462,44.25,2319.0,264,8,354,5,11595,251,235,1,32,1975.0,0.0,1975,1975,85900000.0,0.0,85900000,85900000,DoS Hulk
80,9821745,4,0,24,0,6,6,6.0,0.0,0,0,0.0,0.0,2.443557637,0.407259606,3273915.0,5669751.425,9820780,3,9821745,3273915.0,5669751.425,9820780,3,0,0.0,0.0,0,0,0,0,80,0,0.407259606,0.0,6,6,6.0,0.0,0.0,0,0,0,0,1,0,0,0,0,7.5,6.0,0.0,80,4,24,0,0,256,-1,3,20,965.0,0.0,965,965,9820780.0,0.0,9820780,9820780,DDoS
80,84942858,9,6,305,11595,305,0,33.88888889,101.6666667,5792,0,1932.5,2537.820147,140.0941795,0.176589302,6067347.0,22400000.0,83900000,1,84900000,10600000.0,29600000.0,83900000,1,1427,285.4,471.4374826,1117,2,0,0,304,200,0.105953581,0.070635721,0,5792,743.75,1748.378163,3056826.2,0,0,0,0,1,0,0,0,0,793.3333333,33.88888889,1932.5,304,9,305,6,11595,274,235,1,32,2029.0,0.0,2029,2029,83900000.0,0.0,83900000,83900000,DoS Hulk
53313,53,1,1,0,0,0,0,0.0,0.0,0,0,0.0,0.0,0.0,37735.8490566038,53.0,0.0,53,53,0,0.0,0.0,0,0,0,0.0,0.0,0,0,0,0,32,32,18867.9245283019,18867.9245283019,0,0,0.0,0.0,0.0,0,0,0,0,1,1,0,0,1,0.0,0.0,0.0,32,1,0,1,0,416,562,0,32,0.0,0.0,0,0,0.0,0.0,0,0,BENIGN
53,59928,2,2,72,414,36,36,36.0,0.0,207,207,207.0,0.0,8109.7316780136,66.746762782,19976.0,34594.2507795732,59922,3,3,3.0,0.0,3,3,3,3.0,0.0,3,3,0,0,64,64,33.373381391,33.373381391,36,207,104.4,93.6605573334,8772.3,0,0,0,0,0,0,0,0,1,130.5,36.0,207.0,64,2,72,2,414,-1,-1,1,32,0.0,0.0,0,0,0.0,0.0,0,0,BENIGN
443,6151334,9,7,369,3556,212,0,41.0,76.36425866,1460,0,508.0,676.6473725,638.0729773,2.601061818,410088.9333,1402536.799,5473414,22,6151334,768916.75,1904072.511,5473414,49,594845,99140.83333,118304.4042,283101,49,0,0,204,152,1.463097273,1.137964546,0,1460,230.8823529,481.4772687,231820.3603,0,0,0,1,0,0,0,0,0,245.3125,41.0,508.0,204,9,369,7,3556,8192,119,3,20,677871.0,0.0,677871,677871,5473414.0,0.0,5473414,5473414,BENIGN
80,558717,1,2,0,0,0,0,0.0,0.0,0,0,0.0,0.0,0.0,5.369444638,279358.5,361801.7912,535191,23526,0,0.0,0.0,0,0,535191,535191.0,0.0,535191,535191,0,0,32,64,1.789814879,3.579629759,0,0,0.0,0.0,0.0,0,0,0,0,1,0,0,0,2,0.0,0.0,0.0,32,1,0,2,0,291,294,0,32,0.0,0.0,0,0,0.0,0.0,0,0,BENIGN
80,80373066,8,4,56,11601,20,0,7.0,5.656854249,10135,0,2900.25,4871.82583,145.0361493,0.149303748,7306642.364,21100000.0,70200000,1,80300000,11500000.0,26200000.0,70200000,1,43630,14543.33333,21107.07707,38777,178,0,0,172,92,0.099535832,0.049767916,0,10135,897.1538462,2804.564846,7865583.974,0,0,0,0,1,0,0,0,0,971.9166667,7.0,2900.25,172,8,56,4,11601,256,229,6,20,1024.0,0.0,1024,1024,40200000.0,42500000.0,70200000,10100000,DDoS
80,5519602,3,1,0,0,0,0,0.0,0.0,0,0,0.0,0.0,0.0,0.724689932,1839867.333,3186008.459,5518753,126,5519602,2759801.0,3901747.336,5518753,849,0,0.0,0.0,0,0,0,0,104,40,0.543517449,0.181172483,0,0,0.0,0.0,0.0,0,0,0,1,0,0,0,0,0,0.0,0.0,0.0,104,3,0,1,0,29200,28960,0,32,0.0,0.0,0,0,0.0,0.0,0,0,Web Attack � XSS
53,243190,2,2,56,88,28,28,28.0,0.0,44,44,44.0,0.0,592.1296106,16.44804474,81063.33333,140360.7804,243138,4,4,4.0,0.0,4,4,48,48.0,0.0,48,48,0,0,64,40,8.224022369,8.224022369,28,44,34.4,8.76356092,76.8,0,0,0,0,0,0,0,0,1,43.0,28.0,44.0,64,2,56,2,88,-1,-1,1,32,0.0,0.0,0,0,0.0,0.0,0,0,BENIGN
22,12183767,22,32,2024,2745,640,0,92.0,138.3384394,976,0,85.78125,220.240592,391.4224558,4.43212678,229882.3962,625027.7017,2236204,4,10700000,508186.5238,916420.1775,2301485,609,12200000,393019.7419,781694.1027,2236204,4,0,0,712,1032,1.805681281,2.626445499,0,976,86.70909091,188.253835,35439.5064,0,0,0,1,0,0,0,0,1,88.31481481,92.0,85.78125,712,22,2024,32,2745,29200,257,16,32,0.0,0.0,0,0,0.0,0.0,0,0,SSH-Patator
443,684494,10,7,761,3966,443,0,76.1,145.7078126,1728,0,566.5714286,726.002722,6905.831169,24.83586416,42780.875,56582.05873,167742,3,684383,76042.55556,65021.12121,167742,3,581615,96935.83333,128608.3477,325136,3,0,0,328,232,14.60933186,10.2265323,0,1728,262.6111111,509.73628,259831.0752,0,0,0,1,0,0,0,0,0,278.0588235,76.1,566.5714286,328,10,761,7,3966,29200,1004,3,32,0.0,0.0,0,0,0.0,0.0,0,0,BENIGN
88,75,1,4,0,12,0,0,0.0,0.0,6,0,3.0,3.4641016151,160000.0,66666.6666666667,18.75,34.83652298,71,1,0,0.0,0.0,0,0,74,24.6666666667,40.1289587871,71,1,0,0,32,104,13333.3333333333,53333.3333333333,0,6,2.0,3.098386677,9.6,0,0,0,0,1,1,0,0,4,2.4,0.0,3.0,32,1,0,4,12,254,0,0,32,0.0,0.0,0,0,0.0,0.0,0,0,BENIGN
80,1371488,3,6,26,11607,20,0,8.666666667,10.26320288,4380,0,1934.5,2177.344966,8482.028279,6.562215637,171436.0,484557.2777,1370654,3,682,341.0,478.0041841,679,3,1371344,274268.8,612898.0144,1370654,3,0,0,72,132,2.187405212,4.374810425,0,4380,1163.3,1903.962654,3625073.789,0,0,0,1,0,0,0,0,2,1292.555556,8.666666667,1934.5,72,3,26,6,11607,8192,229,2,20,0.0,0.0,0,0,0.0,0.0,0,0,DDoS
53,149,2,2,62,94,31,31,31.0,0.0,47,47,47.0,0.0,1046979.86577181,26845.6375838926,49.6666666667,79.9645754902,142,3,3,3.0,0.0,3,3,4,4.0,0.0,4,4,0,0,64,64,13422.8187919463,13422.8187919463,31,47,37.4,8.7635609201,76.8,0,0,0,0,0,0,0,0,1,46.75,31.0,47.0,64,2,62,2,94,-1,-1,1,32,0.0,0.0,0,0,0.0,0.0,0,0,BENIGN
443,5543453,9,6,384,4080,191,0,42.6666666667,76.8944081192,1418,0,680.0,666.0342333544,805.2742577596,2.7058946833,395960.928571429,1436038.39225143,5384968,2,5543453,692931.625,1896069.76981378,5384968,3,81508,16301.6,21446.8752455923,41944,187,0,0,296,200,1.62353681,1.0823578733,0,1418,279.0,504.026322064,254042.533333333,0,0,0,1,0,0,0,0,0,297.6,42.6666666667,680.0,296,9,384,6,4080,29200,349,3,32,158482.0,0.0,158482,158482,5384968.0,0.0,5384968,5384968,BENIGN
53,156,2,2,58,166,29,29,29.0,0.0,83,83,83.0,0.0,1435897.436,25641.02564,52.0,84.00595217,149,3,3,3.0,0.0,3,3,4,4.0,0.0,4,4,0,0,40,64,12820.51282,12820.51282,29,83,50.6,29.57701811,874.8,0,0,0,0,0,0,0,0,1,63.25,29.0,83.0,40,2,58,2,166,-1,-1,1,20,0.0,0.0,0,0,0.0,0.0,0,0,BENIGN
80,23211,1,1,0,0,0,0,0.0,0.0,0,0,0.0,0.0,0.0,86.1660419629,23211.0,0.0,23211,23211,0,0.0,0.0,0,0,0,0.0,0.0,0,0,0,0,32,32,43.0830209814,43.0830209814,0,0,0.0,0.0,0.0,0,0,0,0,1,1,0,0,1,0.0,0.0,0.0,32,1,0,1,0,256,939,0,32,0.0,0.0,0,0,0.0,0.0,0,0,BENIGN
53,10038978,10,2,460,92,46,46,46.0,0.0,46,46,46.0,0.0,54.98567683,1.195340801,912634.3636,1439746.982,4000406,1,7100827,788980.7778,1398905.312,4000406,1,1,1.0,0.0,1,1,0,0,248,64,0.996117334,0.199223467,46,46,46.0,0.0,0.0,0,0,0,0,0,0,0,0,0,49.83333333,46.0,46.0,248,10,460,2,92,-1,-1,9,20,0.0,0.0,0,0,0.0,0.0,0,0,BENIGN
443,95037,1,1,0,0,0,0,0.0,0.0,0,0,0.0,0.0,0.0,21.04443533,95037.0,0.0,95037,95037,0,0.0,0.0,0,0,0,0.0,0.0,0,0,0,0,32,32,10.52221766,10.52221766,0,0,0.0,0.0,0.0,0,0,0,0,1,1,0,0,1,0.0,0.0,0.0,32,1,0,1,0,304,254,0,32,0.0,0.0,0,0,0.0,0.0,0,0,BENIGN
3052,41,1,1,2,6,2,2,2.0,0.0,6,6,6.0,0.0,195121.9512,48780.4878,41.0,0.0,41,41,0,0.0,0.0,0,0,0,0.0,0.0,0,0,0,0,24,20,24390.2439,24390.2439,2,6,3.333333333,2.309401077,5.333333333,0,0,0,1,0,0,0,0,1,5.0,2.0,6.0,24,1,2,1,6,1024,0,0,24,0.0,0.0,0,0,0.0,0.0,0,0,PortScan
443,10301479,15,18,2087,20882,1772,0,139.1333333333,455.2244135222,2896,0,1160.1111111111,926.2744409025,2229.6798352936,3.2034235084,321921.21875,1760478.30988939,9968547,3,332929,23780.6428571429,36399.6794483078,124278,219,10269071,604063.0,2413545.29816132,9968590,3,0,0,488,584,1.4561015947,1.7473219137,0,2896,675.5588235294,895.8802067909,802601.344919786,0,0,0,1,0,0,0,0,1,696.0303030303,139.1333333333,1160.1111111111,488,15,2087,18,20882,29200,71,3,32,332929.0,0.0,332929,332929,9968547.0,0.0,9968547,9968547,BENIGN
53,31246,2,2,92,284,46,46,46.0,0.0,142,142,142.0,0.0,12033.5402931575,128.0163860974,10415.3333333333,18034.6903586763,31240,3,3,3.0,0.0,3,3,3,3.0,0.0,3,3,0,0,80,64,64.0081930487,64.0081930487,46,142,84.4,52.5813655205,2764.8,0,0,0,0,0,0,0,0,1,105.5,46.0,142.0,80,2,92,2,284,-1,-1,1,40,0.0,0.0,0,0,0.0,0.0,0,0,BENIGN
443,131569,14,12,926,11631,437,0,66.1428571429,130.4134591584,1725,0,969.25,715.3679441061,95440.4152953963,197.6149396894,5262.76,9075.5453843465,23999,4,131569,10120.6923076923,11449.1255225353,25977,4,97676,8879.6363636364,15103.5482273056,44043,48,0,0,460,392,106.4080444482,91.2068952413,0,1725,465.0740740741,660.5657205949,436347.071225071,0,0,0,1,0,0,0,0,0,482.9615384615,66.1428571429,969.25,460,14,926,12,11631,65535,122,6,32,0.0,0.0,0,0,0.0,0.0,0,0,BENIGN
53,80721,2,2,76,196,38,38,38.0,0.0,98,98,98.0,0.0,3369.631199,49.55339998,26907.0,46600.82699,80717,1,1,1.0,0.0,1,1,3,3.0,0.0,3,3,0,0,80,64,24.77669999,24.77669999,38,98,62.0,32.86335345,1080.0,0,0,0,0,0,0,0,0,1,77.5,38.0,98.0,80,2,76,2,196,-1,-1,1,40,0.0,0.0,0,0,0.0,0.0,0,0,BENIGN
52822,46,1,1,2,6,2,2,2.0,0.0,6,6,6.0,0.0,173913.0435,43478.26087,46.0,0.0,46,46,0,0.0,0.0,0,0,0,0.0,0.0,0,0,0,0,24,20,21739.13043,21739.13043,2,6,3.333333333,2.309401077,5.333333333,0,0,0,1,0,0,0,0,1,5.0,2.0,6.0,24,1,2,1,6,1024,0,0,24,0.0,0.0,0,0,0.0,0.0,0,0,PortScan
80,36929,1,1,0,0,0,0,0.0,0.0,0,0,0.0,0.0,0.0,54.15797882,36929.0,0.0,36929,36929,0,0.0,0.0,0,0,0,0.0,0.0,0,0,0,0,32,32,27.07898941,27.07898941,0,0,0.0,0.0,0.0,0,0,0,0,1,1,0,0,1,0.0,0.0,0.0,32,1,0,1,0,274,972,0,32,0.0,0.0,0,0,0.0,0.0,0,0,BENIGN
106,43,1,1,2,6,2,2,2.0,0.0,6,6,6.0,0.0,186046.5116,46511.62791,43.0,0.0,43,43,0,0.0,0.0,0,0,0,0.0,0.0,0,0,0,0,24,20,23255.81395,23255.81395,2,6,3.333333333,2.309401077,5.333333333,0,0,0,1,0,0,0,0,1,5.0,2.0,6.0,24,1,2,1,6,1024,0,0,24,0.0,0.0,0,0,0.0,0.0,0,0,PortScan
54152,35,1,1,0,0,0,0,0.0,0.0,0,0,0.0,0.0,0.0,57142.85714,35.0,0.0,35,35,0,0.0,0.0,0,0,0,0.0,0.0,0,0,0,0,32,32,28571.42857,28571.42857,0,0,0.0,0.0,0.0,0,0,0,0,1,1,0,0,1,0.0,0.0,0.0,32,1,0,1,0,122,33304,0,32,0.0,0.0,0,0,0.0,0.0,0,0,BENIGN
80,99006734,10,6,1288,11595,322,0,128.8,166.280085,5792,0,1932.5,2181.008184,130.1224622,0.161605169,6600448.933,25300000.0,98000000,0,98900000,11000000.0,32600000.0,98000000,0,976414,195282.8,366126.4545,841942,45,0,0,328,200,0.101003231,0.060601938,0,5792,757.8235294,1517.461212,2302688.529,0,0,0,0,1,0,0,0,0,805.1875,128.8,1932.5,328,10,1288,6,11595,251,235,4,32,5.0,0.0,5,5,98000000.0,0.0,98000000,98000000,DoS Hulk
443,5697841,9,6,367,3710,210,0,40.77777778,75.80530618,1448,0,618.3333333,674.5504182,715.5341822,2.632576093,406988.6429,1480647.377,5551046,2,5697841,712230.125,1955359.058,5551046,44,69632,13926.4,17258.58613,35419,48,0,0,296,200,1.579545656,1.053030437,0,1448,254.8125,489.2970766,239411.6292,0,0,0,1,0,0,0,0,0,271.8,40.77777778,618.3333333,296,9,367,6,3710,29200,118,3,32,146751.0,0.0,146751,146751,5551046.0,0.0,5551046,5551046,BENIGN
80,3544914,4,0,24,0,6,6,6.0,0.0,0,0,0.0,0.0,6.770262974,1.128377162,1181638.0,2044910.528,3542897,0,3544914,1181638.0,2044910.528,3542897,0,0,0.0,0.0,0,0,0,0,80,0,1.128377162,0.0,6,6,6.0,0.0,0.0,0,0,0,0,1,0,0,0,0,7.5,6.0,0.0,80,4,24,0,0,256,-1,3,20,0.0,0.0,0,0,0.0,0.0,0,0,DDoS
443,3553666,3,1,31,0,31,0,10.33333333,17.89785834,0,0,0.0,0.0,8.723385934,1.125598185,1184555.333,2020270.383,3517268,2,3553666,1776833.0,2512818.498,3553664,2,0,0.0,0.0,0,0,0,0,96,32,0.844198639,0.281399546,0,31,6.2,13.86362146,192.2,0,0,0,0,1,0,0,0,0,7.75,10.33333333,0.0,96,3,31,1,0,358,404,1,32,0.0,0.0,0,0,0.0,0.0,0,0,BENIGN
8080,50,1,1,0,6,0,0,0.0,0.0,6,6,6.0,0.0,120000.0,40000.0,50.0,0.0,50,50,0,0.0,0.0,0,0,0,0.0,0.0,0,0,0,0,40,20,20000.0,20000.0,0,6,2.0,3.464101615,12.0,0,0,0,1,0,0,0,0,1,3.0,0.0,6.0,40,1,0,1,6,29200,0,0,40,0.0,0.0,0,0,0.0,0.0,0,0,PortScan
53,157,2,2,52,84,26,26,26.0,0.0,42,42,42.0,0.0,866242.0382,25477.70701,52.33333333,84.58329228,150,3,3,3.0,0.0,3,3,4,4.0,0.0,4,4,0,0,64,64,12738.8535,12738.8535,26,42,32.4,8.76356092,76.8,0,0,0,0,0,0,0,0,1,40.5,26.0,42.0,64,2,52,2,84,-1,-1,1,32,0.0,0.0,0,0,0.0,0.0,0,0,BENIGN
53,50168,1,1,52,80,52,52,52.0,0.0,80,80,80.0,0.0,2631.159305,39.86605007,50168.0,0.0,50168,50168,0,0.0,0.0,0,0,0,0.0,0.0,0,0,0,0,32,32,19.93302504,19.93302504,52,80,61.33333333,16.16580754,261.3333333,0,0,0,0,0,0,0,0,1,92.0,52.0,80.0,32,1,52,1,80,-1,-1,0,32,0.0,0.0,0,0,0.0,0.0,0,0,BENIGN
8080,1029614,3,3,0,18,0,0,0.0,0.0,6,6,6.0,0.0,17.48227977,5.827426589,205922.8,280995.1386,514990,621,1028993,514496.5,1610.082141,515635,513358,1028738,514369.0,1756.453244,515611,513127,0,0,92,60,2.913713294,2.913713294,0,6,2.571428571,3.207134903,10.28571429,0,0,0,1,0,0,0,0,1,3.0,0.0,6.0,92,3,0,3,18,8192,0,0,28,0.0,0.0,0,0,0.0,0.0,0,0,Bot
80,11896454,12,12,16760,3619,4343,0,1396.666667,1702.03057,905,0,301.5833333,445.4681824,1713.031463,2.017407876,517237.1304,2082434.135,9999368,31,1897086,172462.3636,353239.7212,1126955,49,11900000,1078571.727,2982622.288,9999415,225,0,0,392,392,1.008703938,1.008703938,0,4343,815.16,1321.87158,1747344.473,0,0,0,1,0,0,0,0,1,849.125,1396.666667,301.5833333,392,12,16760,12,3619,29200,120,6,32,0.0,0.0,0,0,0.0,0.0,0,0,BENIGN
59918,2,2,0,12,0,6,6,6.0,0.0,0,0,0.0,0.0,6000000.0,1000000.0,2.0,0.0,2,2,2,2.0,0.0,2,2,0,0.0,0.0,0,0,0,0,40,0,1000000.0,0.0,6,6,6.0,0.0,0.0,0,0,0,0,1,0,0,0,0,9.0,6.0,0.0,40,2,12,0,0,137,-1,1,20,0.0,0.0,0,0,0.0,0.0,0,0,BENIGN
443,5897548,8,7,374,3140,193,0,46.75,72.4524474594,1617,0,448.5714285714,746.0906685613,595.8408477557,2.5434299136,421253.428571429,1541187.36191652,5775718,3,5897548,842506.857142857,2175405.00643301,5775718,3,86990,14498.3333333333,21075.7331133858,47255,73,0,0,172,148,1.3564959539,1.1869339597,0,1617,219.625,518.3878695854,268725.983333333,0,0,0,1,0,0,0,0,0,234.2666666667,46.75,448.5714285714,172,8,374,7,3140,8192,4699,7,20,121827.0,0.0,121827,121827,5775718.0,0.0,5775718,5775718,BENIGN
443,117627919,16,16,907,6011,236,0,56.6875,75.87333194,2860,0,375.6875,763.9225719,58.81256813,0.272044258,3794449.0,14600000.0,58800000,1,118000000,7841861.267,20500000.0,58800000,4,117000000,7826035.333,20600000.0,59000000,1,0,0,332,332,0.136022129,0.136022129,0,2860,209.6363636,550.5515881,303107.0511,0,0,0,1,0,0,0,0,1,216.1875,56.6875,375.6875,332,16,907,16,6011,8192,360,15,20,295536.5,78894.0249,351323,239750,58400000.0,515535.9978,58800000,58000000,BENIGN
443,116521876,25,20,1027,7257,338,0,41.08,100.1011655,1448,0,362.85,586.523502,71.09394634,0.386193576,2648224.455,4388226.724,10100000,7,117000000,4855078.167,5072002.654,10200000,18,114000000,5986773.0,5114769.625,10200000,48,0,0,808,648,0.214551987,0.171641589,0,1448,180.0869565,420.5875164,176893.8589,0,0,0,1,0,0,0,0,0,184.0888889,41.08,362.85,808,25,1027,20,7257,29200,127,5,32,210859.6364,367997.8951,1320415,99764,10100000.0,33719.77607,10100000,10000000,BENIGN
80,99207836,9,6,349,11595,349,0,38.77777778,116.3333333,5803,0,1932.5,2539.075088,120.3937157,0.151197734,7086274.0,26500000.0,99200000,1,99200000,12400000.0,35100000.0,99200000,1,2622,524.4,932.4598115,2189,50,0,0,296,200,0.09071864,0.060479094,0,5803,746.5,1748.283997,3056496.933,0,0,0,0,1,0,0,0,0,796.2666667,38.77777778,1932.5,296,9,349,6,11595,274,235,1,32,1977.0,0.0,1977,1977,99200000.0,0.0,99200000,99200000,DoS Hulk
53,180,2,2,90,122,45,45,45.0,0.0,61,61,61.0,0.0,1177777.778,22222.22222,60.0,96.99484522,172,4,4,4.0,0.0,4,4,4,4.0,0.0,4,4,0,0,40,40,11111.11111,11111.11111,45,61,51.4,8.76356092,76.8,0,0,0,0,0,0,0,0,1,64.25,45.0,61.0,40,2,90,2,122,-1,-1,1,20,0.0,0.0,0,0,0.0,0.0,0,0,BENIGN
80,98536986,8,7,377,11595,377,0,47.125,133.2896283,5792,0,1656.428571,2118.227235,121.4975258,0.152227104,7038356.143,26300000.0,98500000,4,98500000,14100000.0,37200000.0,98500000,4,46730,7788.333333,14127.99888,35216,44,0,0,264,232,0.081187789,0.071039315,0,5792,748.25,1577.163889,2487445.933,0,0,0,0,1,0,0,0,0,798.1333333,47.125,1656.428571,264,8,377,7,11595,274,235,1,32,1983.0,0.0,1983,1983,98500000.0,0.0,98500000,98500000,DoS Hulk
53,48384,2,2,74,164,37,37,37.0,0.0,82,82,82.0,0.0,4918.981481,82.67195767,16128.0,27890.3572,48333,3,3,3.0,0.0,3,3,48,48.0,0.0,48,48,0,0,40,40,41.33597884,41.33597884,37,82,55.0,24.64751509,607.5,0,0,0,0,0,0,0,0,1,68.75,37.0,82.0,40,2,74,2,164,-1,-1,1,20,0.0,0.0,0,0,0.0,0.0,0,0,BENIGN
80,98848057,8,6,345,11595,345,0,43.125,121.9759198,4344,0,1932.5,1754.831473,120.7914486,0.141631514,7603696.692,27400000.0,98700000,5,98700000,14100000.0,37300000.0,98700000,5,118629,23725.8,46965.6934,107309,15,0,0,264,200,0.080932294,0.06069922,0,4344,796.0,1424.762888,2029949.286,0,0,0,0,1,0,0,0,0,852.8571429,43.125,1932.5,264,8,345,6,11595,251,235,1,32,4411.0,0.0,4411,4411,98700000.0,0.0,98700000,98700000,DoS Hulk
2260,94,1,1,2,6,2,2,2.0,0.0,6,6,6.0,0.0,85106.38298,21276.59574,94.0,0.0,94,94,0,0.0,0.0,0,0,0,0.0,0.0,0,0,0,0,24,20,10638.29787,10638.29787,2,6,3.333333333,2.309401077,5.333333333,0,0,0,1,0,0,0,0,1,5.0,2.0,6.0,24,1,2,1,6,1024,0,0,24,0.0,0.0,0,0,0.0,0.0,0,0,PortScan
55715,21383,2,1,280,6,274,6,140.0,189.5046174,6,6,6.0,0.0,13375.11107,140.2983679,10691.5,15036.6257,21324,59,21383,21383.0,0.0,21383,21383,0,0.0,0.0,0,0,1,0,40,20,93.53224524,46.76612262,6,274,140.0,154.7298721,23941.33333,0,1,0,0,1,0,0,0,0,186.6666667,140.0,6.0,40,2,280,1,6,60,0,1,20,0.0,0.0,0,0,0.0,0.0,0,0,BENIGN
60932,424,2,1,0,0,0,0,0.0,0.0,0,0,0.0,0.0,0.0,7075.4716981132,212.0,80.6101730553,269,155,269,269.0,0.0,269,269,0,0.0,0.0,0,0,0,0,64,32,4716.9811320755,2358.4905660377,0,0,0.0,0.0,0.0,0,0,0,0,1,1,0,0,0,0.0,0.0,0.0,64,2,0,1,0,349,32832,0,32,0.0,0.0,0,0,0.0,0.0,0,0,BENIGN
80,9018747,5,0,30,0,6,6,6.0,0.0,0,0,0.0,0.0,3.326404433,0.554400739,2254686.75,4508034.858,9016739,3,9018747,2254686.75,4508034.858,9016739,3,0,0.0,0.0,0,0,0,0,100,0,0.554400739,0.0,6,6,6.0,0.0,0.0,0,0,0,0,1,0,0,0,0,7.2,6.0,0.0,100,5,30,0,0,256,-1,4,20,2008.0,0.0,2008,2008,9016739.0,0.0,9016739,9016739,DDoS
53,24467,2,2,62,244,31,31,31.0,0.0,122,122,122.0,0.0,12506.6416,163.4855111,8155.666667,14081.87972,24416,3,3,3.0,0.0,3,3,48,48.0,0.0,48,48,0,0,64,64,81.74275555,81.74275555,31,122,67.4,49.84275273,2484.3,0,0,0,0,0,0,0,0,1,84.25,31.0,122.0,64,2,62,2,244,-1,-1,1,32,0.0,0.0,0,0,0.0,0.0,0,0,BENIGN
53,374,2,2,72,192,36,36,36.0,0.0,96,96,96.0,0.0,705882.3529,10695.18717,124.6666667,174.2880757,324,1,49,49.0,0.0,49,49,1,1.0,0.0,1,1,0,0,40,40,5347.593583,5347.593583,36,96,60.0,32.86335345,1080.0,0,0,0,0,0,0,0,0,1,75.0,36.0,96.0,40,2,72,2,192,-1,-1,1,20,0.0,0.0,0,0,0.0,0.0,0,0,BENIGN
80,81192520,8,5,56,11601,20,0,7.0,5.656854249,7300,0,2320.2,3032.755381,143.5723389,0.160113272,6766043.333,22500000.0,78300000,3,80700000,11500000.0,29500000.0,78300000,3,524785,131196.25,253973.1556,512059,188,0,0,172,112,0.098531244,0.061582028,0,7300,833.0714286,2037.940154,4153200.071,0,0,0,0,1,0,0,0,0,897.1538462,7.0,2320.2,172,8,56,5,11601,256,229,6,20,2382979.0,0.0,2382979,2382979,78300000.0,0.0,78300000,78300000,DDoS
443,4243767,5,1,135,46,46,6,27.0,20.1246118,46,46,46.0,0.0,42.65078644,1.413838224,848753.4,1830420.725,4122942,3,4243767,1060941.75,2041645.814,4122942,3,0,0.0,0.0,0,0,1,0,100,20,1.17819852,0.235639704,6,46,32.42857143,18.86670032,355.952381,0,1,0,0,1,0,0,0,0,37.83333333,27.0,46.0,100,5,135,1,46,256,360,4,20,0.0,0.0,0,0,0.0,0.0,0,0,BENIGN
53,173,2,2,46,46,23,23,23.0,0.0,23,23,23.0,0.0,531791.9075,23121.38728,57.66666667,97.28480525,170,1,2,2.0,0.0,2,2,1,1.0,0.0,1,1,0,0,64,64,11560.69364,11560.69364,23,23,23.0,0.0,0.0,0,0,0,0,0,0,0,0,1,28.75,23.0,23.0,64,2,46,2,46,-1,-1,1,32,0.0,0.0,0,0,0.0,0.0,0,0,BENIGN
1048,11,1,1,0,6,0,0,0.0,0.0,6,6,6.0,0.0,545454.5455,181818.1818,11.0,0.0,11,11,0,0.0,0.0,0,0,0,0.0,0.0,0,0,0,0,40,20,90909.09091,90909.09091,0,6,2.0,3.464101615,12.0,0,0,0,1,0,0,0,0,1,3.0,0.0,6.0,40,1,0,1,6,29200,0,0,40,0.0,0.0,0,0,0.0,0.0,0,0,PortScan
3052,59,1,1,2,6,2,2,2.0,0.0,6,6,6.0,0.0,135593.2203,33898.30508,59.0,0.0,59,59,0,0.0,0.0,0,0,0,0.0,0.0,0,0,0,0,24,20,16949.15254,16949.15254,2,6,3.333333333,2.309401077,5.333333333,0,0,0,1,0,0,0,0,1,5.0,2.0,6.0,24,1,2,1,6,1024,0,0,24,0.0,0.0,0,0,0.0,0.0,0,0,PortScan
443,376984,7,10,2264,6449,1701,0,323.4285714,621.7501795,1877,2,644.9,800.6926793,23112.38673,45.09475203,23561.5,41067.51295,92661,2,283299,47216.5,50750.74552,95538,202,284641,31626.77778,46336.06229,94367,2,0,0,152,204,18.56842731,26.52632472,0,1877,484.0555556,717.9646454,515473.232,0,0,0,1,0,0,0,0,1,512.5294118,323.4285714,644.9,152,7,2264,10,6449,8192,65535,6,20,0.0,0.0,0,0,0.0,0.0,0,0,BENIGN
80,232589,3,5,26,11607,20,0,8.666666667,10.26320288,5840,0,2321.4,3173.373883,50015.26297,34.39543573,33227.0,87391.41229,231411,4,963,481.5,572.049386,886,77,232543,58135.75,115517.671,231411,4,0,0,72,112,12.8982884,21.49714733,0,5840,1292.555556,2554.159212,6523729.278,0,0,0,1,0,0,0,0,1,1454.125,8.666666667,2321.4,72,3,26,5,11607,8192,229,2,20,0.0,0.0,0,0,0.0,0.0,0,0,DDoS
38650,44,1,1,6,6,6,6,6.0,0.0,6,6,6.0,0.0,272727.2727,45454.54545,44.0,0.0,44,44,0,0.0,0.0,0,0,0,0.0,0.0,0,0,0,0,20,20,22727.27273,22727.27273,6,6,6.0,0.0,0.0,0,0,0,0,1,1,0,0,1,9.0,6.0,6.0,20,1,6,1,6,66,313,0,20,0.0,0.0,0,0,0.0,0.0,0,0,BENIGN
80,1078281,3,5,26,11601,20,0,8.666666667,10.26320288,7300,0,2320.2,3022.508098,10782.90353,7.419216327,154040.1429,401681.866,1064910,7,12896,6448.0,8492.352442,12453,443,1078274,269568.5,530261.9827,1064910,184,0,0,72,112,2.782206123,4.637010204,0,7300,1291.888889,2460.652985,6054813.111,0,0,0,1,0,0,0,0,1,1453.375,8.666666667,2320.2,72,3,26,5,11601,8192,229,2,20,0.0,0.0,0,0,0.0,0.0,0,0,DDoS
53,218,2,2,58,166,29,29,29.0,0.0,83,83,83.0,0.0,1027522.936,18348.62385,72.66666667,84.73684755,167,3,48,48.0,0.0,48,48,3,3.0,0.0,3,3,0,0,64,64,9174.311927,9174.311927,29,83,50.6,29.57701811,874.8,0,0,0,0,0,0,0,0,1,63.25,29.0,83.0,64,2,58,2,166,-1,-1,1,32,0.0,0.0,0,0,0.0,0.0,0,0,BENIGN
443,117946992,21,22,1607,6698,532,0,76.52380952,141.9826113,1539,0,304.4545455,561.1011052,70.41298688,0.364570552,2808261.714,12600000.0,58900000,1,118000000,5897349.6,18000000.0,58900000,49,118000000,5612777.476,17600000.0,59000000,1,0,0,432,452,0.178046084,0.186524469,0,1539,188.75,420.6679697,176961.5407,0,0,0,1,0,0,0,0,1,193.1395349,76.52380952,304.4545455,432,21,1607,22,6698,8192,368,10,20,461850.0,543272.9684,846002,77698,58500000.0,661677.2918,58900000,58000000,BENIGN
2811,27,1,1,0,6,0,0,0.0,0.0,6,6,6.0,0.0,222222.2222,74074.07407,27.0,0.0,27,27,0,0.0,0.0,0,0,0,0.0,0.0,0,0,0,0,40,20,37037.03704,37037.03704,0,6,2.0,3.464101615,12.0,0,0,0,1,0,0,0,0,1,3.0,0.0,6.0,40,1,0,1,6,29200,0,0,40,0.0,0.0,0,0,0.0,0.0,0,0,PortScan
80,82267229,9,4,62,11607,20,0,6.888888889,5.30199124,11595,0,2901.75,5795.50069,141.8426285,0.15802161,6855602.417,20300000.0,70700000,1,80800000,10100000.0,24700000.0,70700000,1,1480527,493509.0,853963.5307,1479581,4,0,0,192,92,0.109399576,0.048622034,0,11595,833.9285714,3097.25274,9592974.533,0,0,0,0,1,0,0,0,0,898.0769231,6.888888889,2901.75,192,9,62,4,11607,256,229,7,20,1980.0,0.0,1980,1980,40400000.0,42800000.0,70700000,10100000,DDoS
8093,49,1,1,0,6,0,0,0.0,0.0,6,6,6.0,0.0,122448.9796,40816.32653,49.0,0.0,49,49,0,0.0,0.0,0,0,0,0.0,0.0,0,0,0,0,40,20,20408.16327,20408.16327,0,6,2.0,3.464101615,12.0,0,0,0,1,0,0,0,0,1,3.0,0.0,6.0,40,1,0,1,6,29200,0,0,40,0.0,0.0,0,0,0.0,0.0,0,0,PortScan
80,98727855,6,7,371,11595,353,0,61.83333333,142.6722351,4344,0,1656.428571,1760.597234,121.2018634,0.131675098,8227321.25,28500000.0,98700000,6,98700000,19700000.0,44100000.0,98700000,6,98700000,16500000.0,40300000.0,98700000,16,0,0,164,232,0.060773122,0.070901976,0,4344,855.1428571,1459.491158,2130114.44,1,0,0,0,0,0,0,0,1,920.9230769,61.83333333,1656.428571,164,6,371,7,11595,0,235,3,20,13962.0,0.0,13962,13962,98700000.0,0.0,98700000,98700000,DoS Hulk
56378,5,3,0,86,0,55,0,28.6666666667,27.5741424768,0,0,0.0,0.0,17200000.0,600000.0,2.5,2.1213203436,4,1,5,2.5,2.1213203436,4,1,0,0.0,0.0,0,0,1,0,96,0,600000.0,0.0,0,55,35.25,26.0816027115,680.25,0,1,0,0,1,0,0,0,0,47.0,28.6666666667,0.0,96,3,86,0,0,118,-1,1,32,0.0,0.0,0,0,0.0,0.0,0,0,BENIGN
80,5905849,3,1,0,0,0,0,0.0,0.0,0,0,0.0,0.0,0.0,0.677294662,1968616.333,3408987.481,5904976,155,5905849,2952924.5,4174831.268,5904976,873,0,0.0,0.0,0,0,0,0,104,40,0.507970996,0.169323665,0,0,0.0,0.0,0.0,0,0,0,1,0,0,0,0,0,0.0,0.0,0.0,104,3,0,1,0,29200,28960,0,32,0.0,0.0,0,0,0.0,0.0,0,0,Web Attack � Brute Force
1067,77,1,1,0,6,0,0,0.0,0.0,6,6,6.0,0.0,77922.07792,25974.02597,77.0,0.0,77,77,0,0.0,0.0,0,0,0,0.0,0.0,0,0,0,0,40,20,12987.01299,12987.01299,0,6,2.0,3.464101615,12.0,0,0,0,1,0,0,0,0,1,3.0,0.0,6.0,40,1,0,1,6,29200,0,0,40,0.0,0.0,0,0,0.0,0.0,0,0,PortScan
