Destination Port,Flow Duration,Total Fwd Packets,Total Backward Packets,Total Length of Fwd Packets,Total Length of Bwd Packets,Fwd Packet Length Max,Fwd Packet Length Min,Fwd Packet Length Mean,Fwd Packet Length Std,Bwd Packet Length Max,Bwd Packet Length Min,Bwd Packet Length Mean,Bwd Packet Length Std,Flow Bytes/s,Flow Packets/s,Flow IAT Mean,Flow IAT Std,Flow IAT Max,Flow IAT Min,Fwd IAT Total,Fwd IAT Mean,Fwd IAT Std,Fwd IAT Max,Fwd IAT Min,Bwd IAT Total,Bwd IAT Mean,Bwd IAT Std,Bwd IAT Max,Bwd IAT Min,Fwd PSH Flags,Fwd URG Flags,Fwd Header Length,Bwd Header Length,Fwd Packets/s,Bwd Packets/s,Min Packet Length,Max Packet Length,Packet Length Mean,Packet Length Std,Packet Length Variance,FIN Flag Count,SYN Flag Count,RST Flag Count,PSH Flag Count,ACK Flag Count,URG Flag Count,CWE Flag Count,ECE Flag Count,Down/Up Ratio,Average Packet Size,Avg Fwd Segment Size,Avg Bwd Segment Size,Fwd Header Length_duplicated_0,Subflow Fwd Packets,Subflow Fwd Bytes,Subflow Bwd Packets,Subflow Bwd Bytes,Init_Win_bytes_forward,Init_Win_bytes_backward,act_data_pkt_fwd,min_seg_size_forward,Active Mean,Active Std,Active Max,Active Min,Idle Mean,Idle Std,Idle Max,Idle Min,Label
53,32742,2,2,94,230,47,47,47.0,0.0,115,115,115.0,0.0,9895.547004,122.167247,10914.0,18862.91396,32695,0,0,0.0,0.0,0,0,47,47.0,0.0,47,47,0,0,64,64,61.08362348,61.08362348,47,115,74.2,37.24513391,1387.2,0,0,0,0,0,0,0,0,1,92.75,47.0,115.0,64,2,94,2,230,-1,-1,1,32,0.0,0.0,0,0,0.0,0.0,0,0,BENIGN
80,84638896,7,6,376,11595,376,0,53.71428571,142.1146419,5792,0,1932.5,2362.781391,141.4361548,0.153593686,7053241.333,24400000.0,84500000,1,84500000,14100000.0,34500000.0,84500000,1,149232,29846.4,59503.59686,135823,47,0,0,232,200,0.082704292,0.070889393,0,5792,855.0714286,1759.071716,3094333.302,0,0,0,0,1,0,0,0,0,920.8461538,53.71428571,1932.5,232,7,376,6,11595,251,235,1,32,5.0,0.0,5,5,84500000.0,0.0,84500000,84500000,DoS Hulk
53,259,2,2,84,168,42,42,42.0,0.0,84,84,84.0,0.0,972972.973,15444.01544,86.33333333,65.53116307,162,48,49,49.0,0.0,49,49,48,48.0,0.0,48,48,0,0,64,64,7722.007722,7722.007722,42,84,58.8,23.00434742,529.2,0,0,0,0,0,0,0,0,1,73.5,42.0,84.0,64,2,84,2,168,-1,-1,1,32,0.0,0.0,0,0,0.0,0.0,0,0,BENIGN
53,54447,2,2,68,122,34,34,34.0,0.0,61,61,61.0,0.0,3489.632119,73.46593935,18149.0,31434.12409,54446,0,0,0.0,0.0,0,0,1,1.0,0.0,1,1,0,0,40,64,36.73296968,36.73296968,34,61,44.8,14.78850905,218.7,0,0,0,0,0,0,0,0,1,56.0,34.0,61.0,40,2,68,2,122,-1,-1,1,20,0.0,0.0,0,0,0.0,0.0,0,0,BENIGN
80,152546,3,7,383,11595,383,0,127.6666667,221.1251531,4344,0,1656.428571,1946.27472,78520.5774,65.55399683,16949.55556,45690.92807,138174,1,14013,7006.5,9903.030471,14009,4,152493,25415.5,55519.80988,138174,1,0,0,104,232,19.66619905,45.88779778,0,4344,1088.909091,1704.052139,2903793.691,0,0,0,1,0,0,0,0,2,1197.8,127.6666667,1656.428571,104,3,383,7,11595,29200,235,1,32,0.0,0.0,0,0,0.0,0.0,0,0,DoS Hulk
80,34984471,6,7,373,11595,355,0,62.16666667,143.4885594,5792,0,1656.428571,2120.732252,342.0946396,0.371593442,2915372.583,10000000.0,34800000,2,34800000,6959595.2,15500000.0,34800000,2,35000000,5830731.5,14200000.0,34800000,15,0,0,164,232,0.171504666,0.200088777,0,5792,855.2857143,1665.863113,2775099.912,1,0,0,0,0,0,0,0,1,921.0769231,62.16666667,1656.428571,164,6,373,7,11595,0,235,3,20,10986.0,0.0,10986,10986,34800000.0,0.0,34800000,34800000,DoS Hulk
80,97008414,8,7,56,11601,20,0,7.0,5.656854249,4380,0,1657.285714,1561.969346,120.1648344,0.154625763,6929172.429,24500000.0,91800000,1,97000000,13900000.0,34400000.0,91800000,1,46009,7668.166667,15394.05909,38722,48,0,0,172,152,0.082467073,0.072158689,0,4380,728.9375,1300.351618,1690914.329,0,0,0,0,1,0,0,0,0,777.5333333,7.0,1657.285714,172,8,56,7,11601,256,229,6,20,2734.0,0.0,2734,2734,48500000.0,61300000.0,91800000,5120179,DDoS
443,5521478,6,4,611,164,517,0,101.8333333333,204.305082332,152,0,41.0,74.0540343263,140.3609685668,1.8111092718,613497.555555556,1793361.47078734,5395490,11,5521478,1104295.6,2433929.25682564,5458139,43,102795,34265.0,40322.4047025968,78796,225,0,0,132,92,1.0866655631,0.7244437087,0,517,70.4545454545,154.7568180316,23949.6727272727,0,0,0,1,0,0,0,0,0,77.5,101.8333333333,41.0,132,6,611,4,164,8192,946,5,20,125945.0,0.0,125945,125945,5395490.0,0.0,5395490,5395490,BENIGN
60766,32563,2,1,38,6,38,0,19.0,26.87005769,6,6,6.0,0.0,1351.226853,92.12910358,16281.5,22925.10895,32492,71,32563,32563.0,0.0,32563,32563,0,0.0,0.0,0,0,1,0,64,20,61.41940239,30.70970119,0,38,20.5,20.35517952,414.3333333,0,1,0,0,1,0,0,0,0,27.33333333,19.0,6.0,64,2,38,1,6,349,0,0,32,0.0,0.0,0,0,0.0,0.0,0,0,BENIGN
80,43135,2,6,20,11601,20,0,10.0,14.14213562,4380,0,1933.5,1757.789948,269409.9919,185.4642402,6162.142857,11201.76429,28903,10,13536,13536.0,0.0,13536,13536,43125,8625.0,12728.71307,28903,14,0,0,52,132,46.36606004,139.0981801,0,4380,1291.222222,1690.960066,2859345.944,0,0,0,1,0,0,0,0,3,1452.625,10.0,1933.5,52,2,20,6,11601,8192,229,1,20,0.0,0.0,0,0,0.0,0.0,0,0,DDoS
80,1020445,4,5,326,11595,326,0,81.5,163.0,7240,0,2319.0,3331.638186,11682.15827,8.819681609,127555.625,352550.5457,999955,2,1016918,338972.6667,572490.2931,999955,2,20453,5113.25,8061.630702,17008,85,0,0,144,168,3.919858493,4.899823116,0,7240,1192.1,2520.654873,6353700.989,0,0,0,1,0,0,0,0,1,1324.555556,81.5,2319.0,144,4,326,5,11595,29200,235,1,32,0.0,0.0,0,0,0.0,0.0,0,0,DoS Hulk
443,186,2,0,31,0,31,0,15.5,21.92031022,0,0,0.0,0.0,166666.6667,10752.68817,186.0,0.0,186,186,186,186.0,0.0,186,186,0,0.0,0.0,0,0,1,0,64,0,10752.68817,0.0,0,31,20.66666667,17.89785834,320.3333333,0,1,0,0,1,0,0,0,0,31.0,15.5,0.0,64,2,31,0,0,252,-1,0,32,0.0,0.0,0,0,0.0,0.0,0,0,BENIGN
1503,51,2,2,4,12,2,2,2.0,0.0,6,6,6.0,0.0,313725.4902,78431.37255,17.0,27.71281292,49,1,49,49.0,0.0,49,49,1,1.0,0.0,1,1,0,0,48,40,39215.68627,39215.68627,2,6,3.6,2.19089023,4.8,0,0,0,1,0,0,0,0,1,4.5,2.0,6.0,48,2,4,2,12,1024,0,1,24,0.0,0.0,0,0,0.0,0.0,0,0,BENIGN
53,48242,1,1,44,92,44,44,44.0,0.0,92,92,92.0,0.0,2819.120269,41.45765101,48242.0,0.0,48242,48242,0,0.0,0.0,0,0,0,0.0,0.0,0,0,0,0,20,20,20.7288255,20.7288255,44,92,60.0,27.71281292,768.0,0,0,0,0,0,0,0,0,1,90.0,44.0,92.0,20,1,44,1,92,-1,-1,0,20,0.0,0.0,0,0,0.0,0.0,0,0,BENIGN
443,5116569,8,9,1228,8727,561,0,153.5,241.8771825298,2281,0,969.6666666667,893.6169481383,1945.6397441332,3.3225389905,319785.5625,1248323.50734767,5000764,3,115802,16543.1428571429,15261.417206238,36303,110,5092873,636609.125,1763504.50982188,5000897,3,0,0,172,192,1.5635477602,1.7589912303,0,2281,553.0555555556,764.7780510189,584885.467320261,0,0,0,1,0,0,0,0,1,585.5882352941,153.5,969.6666666667,172,8,1228,9,8727,8192,246,7,20,115802.0,0.0,115802,115802,5000764.0,0.0,5000764,5000764,BENIGN
53,47209,2,2,68,428,34,34,34.0,0.0,214,214,214.0,0.0,10506.47122,84.72960664,15736.33333,27250.06668,47202,3,3,3.0,0.0,3,3,4,4.0,0.0,4,4,0,0,64,64,42.36480332,42.36480332,34,214,106.0,98.59006035,9720.0,0,0,0,0,0,0,0,0,1,132.5,34.0,214.0,64,2,68,2,428,-1,-1,1,32,0.0,0.0,0,0,0.0,0.0,0,0,BENIGN
80,6538,2,0,12,0,6,6,6.0,0.0,0,0,0.0,0.0,1835.423677,305.9039462,6538.0,0.0,6538,6538,6538,6538.0,0.0,6538,6538,0,0.0,0.0,0,0,0,0,40,0,305.9039462,0.0,6,6,6.0,0.0,0.0,0,0,0,0,1,0,0,0,0,9.0,6.0,0.0,40,2,12,0,0,256,-1,1,20,0.0,0.0,0,0,0.0,0.0,0,0,BENIGN
1757,3,2,0,12,0,6,6,6.0,0.0,0,0,0.0,0.0,4000000.0,666666.6667,3.0,0.0,3,3,3,3.0,0.0,3,3,0,0.0,0.0,0,0,0,0,40,0,666666.6667,0.0,6,6,6.0,0.0,0.0,0,0,0,0,1,0,0,0,0,9.0,6.0,0.0,40,2,12,0,0,240,-1,1,20,0.0,0.0,0,0,0.0,0.0,0,0,BENIGN
53,138002,2,2,70,404,35,35,35.0,0.0,202,202,202.0,0.0,3434.73283,28.98508717,46000.66667,79669.42967,137995,3,3,3.0,0.0,3,3,4,4.0,0.0,4,4,0,0,64,40,14.49254359,14.49254359,35,202,101.8,91.4696671,8366.7,0,0,0,0,0,0,0,0,1,127.25,35.0,202.0,64,2,70,2,404,-1,-1,1,32,0.0,0.0,0,0,0.0,0.0,0,0,BENIGN
161,12,1,1,2,6,2,2,2.0,0.0,6,6,6.0,0.0,666666.6667,166666.6667,12.0,0.0,12,12,0,0.0,0.0,0,0,0,0.0,0.0,0,0,0,0,24,20,83333.33333,83333.33333,2,6,3.333333333,2.309401077,5.333333333,0,0,0,1,0,0,0,0,1,5.0,2.0,6.0,24,1,2,1,6,1024,0,0,24,0.0,0.0,0,0,0.0,0.0,0,0,PortScan
49752,69,2,1,37,0,37,0,18.5,26.1629509,0,0,0.0,0.0,536231.8841,43478.26087,34.5,44.54772721,66,3,3,3.0,0.0,3,3,0,0.0,0.0,0,0,0,0,64,32,28985.50725,14492.75362,0,37,9.25,18.5,342.25,0,0,0,0,1,0,0,0,0,12.33333333,18.5,0.0,64,2,37,1,0,978,33304,1,32,0.0,0.0,0,0,0.0,0.0,0,0,BENIGN
2020,64,1,1,2,6,2,2,2.0,0.0,6,6,6.0,0.0,125000.0,31250.0,64.0,0.0,64,64,0,0.0,0.0,0,0,0,0.0,0.0,0,0,0,0,24,20,15625.0,15625.0,2,6,3.333333333,2.309401077,5.333333333,0,0,0,1,0,0,0,0,1,5.0,2.0,6.0,24,1,2,1,6,1024,0,0,24,0.0,0.0,0,0,0.0,0.0,0,0,PortScan
8396,1,2,0,605,0,605,0,302.5,427.7996026,0,0,0.0,0.0,605000000.0,2000000.0,1.0,0.0,1,1,1,1.0,0.0,1,1,0,0.0,0.0,0,0,1,0,40,0,2000000.0,0.0,0,605,403.3333333,349.2969129,122008.3333,0,1,0,0,1,0,0,0,0,605.0,302.5,0.0,40,2,605,0,0,256,-1,0,20,0.0,0.0,0,0,0.0,0.0,0,0,BENIGN
1666,54,1,1,2,6,2,2,2.0,0.0,6,6,6.0,0.0,148148.1481,37037.03704,54.0,0.0,54,54,0,0.0,0.0,0,0,0,0.0,0.0,0,0,0,0,24,20,18518.51852,18518.51852,2,6,3.333333333,2.309401077,5.333333333,0,0,0,1,0,0,0,0,1,5.0,2.0,6.0,24,1,2,1,6,1024,0,0,24,0.0,0.0,0,0,0.0,0.0,0,0,PortScan
53,48015,1,1,55,116,55,55,55.0,0.0,116,116,116.0,0.0,3561.387067,41.6536499,48015.0,0.0,48015,48015,0,0.0,0.0,0,0,0,0.0,0.0,0,0,0,0,32,20,20.82682495,20.82682495,55,116,75.33333333,35.21836642,1240.333333,0,0,0,0,0,0,0,0,1,113.0,55.0,116.0,32,1,55,1,116,-1,-1,0,32,0.0,0.0,0,0,0.0,0.0,0,0,BENIGN
80,117783988,6,1,24,0,6,0,4.0,3.098386677,0,0,0.0,0.0,0.203762841,0.059430829,19600000.0,40700000.0,102000000,141,118000000,23600000.0,44200000.0,102000000,1004,0,0.0,0.0,0,0,0,0,160,32,0.05094071,0.008490118,0,6,3.75,3.105295017,9.642857143,1,0,0,0,0,0,0,0,0,4.285714286,4.0,0.0,160,6,24,1,0,0,235,3,20,32033.0,0.0,32033,32033,58900000.0,60600000.0,102000000,16000000,DoS Hulk
8487,2527,2,0,0,0,0,0,0.0,0.0,0,0,0.0,0.0,0.0,791.452315,2527.0,0.0,2527,2527,2527,2527.0,0.0,2527,2527,0,0.0,0.0,0,0,0,0,52,0,791.452315,0.0,0,0,0.0,0.0,0.0,0,0,0,0,1,0,0,0,0,0.0,0.0,0.0,52,2,0,0,0,263,-1,0,20,0.0,0.0,0,0,0.0,0.0,0,0,BENIGN
80,115399265,16,14,448,979,448,0,28.0,112.0,979,0,69.92857143,261.6487558,12.36576333,0.259966994,3979285.0,4882757.941,10000000,42,115000000,7693284.333,4187450.546,10100000,117,111000000,8504350.231,3766578.213,10100000,3829,0,0,520,456,0.138649063,0.12131793,0,979,46.03225806,190.9150743,36448.56559,0,0,0,1,0,0,0,0,0,47.56666667,28.0,69.92857143,520,16,448,14,979,29200,118,1,32,34232.27273,10556.89924,66061,30902,10000000.0,7007.466279,10000000,9998234,BENIGN
53,47102,2,2,74,486,37,37,37.0,0.0,243,243,243.0,0.0,11889.09176,84.92208399,15700.66667,27189.15623,47096,3,3,3.0,0.0,3,3,3,3.0,0.0,3,3,0,0,40,40,42.46104199,42.46104199,37,243,119.4,112.8308468,12730.8,0,0,0,0,0,0,0,0,1,149.25,37.0,243.0,40,2,74,2,486,-1,-1,1,20,0.0,0.0,0,0,0.0,0.0,0,0,BENIGN
53,30896,1,1,83,211,83,83,83.0,0.0,211,211,211.0,0.0,9515.794925,64.73329881,30896.0,0.0,30896,30896,0,0.0,0.0,0,0,0,0.0,0.0,0,0,0,0,32,32,32.3666494,32.3666494,83,211,125.6666667,73.90083446,5461.333333,0,0,0,0,0,0,0,0,1,188.5,83.0,211.0,32,1,83,1,211,-1,-1,0,32,0.0,0.0,0,0,0.0,0.0,0,0,BENIGN
80,1128017,4,0,24,0,6,6,6.0,0.0,0,0,0.0,0.0,21.27627509,3.546045849,376005.6667,650387.2923,1127008,3,1128017,376005.6667,650387.2923,1127008,3,0,0.0,0.0,0,0,0,0,80,0,3.546045849,0.0,6,6,6.0,0.0,0.0,0,0,0,0,1,0,0,0,0,7.5,6.0,0.0,80,4,24,0,0,256,-1,3,20,0.0,0.0,0,0,0.0,0.0,0,0,DDoS
16993,21,1,1,0,6,0,0,0.0,0.0,6,6,6.0,0.0,285714.2857,95238.09524,21.0,0.0,21,21,0,0.0,0.0,0,0,0,0.0,0.0,0,0,0,0,40,20,47619.04762,47619.04762,0,6,2.0,3.464101615,12.0,0,0,0,1,0,0,0,0,1,3.0,0.0,6.0,40,1,0,1,6,29200,0,0,40,0.0,0.0,0,0,0.0,0.0,0,0,PortScan
80,149664,1,1,6,6,6,6,6.0,0.0,6,6,6.0,0.0,80.1796023092,13.3632670515,149664.0,0.0,149664,149664,0,0.0,0.0,0,0,0,0.0,0.0,0,0,0,0,20,20,6.6816335258,6.6816335258,6,6,6.0,0.0,0.0,0,0,0,0,1,1,0,0,1,9.0,6.0,6.0,20,1,6,1,6,279,512,0,20,0.0,0.0,0,0,0.0,0.0,0,0,BENIGN
8087,99,1,1,2,6,2,2,2.0,0.0,6,6,6.0,0.0,80808.08081,20202.0202,99.0,0.0,99,99,0,0.0,0.0,0,0,0,0.0,0.0,0,0,0,0,24,20,10101.0101,10101.0101,2,6,3.333333333,2.309401077,5.333333333,0,0,0,1,0,0,0,0,1,5.0,2.0,6.0,24,1,2,1,6,1024,0,0,24,0.0,0.0,0,0,0.0,0.0,0,0,PortScan
443,189,2,0,0,0,0,0,0.0,0.0,0,0,0.0,0.0,0.0,10582.01058,189.0,0.0,189,189,189,189.0,0.0,189,189,0,0.0,0.0,0,0,0,0,64,0,10582.01058,0.0,0,0,0.0,0.0,0.0,0,0,0,0,1,0,0,0,0,0.0,0.0,0.0,64,2,0,0,0,489,-1,0,32,0.0,0.0,0,0,0.0,0.0,0,0,BENIGN
54464,1696717,7,2,11607,26,4380,0,1658.142857,2117.853979,20,6,13.0,9.899494937,6856.181673,5.304361305,212089.625,599547.9319,1695895,3,1696717,282786.1667,692279.1719,1695895,3,107,107.0,0.0,107,107,0,0,164,40,4.125614348,1.178746957,0,4380,1163.3,1903.962654,3625073.789,0,0,0,1,0,0,0,0,0,1292.555556,1658.142857,13.0,164,7,11607,2,26,8192,256,5,20,0.0,0.0,0,0,0.0,0.0,0,0,BENIGN
80,58463,2,5,20,11601,20,0,10.0,14.14213562,4380,0,2320.2,2207.341206,198775.2938,119.7338488,9743.833333,21596.83219,53715,23,4059,4059.0,0.0,4059,4059,58440,14610.0,26145.39757,53715,160,0,0,52,112,34.20967107,85.52417769,0,4380,1452.625,2053.759823,4217929.411,0,0,0,1,0,0,0,0,2,1660.142857,10.0,2320.2,52,2,20,5,11601,8192,229,1,20,0.0,0.0,0,0,0.0,0.0,0,0,DDoS
80,1018088,3,4,26,11601,20,0,8.666666667,10.26320288,10135,0,2900.25,4871.82583,11420.42731,6.875633541,169681.3333,408885.7276,1004248,72,13573,6786.5,9263.80594,13337,236,1017944,339314.6667,575887.5895,1004248,195,0,0,72,92,2.946700089,3.928933452,0,10135,1453.375,3544.652026,12600000.0,0,0,0,1,0,0,0,0,1,1661.0,8.666666667,2900.25,72,3,26,4,11601,8192,229,2,20,0.0,0.0,0,0,0.0,0.0,0,0,DDoS
80,11076415,8,5,539,11632,539,0,67.375,190.5652775,5840,0,2326.4,3185.599598,1098.821234,1.173664945,923034.5833,2167096.496,6073876,3,6077283,868183.2857,2296183.523,6075438,3,11100000,2769092.5,3226735.17,6073876,138,0,0,264,168,0.722255351,0.451409594,0,5840,869.3571429,2100.594041,4412495.324,0,0,0,1,0,0,0,0,0,936.2307692,67.375,2326.4,264,8,539,5,11632,29200,235,1,32,903.0,0.0,903,903,6073876.0,0.0,6073876,6073876,DoS GoldenEye
53,175,2,2,84,212,42,42,42.0,0.0,106,106,106.0,0.0,1691428.571,22857.14286,58.33333333,59.55109851,122,4,4,4.0,0.0,4,4,49,49.0,0.0,49,49,0,0,40,40,11428.57143,11428.57143,42,106,67.6,35.05424368,1228.8,0,0,0,0,0,0,0,0,1,84.5,42.0,106.0,40,2,84,2,212,-1,-1,1,20,0.0,0.0,0,0,0.0,0.0,0,0,BENIGN
80,81703552,8,5,56,11607,20,0,7.0,5.656854249,10135,0,2321.4,4413.201989,142.7477718,0.159111809,6808629.333,21500000.0,74900000,6,80400000,11500000.0,28000000.0,74900000,6,1351601,337900.25,674528.128,1349692,189,0,0,172,112,0.09791496,0.06119685,0,10135,833.5,2705.044255,7317264.423,0,0,0,0,1,0,0,0,0,897.6153846,7.0,2321.4,172,8,56,5,11607,256,229,6,20,988.0,0.0,988,988,40200000.0,49100000.0,74900000,5456817,DDoS
28277,46502,1,6,6,36,6,6,6.0,0.0,6,6,6.0,0.0,903.1869597,150.53116,7750.333333,11189.13229,23761,182,0,0.0,0.0,0,0,26017,5203.4,10384.81253,23761,182,0,0,20,120,21.50445142,129.0267085,6,6,6.0,0.0,0.0,0,0,0,0,1,1,0,0,6,6.857142857,6.0,6.0,20,1,6,6,36,229,0,0,20,0.0,0.0,0,0,0.0,0.0,0,0,BENIGN
80,100441,3,4,436,872,430,0,145.3333333,246.5468177,860,0,218.0,428.0093457,13022.57046,69.69265539,16740.16667,19142.14247,44554,3,72427,36213.5,11795.24822,44554,27873,72604,24201.33333,41426.12693,72035,3,0,0,72,92,29.86828088,39.82437451,0,860,163.5,318.6466919,101535.7143,0,0,0,1,0,0,0,0,1,186.8571429,145.3333333,218.0,72,3,436,4,872,8192,31,2,20,0.0,0.0,0,0,0.0,0.0,0,0,BENIGN
443,11755096,8,8,664,5365,322,0,83.0,120.3898429508,1834,0,670.625,774.471052212,512.8839441209,1.3611118106,783673.066666667,2554677.03507848,9931969,1,1823126,260446.571428571,497751.143652079,1375931,569,11708008,1672572.57142857,3718181.51093582,9997298,1,0,0,172,172,0.6805559053,0.6805559053,0,1834,354.6470588235,602.85476497,363433.867647059,0,0,0,1,0,0,0,0,1,376.8125,83.0,670.625,172,8,664,8,5365,8192,245,7,20,1823126.0,0.0,1823126,1823126,9931969.0,0.0,9931969,9931969,BENIGN
13722,42,1,1,0,6,0,0,0.0,0.0,6,6,6.0,0.0,142857.1429,47619.04762,42.0,0.0,42,42,0,0.0,0.0,0,0,0,0.0,0.0,0,0,0,0,40,20,23809.52381,23809.52381,0,6,2.0,3.464101615,12.0,0,0,0,1,0,0,0,0,1,3.0,0.0,6.0,40,1,0,1,6,29200,0,0,40,0.0,0.0,0,0,0.0,0.0,0,0,PortScan
49163,69,1,1,2,6,2,2,2.0,0.0,6,6,6.0,0.0,115942.029,28985.50725,69.0,0.0,69,69,0,0.0,0.0,0,0,0,0.0,0.0,0,0,0,0,24,20,14492.75362,14492.75362,2,6,3.333333333,2.309401077,5.333333333,0,0,0,1,0,0,0,0,1,5.0,2.0,6.0,24,1,2,1,6,1024,0,0,24,0.0,0.0,0,0,0.0,0.0,0,0,PortScan
80,98913507,7,8,389,11595,365,0,55.57142857,136.4744874,5792,0,1449.375,2047.784931,121.1563553,0.151647641,7065250.5,26400000.0,98900000,2,98900000,16500000.0,40400000.0,98900000,65,98900000,14100000.0,37400000.0,98900000,2,0,0,184,264,0.070768899,0.080878742,0,5792,749.375,1577.083041,2487190.917,1,0,0,0,0,0,0,0,1,799.3333333,55.57142857,1449.375,184,7,389,8,11595,0,235,4,20,10993.0,0.0,10993,10993,98900000.0,0.0,98900000,98900000,DoS Hulk
443,113302944,208,294,41319,13399,1423,6,198.6490385,299.4094137,328,6,45.57482993,41.09457392,482.9353772,4.430599791,226153.5808,1172566.049,13000000,0,113000000,546986.4734,1798956.87,13100000,67,113000000,386572.6928,1523014.46,13100000,0,1,0,4160,5880,1.835786368,2.594813423,6,1423,110.0258449,210.1584996,44166.59495,0,1,0,0,1,0,0,0,1,110.2450199,198.6490385,45.57482993,4160,208,41319,294,13399,255,1622,207,20,2848466.818,4752368.297,15300000,170494,7428762.273,2114577.451,13000000,5201340,BENIGN
443,56184,5,0,29,0,29,0,5.8,12.9691942695,0,0,0.0,0.0,516.1611846789,88.9933077033,14046.0,27988.0893357633,56028,1,56184,14046.0,27988.0893357633,56028,1,0,0.0,0.0,0,0,0,0,160,0,88.9933077033,0.0,0,29,4.8333333333,11.8392004235,140.1666666667,0,0,0,0,1,0,0,0,0,5.8,5.8,0.0,160,5,29,0,0,33061,-1,1,32,0.0,0.0,0,0,0.0,0.0,0,0,BENIGN
52136,3,2,0,12,0,6,6,6.0,0.0,0,0,0.0,0.0,4000000.0,666666.666666667,3.0,0.0,3,3,3,3.0,0.0,3,3,0,0.0,0.0,0,0,0,0,40,0,666666.666666667,0.0,6,6,6.0,0.0,0.0,0,0,0,0,1,0,0,0,0,9.0,6.0,0.0,40,2,12,0,0,373,-1,1,20,0.0,0.0,0,0,0.0,0.0,0,0,BENIGN
443,1211,2,0,0,0,0,0,0.0,0.0,0,0,0.0,0.0,0.0,1651.527663,1211.0,0.0,1211,1211,1211,1211.0,0.0,1211,1211,0,0.0,0.0,0,0,0,0,64,0,1651.527663,0.0,0,0,0.0,0.0,0.0,0,0,0,0,1,0,0,0,0,0.0,0.0,0.0,64,2,0,0,0,356,-1,0,32,0.0,0.0,0,0,0.0,0.0,0,0,BENIGN
80,13726585,11,11,3587,3431,1415,0,326.0909091,494.6783712,1263,0,311.9090909,491.413564,511.2706474,1.602729302,653646.9048,2200605.547,10000000,42,11400000,1136409.3,3118628.248,10000000,145,13700000,1368984.1,3124750.074,10000000,37040,0,0,360,360,0.801364651,0.801364651,0,1415,305.1304348,474.8388535,225471.9368,0,0,0,1,0,0,0,0,1,319.0,326.0909091,311.9090909,360,11,3587,11,3431,29200,1130,4,32,1363698.0,0.0,1363698,1363698,10000000.0,0.0,10000000,10000000,BENIGN
4224,60,1,1,2,6,2,2,2.0,0.0,6,6,6.0,0.0,133333.3333,33333.33333,60.0,0.0,60,60,0,0.0,0.0,0,0,0,0.0,0.0,0,0,0,0,24,20,16666.66667,16666.66667,2,6,3.333333333,2.309401077,5.333333333,0,0,0,1,0,0,0,0,1,5.0,2.0,6.0,24,1,2,1,6,1024,0,0,24,0.0,0.0,0,0,0.0,0.0,0,0,PortScan
443,90089737,3,3,18,18,6,6,6.0,0.0,6,6,6.0,0.0,0.3996015662,0.066600261,18017947.4,24627636.9665388,44997083,32429,90057237,45028618.5,1263.5998179804,45029512,45027725,90057308,45028654.0,1262.8927111992,45029547,45027761,0,0,60,60,0.0333001305,0.0333001305,6,6,6.0,0.0,0.0,0,0,0,0,1,0,0,0,1,7.0,6.0,6.0,60,3,18,3,18,63385,7820,2,20,32446.5,24.7487373415,32464,32429,44996172.0,1288.3485553219,44997083,44995261,BENIGN
80,10204257,4,0,24,0,6,6,6.0,0.0,0,0,0.0,0.0,2.351959579,0.391993263,3401419.0,5890990.585,10200000,253,10200000,3401419.0,5890990.585,10200000,253,0,0.0,0.0,0,0,0,0,80,0,0.391993263,0.0,6,6,6.0,0.0,0.0,0,0,0,0,1,0,0,0,0,7.5,6.0,0.0,80,4,24,0,0,256,-1,3,20,508.0,0.0,508,508,10200000.0,0.0,10200000,10200000,DDoS
53,133363,1,1,72,153,72,72,72.0,0.0,153,153,153.0,0.0,1687.124615,14.99666324,133363.0,0.0,133363,133363,0,0.0,0.0,0,0,0,0.0,0.0,0,0,0,0,32,20,7.498331621,7.498331621,72,153,99.0,46.7653718,2187.0,0,0,0,0,0,0,0,0,1,148.5,72.0,153.0,32,1,72,1,153,-1,-1,0,32,0.0,0.0,0,0,0.0,0.0,0,0,BENIGN
53,254,2,2,64,258,32,32,32.0,0.0,129,129,129.0,0.0,1267716.535,15748.0315,84.66666667,106.828523,205,1,1,1.0,0.0,1,1,48,48.0,0.0,48,48,0,0,40,40,7874.015748,7874.015748,32,129,70.8,53.12908808,2822.7,0,0,0,0,0,0,0,0,1,88.5,32.0,129.0,40,2,64,2,258,-1,-1,1,20,0.0,0.0,0,0,0.0,0.0,0,0,BENIGN
53,115158,4,2,156,202,39,39,39.0,0.0,101,101,101.0,0.0,3108.772295,52.10232897,23031.6,31772.71739,63086,3,52069,17356.33333,30055.98899,52062,3,3,3.0,0.0,3,3,0,0,128,64,34.73488598,17.36744299,39,101,56.71428571,30.25290226,915.2380952,0,0,0,0,0,0,0,0,0,66.16666667,39.0,101.0,128,4,156,2,202,-1,-1,3,32,0.0,0.0,0,0,0.0,0.0,0,0,BENIGN
80,107140,3,5,26,11607,20,0,8.666666667,10.26320288,7300,0,2321.4,3346.363967,108577.5621,74.66865783,15305.71429,40066.82549,106168,3,757,378.5,371.2310601,641,116,107000,26750.0,52946.08691,106168,3,0,0,72,112,28.00074669,46.66791114,0,7300,1292.555556,2662.264877,7087654.278,0,0,0,1,0,0,0,0,1,1454.125,8.666666667,2321.4,72,3,26,5,11607,8192,229,2,20,0.0,0.0,0,0,0.0,0.0,0,0,DDoS
53,181,2,2,70,102,35,35,35.0,0.0,51,51,51.0,0.0,950276.2431,22099.44751,60.33333333,99.3042463,175,3,3,3.0,0.0,3,3,3,3.0,0.0,3,3,0,0,64,64,11049.72376,11049.72376,35,51,41.4,8.76356092,76.8,0,0,0,0,0,0,0,0,1,51.75,35.0,51.0,64,2,70,2,102,-1,-1,1,32,0.0,0.0,0,0,0.0,0.0,0,0,BENIGN
109,49,2,0,4,0,2,2,2.0,0.0,0,0,0.0,0.0,81632.65306,40816.32653,49.0,0.0,49,49,49,49.0,0.0,49,49,0,0.0,0.0,0,0,0,0,48,0,40816.32653,0.0,2,2,2.0,0.0,0.0,0,0,0,1,0,0,0,0,0,3.0,2.0,0.0,48,2,4,0,0,1024,-1,1,24,0.0,0.0,0,0,0.0,0.0,0,0,BENIGN
443,1156157,12,18,996,27362,517,0,83.0,173.7056025684,4380,0,1520.1111111111,1129.9455941556,24527.8106693122,25.9480330094,39867.4827586207,90424.7722950728,274507,24,1155990,105090.0,136108.508523898,330460,158,881650,51861.7647058824,106968.118336452,274784,48,0,0,252,372,10.3792132037,15.5688198056,0,4380,914.7741935484,1122.0799350515,1259063.38064516,0,0,0,1,0,0,0,0,1,945.2666666667,83.0,1520.1111111111,252,12,996,18,27362,8192,245,11,20,0.0,0.0,0,0,0.0,0.0,0,0,BENIGN
53,166,2,2,72,136,36,36,36.0,0.0,68,68,68.0,0.0,1253012.048,24096.38554,55.33333333,89.77935917,159,3,4,4.0,0.0,4,4,3,3.0,0.0,3,3,0,0,40,40,12048.19277,12048.19277,36,68,48.8,17.52712184,307.2,0,0,0,0,0,0,0,0,1,61.0,36.0,68.0,40,2,72,2,136,-1,-1,1,20,0.0,0.0,0,0,0.0,0.0,0,0,BENIGN
80,84942858,9,6,305,11595,305,0,33.88888889,101.6666667,5792,0,1932.5,2537.820147,140.0941795,0.176589302,6067347.0,22400000.0,83900000,1,84900000,10600000.0,29600000.0,83900000,1,1427,285.4,471.4374826,1117,2,0,0,304,200,0.105953581,0.070635721,0,5792,743.75,1748.378163,3056826.2,0,0,0,0,1,0,0,0,0,793.3333333,33.88888889,1932.5,304,9,305,6,11595,274,235,1,32,2029.0,0.0,2029,2029,83900000.0,0.0,83900000,83900000,DoS Hulk
80,68675,3,0,0,0,0,0,0.0,0.0,0,0,0.0,0.0,0.0,43.68401893,34337.5,12601.34995,43248,25427,68675,34337.5,12601.34995,43248,25427,0,0.0,0.0,0,0,0,0,96,0,43.68401893,0.0,0,0,0.0,0.0,0.0,0,0,0,0,1,0,0,0,0,0.0,0.0,0.0,96,3,0,0,0,30228,-1,0,32,0.0,0.0,0,0,0.0,0.0,0,0,BENIGN
1124,49,2,2,4,12,2,2,2.0,0.0,6,6,6.0,0.0,326530.6122,81632.65306,16.33333333,18.58314649,37,1,49,49.0,0.0,49,49,1,1.0,0.0,1,1,0,0,48,40,40816.32653,40816.32653,2,6,3.6,2.19089023,4.8,0,0,0,1,0,0,0,0,1,4.5,2.0,6.0,48,2,4,2,12,1024,0,1,24,0.0,0.0,0,0,0.0,0.0,0,0,BENIGN
443,83,2,0,37,0,37,0,18.5,26.1629509,0,0,0.0,0.0,445783.1325,24096.38554,83.0,0.0,83,83,83,83.0,0.0,83,83,0,0.0,0.0,0,0,1,0,64,0,24096.38554,0.0,0,37,24.66666667,21.36195996,456.3333333,0,1,0,0,1,0,0,0,0,37.0,18.5,0.0,64,2,37,0,0,32832,-1,0,32,0.0,0.0,0,0,0.0,0.0,0,0,BENIGN
53,48822,1,1,45,190,45,45,45.0,0.0,190,190,190.0,0.0,4813.403793,40.96513867,48822.0,0.0,48822,48822,0,0.0,0.0,0,0,0,0.0,0.0,0,0,0,0,20,20,20.48256933,20.48256933,45,190,93.33333333,83.71578903,7008.333333,0,0,0,0,0,0,0,0,1,140.0,45.0,190.0,20,1,45,1,190,-1,-1,0,20,0.0,0.0,0,0,0.0,0.0,0,0,BENIGN
53,31128,2,2,68,158,34,34,34.0,0.0,79,79,79.0,0.0,7260.344384477,128.5016705217,10376.0,17927.6060030334,31077,3,48,48.0,0.0,48,48,3,3.0,0.0,3,3,0,0,64,40,64.2508352609,64.2508352609,34,79,52.0,24.6475150877,607.5,0,0,0,0,0,0,0,0,1,65.0,34.0,79.0,64,2,68,2,158,-1,-1,1,32,0.0,0.0,0,0,0.0,0.0,0,0,BENIGN
443,5122304,9,7,386,5066,199,0,42.8888888889,70.766242737,1460,0,723.7142857143,685.0845967922,1064.3647858464,3.1235943825,341486.933333333,1201321.06297005,4680414,3,5122304,640288.0,1634442.8561568,4680414,3,213787,35631.1666666667,54289.6243693642,108732,48,0,0,192,152,1.7570218402,1.3665725424,0,1460,320.7058823529,547.1809303953,299406.970588235,0,0,0,1,0,0,0,0,0,340.75,42.8888888889,723.7142857143,192,9,386,7,5066,8192,110,8,20,0.0,0.0,0,0,0.0,0.0,0,0,BENIGN
80,10876740,5,0,30,0,6,6,6.0,0.0,0,0,0.0,0.0,2.758179381,0.459696563,2719185.0,5435704.809,10900000,4,10900000,2719185.0,5435704.809,10900000,4,0,0.0,0.0,0,0,0,0,100,0,0.459696563,0.0,6,6,6.0,0.0,0.0,0,0,0,0,1,0,0,0,0,7.2,6.0,0.0,100,5,30,0,0,256,-1,4,20,3998.0,0.0,3998,3998,10900000.0,0.0,10900000,10900000,DDoS
80,685117,3,4,26,11601,20,0,8.666666667,10.26320288,5840,0,2900.25,3345.636997,16970.82396,10.21723297,114186.1667,276622.9098,678826,3,6000,3000.0,3050.458654,5157,843,685114,228371.3333,390116.6813,678826,149,0,0,72,92,4.37881413,5.838418839,0,5840,1453.375,2681.356423,7189672.268,0,0,0,1,0,0,0,0,1,1661.0,8.666666667,2900.25,72,3,26,4,11601,8192,229,2,20,0.0,0.0,0,0,0.0,0.0,0,0,DDoS
123,69098083,2,2,96,96,48,48,48.0,0.0,48,48,48.0,0.0,2.778658852,0.057888726,23000000.0,39700000.0,68900000,89868,69000000,69000000.0,0.0,69000000,69000000,69000000,69000000.0,0.0,69000000,69000000,0,0,52,52,0.028944363,0.028944363,48,48,48.0,0.0,0.0,0,0,0,0,0,0,0,0,1,60.0,48.0,48.0,52,2,96,2,96,-1,-1,1,20,89868.0,0.0,89868,89868,68900000.0,0.0,68900000,68900000,BENIGN
80,24061309,5,0,30,0,6,6,6.0,0.0,0,0,0.0,0.0,1.246814959,0.207802493,6015327.25,12000000.0,24100000,1,24100000,6015327.25,12000000.0,24100000,1,0,0.0,0.0,0,0,0,0,100,0,0.207802493,0.0,6,6,6.0,0.0,0.0,0,0,0,0,1,0,0,0,0,7.2,6.0,0.0,100,5,30,0,0,256,-1,4,20,981.0,0.0,981,981,24100000.0,0.0,24100000,24100000,DDoS
443,549461,84,126,671,175984,421,0,7.988095238,49.06486831,2836,0,1396.698413,307.2526327,321505.985,382.1927307,2629.0,13505.3636,172945,-1,549461,6620.012048,21125.00276,172945,1,512446,4099.568,22226.42522,238622,1,0,0,3876,4040,152.8770923,229.3156384,0,2836,837.2274882,723.4238864,523342.1194,0,0,0,1,0,0,0,0,1,841.2142857,7.988095238,1396.698413,3876,84,671,126,175984,65535,349,5,32,0.0,0.0,0,0,0.0,0.0,0,0,BENIGN
1443,48,1,1,2,6,2,2,2.0,0.0,6,6,6.0,0.0,166666.6667,41666.66667,48.0,0.0,48,48,0,0.0,0.0,0,0,0,0.0,0.0,0,0,0,0,24,20,20833.33333,20833.33333,2,6,3.333333333,2.309401077,5.333333333,0,0,0,1,0,0,0,0,1,5.0,2.0,6.0,24,1,2,1,6,1024,0,0,24,0.0,0.0,0,0,0.0,0.0,0,0,PortScan
53,268269,2,2,58,316,29,29,29.0,0.0,158,158,158.0,0.0,1394.123063,14.91040709,89423.0,154879.9832,268263,2,2,2.0,0.0,2,2,4,4.0,0.0,4,4,0,0,64,88,7.455203546,7.455203546,29,158,80.6,70.65620992,4992.3,0,0,0,0,0,0,0,0,1,100.75,29.0,158.0,64,2,58,2,316,-1,-1,1,32,0.0,0.0,0,0,0.0,0.0,0,0,BENIGN
88,572,7,4,470,370,226,0,67.14285714,108.5532566,185,0,92.5,106.8097998,1468531.469,19230.76923,57.2,99.64804731,328,1,572,95.33333333,160.6669433,413,1,449,149.6666667,254.0341184,443,3,0,0,164,104,12237.76224,6993.006993,0,226,70.0,100.8644455,10173.63636,0,0,0,1,0,0,0,0,0,76.36363636,67.14285714,92.5,164,7,470,4,370,8192,2053,5,20,0.0,0.0,0,0,0.0,0.0,0,0,BENIGN
3052,41,1,1,2,6,2,2,2.0,0.0,6,6,6.0,0.0,195121.9512,48780.4878,41.0,0.0,41,41,0,0.0,0.0,0,0,0,0.0,0.0,0,0,0,0,24,20,24390.2439,24390.2439,2,6,3.333333333,2.309401077,5.333333333,0,0,0,1,0,0,0,0,1,5.0,2.0,6.0,24,1,2,1,6,1024,0,0,24,0.0,0.0,0,0,0.0,0.0,0,0,PortScan
60894,83372177,7,6,11595,319,5792,0,1656.428571,2120.732252,301,0,53.16666667,121.4486174,142.9013902,0.155927319,6947681.417,24000000.0,83300000,2,83400000,13900000.0,34000000.0,83300000,46,83300000,16700000.0,37300000.0,83300000,2,0,0,232,164,0.083960864,0.071966455,0,5792,851.0,1667.407384,2780247.385,0,0,0,0,1,0,0,0,0,916.4615385,1656.428571,53.16666667,232,7,11595,6,319,235,229,4,32,10980.0,0.0,10980,10980,83300000.0,0.0,83300000,83300000,BENIGN
80,720914,3,5,26,11601,20,0,8.666666667,10.26320288,5755,0,2320.2,2411.235202,16128.13734,11.09702406,102987.7143,270451.596,716305,8,4293,2146.5,2762.666194,4100,193,720906,180226.5,357391.1834,716305,67,0,0,72,112,4.161384021,6.935640035,0,5755,1291.888889,2096.202068,4394063.111,0,0,0,1,0,0,0,0,1,1453.375,8.666666667,2320.2,72,3,26,5,11601,8192,229,2,20,0.0,0.0,0,0,0.0,0.0,0,0,DDoS
80,48265,3,4,26,11601,20,0,8.666666667,10.26320288,8760,0,2900.25,4128.319301,240899.2023,145.0326323,8044.166667,17321.84558,43214,68,4795,2397.5,3182.687622,4648,147,48196,16065.33333,23623.95787,43214,188,0,0,72,92,62.15684243,82.87578991,0,8760,1453.375,3113.952607,9696700.839,0,0,0,1,0,0,0,0,1,1661.0,8.666666667,2900.25,72,3,26,4,11601,8192,229,2,20,0.0,0.0,0,0,0.0,0.0,0,0,DDoS
443,115937429,19,16,1222,441,539,0,64.31578947,163.8566625,277,0,27.5625,76.48526547,14.34394409,0.301886977,3409924.382,4720103.702,10000000,4,116000000,6440968.278,4781928.833,10000000,4,110000000,7356177.067,4582078.891,10000000,321,0,0,392,464,0.163881502,0.138005475,0,539,46.19444444,129.2792812,16713.13254,0,0,0,1,0,0,0,0,0,47.51428571,64.31578947,27.5625,392,19,1222,16,441,8192,980,18,20,32564.91667,32036.70526,134292,23001,9628887.167,1277835.839,10000000,5571508,BENIGN
53,179,2,2,82,114,41,41,41.0,0.0,57,57,57.0,0.0,1094972.067,22346.36872,59.66666667,97.28480525,172,3,3,3.0,0.0,3,3,4,4.0,0.0,4,4,0,0,64,64,11173.18436,11173.18436,41,57,47.4,8.76356092,76.8,0,0,0,0,0,0,0,0,1,59.25,41.0,57.0,64,2,82,2,114,-1,-1,1,32,0.0,0.0,0,0,0.0,0.0,0,0,BENIGN
80,559135,3,4,26,11601,20,0,8.666666667,10.26320288,8760,0,2900.25,4128.319301,20794.62026,12.51933791,93189.16667,223820.5174,550011,39,8511,4255.5,5954.546204,8466,45,559096,186365.3333,314951.439,550011,570,0,0,72,92,5.365430531,7.153907375,0,8760,1453.375,3113.952607,9696700.839,0,0,0,1,0,0,0,0,1,1661.0,8.666666667,2900.25,72,3,26,4,11601,8192,229,2,20,0.0,0.0,0,0,0.0,0.0,0,0,DDoS
8080,70097,4,3,207,134,195,0,51.75,95.54187564,128,0,44.66666667,72.23111056,4864.687504,99.86162033,11682.83333,27531.88128,67878,28,70097,23365.66667,39721.74762,69230,28,68492,34246.0,47562.83053,67878,614,0,0,92,72,57.06378304,42.79783728,0,195,42.625,75.57576615,5711.696429,0,0,0,1,0,0,0,0,0,48.71428571,51.75,44.66666667,92,4,207,3,134,8192,237,3,20,0.0,0.0,0,0,0.0,0.0,0,0,Bot
80,3003943,3,0,0,0,0,0,0.0,0.0,0,0,0.0,0.0,0.0,0.998687392,1501971.5,709942.9865,2003977,999966,3003943,1501971.5,709942.9865,2003977,999966,0,0.0,0.0,0,0,0,0,120,0,0.998687392,0.0,0,0,0.0,0.0,0.0,0,0,0,1,0,0,0,0,0,0.0,0.0,0.0,120,3,0,0,0,29200,-1,0,40,0.0,0.0,0,0,0.0,0.0,0,0,DoS slowloris
443,115540949,40,41,2363,55705,398,0,59.075,122.2270664347,4380,0,1358.6585365854,1199.1835474554,502.5750653995,0.7010501532,1444261.8625,3476975.07271078,10009462,2,115540949,2962588.43589744,4543616.74968355,10032727,3,110774101,2769352.525,4525643.77172383,10032535,84,0,0,812,964,0.3461976065,0.3548525467,0,4380,708.1463414634,1070.4061317845,1145769.28696176,0,0,0,1,0,0,0,0,1,716.8888888889,59.075,1358.6585365854,812,40,2363,41,55705,8192,1114,39,20,73282.1818181818,166141.981087754,574219,23073,9997096.54545455,16150.3559178344,10009462,9949566,BENIGN
80,11315055,5,4,530,3525,530,0,106.0,237.0232056,3525,0,881.25,1762.5,358.3720981,0.795400464,1414381.875,2639442.714,6313203,4,6323684,1580921.0,3161458.011,6323108,4,11300000,3771663.667,3331089.422,6313203,576,0,0,168,136,0.441889147,0.353511317,0,3525,405.5,1108.663986,1229135.833,0,0,0,1,0,0,0,0,0,450.5555556,106.0,881.25,168,5,530,4,3525,29200,235,1,32,640.0,0.0,640,640,6313203.0,0.0,6313203,6313203,DoS GoldenEye
60972,231,2,0,0,0,0,0,0.0,0.0,0,0,0.0,0.0,0.0,8658.008658,231.0,0.0,231,231,231,231.0,0.0,231,231,0,0.0,0.0,0,0,0,0,64,0,8658.008658,0.0,0,0,0.0,0.0,0.0,0,0,0,0,1,0,0,0,0,0.0,0.0,0.0,64,2,0,0,0,340,-1,0,32,0.0,0.0,0,0,0.0,0.0,0,0,BENIGN
53,235,2,2,64,258,32,32,32.0,0.0,129,129,129.0,0.0,1370212.766,17021.2766,78.33333333,95.44282756,185,1,1,1.0,0.0,1,1,49,49.0,0.0,49,49,0,0,40,40,8510.638298,8510.638298,32,129,70.8,53.12908808,2822.7,0,0,0,0,0,0,0,0,1,88.5,32.0,129.0,40,2,64,2,258,-1,-1,1,20,0.0,0.0,0,0,0.0,0.0,0,0,BENIGN
57817,45,2,0,12,0,6,6,6.0,0.0,0,0,0.0,0.0,266666.6667,44444.44444,45.0,0.0,45,45,45,45.0,0.0,45,45,0,0.0,0.0,0,0,0,0,40,0,44444.44444,0.0,6,6,6.0,0.0,0.0,0,0,0,0,1,0,0,0,0,9.0,6.0,0.0,40,2,12,0,0,32,-1,1,20,0.0,0.0,0,0,0.0,0.0,0,0,BENIGN
53,32138,4,2,128,96,32,32,32.0,0.0,48,48,48.0,0.0,6969.942125,186.6948783,6427.6,13938.21855,31356,4,31409,10469.66667,18088.10925,31356,4,49,49.0,0.0,49,49,0,0,80,40,124.4632522,62.23162611,32,48,36.57142857,7.807200584,60.95238095,0,0,0,0,0,0,0,0,0,42.66666667,32.0,48.0,80,4,128,2,96,-1,-1,3,20,0.0,0.0,0,0,0.0,0.0,0,0,BENIGN
53,30398,1,1,50,66,50,50,50.0,0.0,66,66,66.0,0.0,3816.040529,65.79380222,30398.0,0.0,30398,30398,0,0.0,0.0,0,0,0,0.0,0.0,0,0,0,0,32,40,32.89690111,32.89690111,50,66,55.33333333,9.237604307,85.33333333,0,0,0,0,0,0,0,0,1,83.0,50.0,66.0,32,1,50,1,66,-1,-1,0,32,0.0,0.0,0,0,0.0,0.0,0,0,BENIGN
80,100127901,9,7,316,11595,310,0,35.11111111,103.1024302,5792,0,1656.428571,2118.227235,118.9578517,0.15979562,6675193.4,25800000.0,100000000,1,100000000,12500000.0,35300000.0,100000000,1,148675,24779.16667,54797.03514,136212,38,0,0,284,232,0.089885036,0.069910584,0,5792,700.6470588,1538.634498,2367396.118,0,0,0,0,1,0,0,0,0,744.4375,35.11111111,1656.428571,284,9,316,7,11595,274,235,2,20,10.0,0.0,10,10,100000000.0,0.0,100000000,100000000,DoS Hulk
80,116021,4,0,24,0,6,6,6.0,0.0,0,0,0.0,0.0,206.8591031,34.47651718,38673.66667,60133.95507,108024,1000,116021,38673.66667,60133.95507,108024,1000,0,0.0,0.0,0,0,0,0,80,0,34.47651718,0.0,6,6,6.0,0.0,0.0,0,0,0,0,1,0,0,0,0,7.5,6.0,0.0,80,4,24,0,0,256,-1,3,20,0.0,0.0,0,0,0.0,0.0,0,0,DDoS
123,81196,1,1,48,48,48,48,48.0,0.0,48,48,48.0,0.0,1182.324252,24.63175526,81196.0,0.0,81196,81196,0,0.0,0.0,0,0,0,0.0,0.0,0,0,0,0,32,32,12.31587763,12.31587763,48,48,48.0,0.0,0.0,0,0,0,0,0,0,0,0,1,72.0,48.0,48.0,32,1,48,1,48,-1,-1,0,32,0.0,0.0,0,0,0.0,0.0,0,0,BENIGN
53,61903,1,1,50,109,50,50,50.0,0.0,109,109,109.0,0.0,2568.534643,32.30861186,61903.0,0.0,61903,61903,0,0.0,0.0,0,0,0,0.0,0.0,0,0,0,0,32,20,16.15430593,16.15430593,50,109,69.66666667,34.06366588,1160.333333,0,0,0,0,0,0,0,0,1,104.5,50.0,109.0,32,1,50,1,109,-1,-1,0,32,0.0,0.0,0,0,0.0,0.0,0,0,BENIGN
53,37534,1,1,84,180,84,84,84.0,0.0,180,180,180.0,0.0,7033.6228486173,53.2850215804,37534.0,0.0,37534,37534,0,0.0,0.0,0,0,0,0.0,0.0,0,0,0,0,20,20,26.6425107902,26.6425107902,84,180,116.0,55.4256258422,3072.0,0,0,0,0,0,0,0,0,1,174.0,84.0,180.0,20,1,84,1,180,-1,-1,0,20,0.0,0.0,0,0,0.0,0.0,0,0,BENIGN
32777,62,1,1,0,6,0,0,0.0,0.0,6,6,6.0,0.0,96774.19355,32258.06452,62.0,0.0,62,62,0,0.0,0.0,0,0,0,0.0,0.0,0,0,0,0,40,20,16129.03226,16129.03226,0,6,2.0,3.464101615,12.0,0,0,0,1,0,0,0,0,1,3.0,0.0,6.0,40,1,0,1,6,29200,0,0,40,0.0,0.0,0,0,0.0,0.0,0,0,PortScan
443,4,2,0,31,0,31,0,15.5,21.92031022,0,0,0.0,0.0,7750000.0,500000.0,4.0,0.0,4,4,4,4.0,0.0,4,4,0,0.0,0.0,0,0,1,0,64,0,500000.0,0.0,0,31,20.66666667,17.89785834,320.3333333,0,1,0,0,1,0,0,0,0,31.0,15.5,0.0,64,2,31,0,0,378,-1,0,32,0.0,0.0,0,0,0.0,0.0,0,0,BENIGN
443,3,2,0,31,0,31,0,15.5,21.92031022,0,0,0.0,0.0,10300000.0,666666.6667,3.0,0.0,3,3,3,3.0,0.0,3,3,0,0.0,0.0,0,0,1,0,64,0,666666.6667,0.0,0,31,20.66666667,17.89785834,320.3333333,0,1,0,0,1,0,0,0,0,31.0,15.5,0.0,64,2,31,0,0,2173,-1,0,32,0.0,0.0,0,0,0.0,0.0,0,0,BENIGN
80,63,2,0,12,0,6,6,6.0,0.0,0,0,0.0,0.0,190476.1905,31746.03175,63.0,0.0,63,63,63,63.0,0.0,63,63,0,0.0,0.0,0,0,0,0,40,0,31746.03175,0.0,6,6,6.0,0.0,0.0,0,0,0,0,1,0,0,0,0,9.0,6.0,0.0,40,2,12,0,0,255,-1,1,20,0.0,0.0,0,0,0.0,0.0,0,0,BENIGN
80,99780730,6,7,387,11595,369,0,64.5,149.202882,5792,0,1656.428571,2120.732252,120.0833067,0.130285677,8315060.833,28700000.0,99600000,1,99600000,19900000.0,44500000.0,99600000,1,99800000,16600000.0,40600000.0,99600000,46,0,0,164,232,0.060131851,0.070153826,0,5792,856.2857143,1665.543867,2774036.374,1,0,0,0,0,0,0,0,1,922.1538462,64.5,1656.428571,164,6,387,7,11595,0,235,3,20,8987.0,0.0,8987,8987,99600000.0,0.0,99600000,99600000,DoS Hulk
21,284,2,1,14,0,14,0,7.0,9.899494937,0,0,0.0,0.0,49295.77465,10563.38028,142.0,67.88225099,190,94,284,284.0,0.0,284,284,0,0.0,0.0,0,0,1,0,64,20,7042.253521,3521.126761,0,14,7.0,8.082903769,65.33333333,0,1,0,0,1,0,0,0,0,9.333333333,7.0,0.0,64,2,14,1,0,229,0,0,32,0.0,0.0,0,0,0.0,0.0,0,0,FTP-Patator
53,48838,1,1,56,106,56,56,56.0,0.0,106,106,106.0,0.0,3317.089152,40.95171792,48838.0,0.0,48838,48838,0,0.0,0.0,0,0,0,0.0,0.0,0,0,0,0,32,32,20.47585896,20.47585896,56,106,72.66666667,28.86751346,833.3333333,0,0,0,0,0,0,0,0,1,109.0,56.0,106.0,32,1,56,1,106,-1,-1,0,32,0.0,0.0,0,0,0.0,0.0,0,0,BENIGN
53,339862,2,2,76,310,38,38,38.0,0.0,155,155,155.0,0.0,1135.755101,11.76948291,113287.3333,196213.355,339855,3,3,3.0,0.0,3,3,4,4.0,0.0,4,4,0,0,40,64,5.884741454,5.884741454,38,155,84.8,64.08353923,4106.7,0,0,0,0,0,0,0,0,1,106.0,38.0,155.0,40,2,76,2,310,-1,-1,1,20,0.0,0.0,0,0,0.0,0.0,0,0,BENIGN
1500,49,1,1,0,6,0,0,0.0,0.0,6,6,6.0,0.0,122448.9796,40816.32653,49.0,0.0,49,49,0,0.0,0.0,0,0,0,0.0,0.0,0,0,0,0,40,20,20408.16327,20408.16327,0,6,2.0,3.464101615,12.0,0,0,0,1,0,0,0,0,1,3.0,0.0,6.0,40,1,0,1,6,29200,0,0,40,0.0,0.0,0,0,0.0,0.0,0,0,PortScan
3971,46,1,1,2,6,2,2,2.0,0.0,6,6,6.0,0.0,173913.0435,43478.26087,46.0,0.0,46,46,0,0.0,0.0,0,0,0,0.0,0.0,0,0,0,0,24,20,21739.13043,21739.13043,2,6,3.333333333,2.309401077,5.333333333,0,0,0,1,0,0,0,0,1,5.0,2.0,6.0,24,1,2,1,6,1024,0,0,24,0.0,0.0,0,0,0.0,0.0,0,0,PortScan
53,173,2,2,46,46,23,23,23.0,0.0,23,23,23.0,0.0,531791.9075,23121.38728,57.66666667,97.28480525,170,1,2,2.0,0.0,2,2,1,1.0,0.0,1,1,0,0,64,64,11560.69364,11560.69364,23,23,23.0,0.0,0.0,0,0,0,0,0,0,0,0,1,28.75,23.0,23.0,64,2,46,2,46,-1,-1,1,32,0.0,0.0,0,0,0.0,0.0,0,0,BENIGN
443,118107483,22,18,1408,3253,821,0,64.0,187.7899029,1481,0,180.7222222,462.2910728,39.46405326,0.338674561,3028397.0,4588917.091,10200000,4,118000000,5624165.857,5007867.314,10200000,4,115000000,6761058.706,4872204.036,10200000,212,0,0,712,584,0.186271009,0.152403553,0,1481,113.6829268,336.2221319,113045.322,0,0,0,1,0,0,0,0,0,116.525,64.0,180.7222222,712,22,1408,18,3253,29200,5555,4,32,254711.3636,719575.4708,2424313,37492,10200000.0,26666.633,10200000,10100000,BENIGN
80,73455981,15,12,1328,2159,523,0,88.53333333,178.3010563,1184,0,179.9166667,380.7644126,47.47060692,0.367567074,2825230.038,4453704.444,10000000,42,73500000,5246855.786,4977190.463,10000000,10842,70700000,6426522.727,5001138.591,10000000,788,0,0,312,336,0.20420393,0.163363144,0,1184,124.5357143,279.6579236,78208.55423,0,0,0,1,0,0,0,0,0,129.1481481,88.53333333,179.9166667,312,15,1328,12,2159,8192,1013,14,20,128875.8571,256386.1757,710305,31868,9969952.714,74381.49173,10000000,9801495,BENIGN
80,11825407,8,6,357,11632,357,0,44.625,126.2185604,4392,0,1938.666667,2190.718847,1013.834027,1.183891599,909646.6923,2250633.602,6820793,15,6823613,974801.8571,2578290.01,6821814,207,11800000,2365071.4,3301210.671,6820793,15,0,0,264,200,0.676509485,0.507382114,0,4392,799.2666667,1627.703398,2649418.352,0,0,0,1,0,0,0,0,0,856.3571429,44.625,1938.666667,264,8,357,6,11632,29200,235,1,32,894.0,0.0,894,894,6820793.0,0.0,6820793,6820793,DoS GoldenEye
443,92356470,84,131,4796,125932,937,0,57.0952381,151.4479209,2447,0,961.3129771,672.259612,1415.472029,2.327936527,431572.2897,4111499.923,58000000,1,92300000,1111810.458,6578815.637,58000000,82,92300000,710153.9,5270988.715,58000000,1,1,0,1680,2620,0.909519387,1.41841714,0,2447,605.4351852,691.5296328,478213.233,0,1,0,0,1,0,0,0,1,608.2511628,57.0952381,961.3129771,1680,84,4796,131,125932,258,661,27,20,360307.2,552473.847,1347290,85742,18100000.0,22400000.0,58000000,5924106,BENIGN
53,201,2,2,68,100,34,34,34.0,0.0,50,50,50.0,0.0,835820.8955,19900.49751,67.0,75.31932023,150,3,3,3.0,0.0,3,3,48,48.0,0.0,48,48,0,0,64,64,9950.248756,9950.248756,34,50,40.4,8.76356092,76.8,0,0,0,0,0,0,0,0,1,50.5,34.0,50.0,64,2,68,2,100,-1,-1,1,32,0.0,0.0,0,0,0.0,0.0,0,0,BENIGN
443,115301732,32,39,735,35067,347,0,22.96875,73.78192994,2896,0,899.1538462,763.228273,310.5070442,0.615775659,1647167.6,3678971.305,10000000,3,115000000,3719410.71,4839869.944,10100000,3,111000000,2911466.263,4616200.465,10100000,49,0,0,1032,1256,0.277532691,0.338242968,0,2896,497.25,712.5572228,507737.7958,0,0,0,1,0,0,0,0,1,504.2535211,22.96875,899.1538462,1032,32,735,39,35067,29200,126,4,32,47007.72727,33073.27925,146727,36923,10000000.0,5742.757706,10000000,9997327,BENIGN
80,112908871,28,20,3794,5728,600,0,135.5,223.9403856,1184,0,286.4,470.8861076,84.33349759,0.425121601,2402316.404,4247544.494,10200000,20,113000000,4181245.37,4928443.397,10200000,5950,113000000,5941780.947,4915471.072,10200000,2515,0,0,904,648,0.247987601,0.177134,0,1184,194.3265306,349.7374246,122316.2662,0,0,0,1,0,0,0,0,0,198.375,135.5,286.4,904,28,3794,20,5728,29200,1194,8,32,296557.2727,831517.0905,2795898,14962,9966499.545,701682.5542,10200000,7863069,BENIGN
22,13272970,22,32,2024,2745,640,0,92.0,138.3384394,976,0,85.78125,220.240592,359.3016484,4.068418749,250433.3962,682636.9174,2416209,4,10900000,517846.7143,938601.6842,2464758,332,13300000,428156.1935,853955.1613,2416209,4,0,0,712,1032,1.657503935,2.410914814,0,976,86.70909091,188.253835,35439.5064,0,0,0,1,0,0,0,0,1,88.31481481,92.0,85.78125,712,22,2024,32,2745,29200,257,16,32,0.0,0.0,0,0,0.0,0.0,0,0,SSH-Patator
53,184,2,2,60,252,30,30,30.0,0.0,126,126,126.0,0.0,1695652.17391304,21739.1304347826,61.3333333333,101.0362971082,178,3,3,3.0,0.0,3,3,3,3.0,0.0,3,3,0,0,40,40,10869.5652173913,10869.5652173913,30,126,68.4,52.5813655205,2764.8,0,0,0,0,0,0,0,0,1,85.5,30.0,126.0,40,2,60,2,252,-1,-1,1,20,0.0,0.0,0,0,0.0,0.0,0,0,BENIGN
2869,55,1,1,0,6,0,0,0.0,0.0,6,6,6.0,0.0,109090.9091,36363.63636,55.0,0.0,55,55,0,0.0,0.0,0,0,0,0.0,0.0,0,0,0,0,40,20,18181.81818,18181.81818,0,6,2.0,3.464101615,12.0,0,0,0,1,0,0,0,0,1,3.0,0.0,6.0,40,1,0,1,6,29200,0,0,40,0.0,0.0,0,0,0.0,0.0,0,0,PortScan
53,23277481,2,2,102,174,53,49,51.0,2.8284271247,109,65,87.0,31.1126983722,11.8569530784,0.1718398997,7759160.33333333,13384965.342578,23214787,30656,23246825,23246825.0,0.0,23246825,23246825,23245443,23245443.0,0.0,23245443,23245443,0,0,64,52,0.0859199498,0.0859199498,49,109,65.8,24.883729624,619.2,0,0,0,0,0,0,0,0,1,82.25,51.0,87.0,64,2,102,2,174,-1,-1,1,32,32038.0,0.0,32038,32038,23214787.0,0.0,23214787,23214787,BENIGN
443,298131,1,1,0,6,0,0,0.0,0.0,6,6,6.0,0.0,20.1253811244,6.7084603748,298131.0,0.0,298131,298131,0,0.0,0.0,0,0,0,0.0,0.0,0,0,0,0,40,20,3.3542301874,3.3542301874,0,6,2.0,3.4641016151,12.0,0,0,0,1,0,0,0,0,1,3.0,0.0,6.0,40,1,0,1,6,29200,0,0,40,0.0,0.0,0,0,0.0,0.0,0,0,BENIGN
443,63103191,7,0,0,0,0,0,0.0,0.0,0,0,0.0,0.0,0.0,0.110929414,10500000.0,11900000.0,32100000,999756,63100000,10500000.0,11900000.0,32100000,999756,0,0.0,0.0,0,0,0,0,280,0,0.110929414,0.0,0,0,0.0,0.0,0.0,0,0,0,1,0,0,0,0,0,0.0,0.0,0.0,280,7,0,0,0,29200,-1,0,40,7007676.0,0.0,7007676,7007676,18700000.0,12200000.0,32100000,8015946,BENIGN
80,191840,3,5,26,11607,20,0,8.666666667,10.26320288,7215,0,2321.4,3327.769794,60639.07423,41.70141785,27405.71429,72114.33273,190945,4,654,327.0,435.5777772,635,19,191794,47948.5,95331.44324,190945,4,0,0,72,112,15.63803169,26.06338616,0,7215,1292.555556,2650.585648,7025604.278,0,0,0,1,0,0,0,0,1,1454.125,8.666666667,2321.4,72,3,26,5,11607,8192,229,2,20,0.0,0.0,0,0,0.0,0.0,0,0,DDoS
80,84330684,8,5,56,11607,20,0,7.0,5.656854249,8675,0,2321.4,3769.536019,138.3007874,0.15415504,7027557.0,23700000.0,82100000,1,84200000,12000000.0,30900000.0,82100000,1,85552,21388.0,42025.20586,84423,8,0,0,172,112,0.09486464,0.0592904,0,8675,833.5,2386.768615,5696664.423,0,0,0,0,1,0,0,0,0,897.6153846,7.0,2321.4,172,8,56,5,11607,256,229,6,20,2113005.0,0.0,2113005,2113005,82100000.0,0.0,82100000,82100000,DDoS
3766,55,1,1,0,6,0,0,0.0,0.0,6,6,6.0,0.0,109090.9091,36363.63636,55.0,0.0,55,55,0,0.0,0.0,0,0,0,0.0,0.0,0,0,0,0,40,20,18181.81818,18181.81818,0,6,2.0,3.464101615,12.0,0,0,0,1,0,0,0,0,1,3.0,0.0,6.0,40,1,0,1,6,29200,0,0,40,0.0,0.0,0,0,0.0,0.0,0,0,PortScan
53,192,2,2,136,392,68,68,68.0,0.0,196,196,196.0,0.0,2750000.0,20833.3333333333,64.0,104.7902667236,185,3,3,3.0,0.0,3,3,4,4.0,0.0,4,4,0,0,64,64,10416.6666666667,10416.6666666667,68,196,119.2,70.1084873607,4915.2,0,0,0,0,0,0,0,0,1,149.0,68.0,196.0,64,2,136,2,392,-1,-1,1,32,0.0,0.0,0,0,0.0,0.0,0,0,BENIGN
53,31220,1,1,51,67,51,51,51.0,0.0,67,67,67.0,0.0,3779.6284433056,64.0614990391,31220.0,0.0,31220,31220,0,0.0,0.0,0,0,0,0.0,0.0,0,0,0,0,20,20,32.0307495195,32.0307495195,51,67,56.3333333333,9.237604307,85.3333333333,0,0,0,0,0,0,0,0,1,84.5,51.0,67.0,20,1,51,1,67,-1,-1,0,20,0.0,0.0,0,0,0.0,0.0,0,0,BENIGN
80,43836,3,6,26,11601,20,0,8.666666667,10.26320288,4380,0,1933.5,1757.789948,265238.6167,205.3107035,5479.5,9911.902383,22998,3,23048,11524.0,16293.15445,23045,3,43789,8757.8,11845.45509,23364,16,0,0,72,132,68.43690118,136.8738024,0,4380,1162.7,1645.241762,2706820.456,0,0,0,1,0,0,0,0,2,1291.888889,8.666666667,1933.5,72,3,26,6,11601,8192,229,2,20,0.0,0.0,0,0,0.0,0.0,0,0,DDoS
80,6116819,4,0,24,0,6,6,6.0,0.0,0,0,0.0,0.0,3.923608006,0.653934668,2038939.667,3531542.766,6116814,2,6116819,2038939.667,3531542.766,6116814,2,0,0.0,0.0,0,0,0,0,80,0,0.653934668,0.0,6,6,6.0,0.0,0.0,0,0,0,0,1,0,0,0,0,7.5,6.0,0.0,80,4,24,0,0,256,-1,3,20,5.0,0.0,5,5,6116814.0,0.0,6116814,6116814,DDoS
80,421820,3,5,26,11607,20,0,8.666666667,10.26320288,5840,0,2321.4,3173.373883,27578.11389,18.96543549,60260.0,158890.5092,420589,1,988,494.0,697.2072862,987,1,421775,105443.75,210097.2631,420589,4,0,0,72,112,7.11203831,11.85339718,0,5840,1292.555556,2554.159212,6523729.278,0,0,0,1,0,0,0,0,1,1454.125,8.666666667,2321.4,72,3,26,5,11607,8192,229,2,20,0.0,0.0,0,0,0.0,0.0,0,0,DDoS
80,1206428,3,5,26,11601,20,0,8.666666667,10.26320288,5840,0,2320.2,2436.833027,9637.541569,6.631145829,172346.8571,452850.9279,1199305,94,6196,3098.0,4122.432534,6013,183,1206319,301579.75,598489.6998,1199305,182,0,0,72,112,2.486679686,4.144466143,0,5840,1291.888889,2110.95076,4456113.111,0,0,0,1,0,0,0,0,1,1453.375,8.666666667,2320.2,72,3,26,5,11601,8192,229,2,20,0.0,0.0,0,0,0.0,0.0,0,0,DDoS
38079,51,1,1,0,0,0,0,0.0,0.0,0,0,0.0,0.0,0.0,39215.68627,51.0,0.0,51,51,0,0.0,0.0,0,0,0,0.0,0.0,0,0,0,0,32,32,19607.84314,19607.84314,0,0,0.0,0.0,0.0,0,0,0,0,1,1,0,0,1,0.0,0.0,0.0,32,1,0,1,0,114,229,0,32,0.0,0.0,0,0,0.0,0.0,0,0,BENIGN
80,66470748,5,8,313,11595,301,0,62.6,133.3034133,5792,0,1449.375,1895.881019,179.1464721,0.195574751,5539229.0,19100000.0,66300000,2,66300000,16600000.0,33200000.0,66300000,2,66500000,9495814.857,25100000.0,66300000,46,0,0,144,264,0.075221058,0.120353693,0,5792,851.0,1566.916423,2455227.077,1,0,0,0,0,0,0,0,1,916.4615385,62.6,1449.375,144,5,313,8,11595,0,235,2,20,13000.0,0.0,13000,13000,66300000.0,0.0,66300000,66300000,DoS Hulk
5900,60,1,1,0,6,0,0,0.0,0.0,6,6,6.0,0.0,100000.0,33333.33333,60.0,0.0,60,60,0,0.0,0.0,0,0,0,0.0,0.0,0,0,0,0,40,20,16666.66667,16666.66667,0,6,2.0,3.464101615,12.0,0,0,0,1,0,0,0,0,1,3.0,0.0,6.0,40,1,0,1,6,29200,0,0,40,0.0,0.0,0,0,0.0,0.0,0,0,PortScan
80,116135,3,4,26,11607,20,0,8.666666667,10.26320288,11595,0,2901.75,5795.50069,100167.908,60.27468033,19355.83333,47008.95771,115312,6,692,346.0,199.4041123,487,205,116074,38691.33333,66356.50341,115312,6,0,0,72,92,25.83200586,34.44267447,0,11595,1454.125,4097.537534,16800000.0,0,0,0,1,0,0,0,0,1,1661.857143,8.666666667,2901.75,72,3,26,4,11607,8192,229,2,20,0.0,0.0,0,0,0.0,0.0,0,0,DDoS
80,71911131,9,4,62,11601,20,0,6.888888889,5.30199124,8760,0,2900.25,4128.319301,162.1862963,0.180778689,5992594.25,20300000.0,70400000,1,71600000,8952960.875,24800000.0,70400000,1,320779,106926.3333,156966.804,287157,190,0,0,192,92,0.125154477,0.055624212,0,8760,833.5,2402.71381,5773033.654,0,0,0,0,1,0,0,0,0,897.6153846,6.888888889,2900.25,192,9,62,4,11601,256,229,7,20,1239975.0,0.0,1239975,1239975,70400000.0,0.0,70400000,70400000,DDoS
8652,28,1,1,0,6,0,0,0.0,0.0,6,6,6.0,0.0,214285.7143,71428.57143,28.0,0.0,28,28,0,0.0,0.0,0,0,0,0.0,0.0,0,0,0,0,40,20,35714.28571,35714.28571,0,6,2.0,3.464101615,12.0,0,0,0,1,0,0,0,0,1,3.0,0.0,6.0,40,1,0,1,6,29200,0,0,40,0.0,0.0,0,0,0.0,0.0,0,0,PortScan
80,115891225,16,14,435,746,435,0,27.1875,108.75,746,0,53.28571429,199.3768865,10.19059036,0.25886343,3996249.138,4964729.303,10200000,48,116000000,7726081.667,4355643.596,10200000,122,113000000,8658389.462,3830130.287,10200000,20734,0,0,520,456,0.138060496,0.120802934,0,746,38.09677419,152.8341923,23358.29032,0,0,0,1,0,0,0,0,0,39.36666667,27.1875,53.28571429,520,16,435,14,746,29200,340,1,32,41772.27273,17355.88334,94101,36327,10200000.0,41759.89301,10200000,10100000,BENIGN
443,116748510,22,18,2009,3349,1317,0,91.31818182,285.5054643,1400,0,186.0555556,433.665834,45.89351933,0.342616792,2993551.538,4514167.583,10000000,3,117000000,5559452.857,4909949.532,10100000,3,112000000,6589123.0,4831396.706,10100000,3,0,0,464,500,0.188439236,0.154177557,0,1400,130.6829268,354.0926036,125381.572,0,0,0,1,0,0,0,0,0,133.95,91.31818182,186.0555556,464,22,2009,18,3349,8192,14487,20,20,179783.0,479935.5154,1626843,34912,10000000.0,11032.95691,10000000,9999414,BENIGN
46114,65,1,1,0,0,0,0,0.0,0.0,0,0,0.0,0.0,0.0,30769.2307692308,65.0,0.0,65,65,0,0.0,0.0,0,0,0,0.0,0.0,0,0,0,0,32,32,15384.6153846154,15384.6153846154,0,0,0.0,0.0,0.0,0,0,0,0,1,1,0,0,1,0.0,0.0,0.0,32,1,0,1,0,118,361,0,32,0.0,0.0,0,0,0.0,0.0,0,0,BENIGN
211,48,1,1,0,6,0,0,0.0,0.0,6,6,6.0,0.0,125000.0,41666.66667,48.0,0.0,48,48,0,0.0,0.0,0,0,0,0.0,0.0,0,0,0,0,40,20,20833.33333,20833.33333,0,6,2.0,3.464101615,12.0,0,0,0,1,0,0,0,0,1,3.0,0.0,6.0,40,1,0,1,6,29200,0,0,40,0.0,0.0,0,0,0.0,0.0,0,0,PortScan
53,140,2,2,64,96,32,32,32.0,0.0,48,48,48.0,0.0,1142857.14285714,28571.4285714286,46.6666666667,74.7685317051,133,3,4,4.0,0.0,4,4,3,3.0,0.0,3,3,0,0,40,40,14285.7142857143,14285.7142857143,32,48,38.4,8.7635609201,76.8,0,0,0,0,0,0,0,0,1,48.0,32.0,48.0,40,2,64,2,96,-1,-1,1,20,0.0,0.0,0,0,0.0,0.0,0,0,BENIGN
1092,43,1,1,2,6,2,2,2.0,0.0,6,6,6.0,0.0,186046.5116,46511.62791,43.0,0.0,43,43,0,0.0,0.0,0,0,0,0.0,0.0,0,0,0,0,24,20,23255.81395,23255.81395,2,6,3.333333333,2.309401077,5.333333333,0,0,0,1,0,0,0,0,1,5.0,2.0,6.0,24,1,2,1,6,1024,0,0,24,0.0,0.0,0,0,0.0,0.0,0,0,PortScan
80,102446274,8,7,397,11595,379,0,49.625,133.1207159,5792,0,1656.428571,2429.118623,117.0564778,0.146418209,7317591.0,26500000.0,99400000,2,102000000,14600000.0,37400000.0,99400000,112,102000000,17100000.0,41800000.0,102000000,2,0,0,244,232,0.078089712,0.068328498,0,5792,749.875,1746.554279,3050451.85,1,0,0,0,0,0,0,0,0,799.8666667,49.625,1656.428571,244,8,397,7,11595,0,235,3,20,14008.0,0.0,14008,14008,99400000.0,0.0,99400000,99400000,DoS Hulk
80,6928806,4,0,24,0,6,6,6.0,0.0,0,0,0.0,0.0,3.463800256,0.577300043,2309602.0,3999489.809,6927815,1,6928806,2309602.0,3999489.809,6927815,1,0,0.0,0.0,0,0,0,0,80,0,0.577300043,0.0,6,6,6.0,0.0,0.0,0,0,0,0,1,0,0,0,0,7.5,6.0,0.0,80,4,24,0,0,256,-1,3,20,991.0,0.0,991,991,6927815.0,0.0,6927815,6927815,DDoS
53,71554,1,1,43,139,43,43,43.0,0.0,139,139,139.0,0.0,2543.533555,27.95091819,71554.0,0.0,71554,71554,0,0.0,0.0,0,0,0,0.0,0.0,0,0,0,0,20,32,13.97545909,13.97545909,43,139,75.0,55.42562584,3072.0,0,0,0,0,0,0,0,0,1,112.5,43.0,139.0,20,1,43,1,139,-1,-1,0,20,0.0,0.0,0,0,0.0,0.0,0,0,BENIGN
53,30957,1,1,47,63,47,47,47.0,0.0,63,63,63.0,0.0,3553.31589,64.60574345,30957.0,0.0,30957,30957,0,0.0,0.0,0,0,0,0.0,0.0,0,0,0,0,32,32,32.30287173,32.30287173,47,63,52.33333333,9.237604307,85.33333333,0,0,0,0,0,0,0,0,1,78.5,47.0,63.0,32,1,47,1,63,-1,-1,0,32,0.0,0.0,0,0,0.0,0.0,0,0,BENIGN
43254,46,1,1,0,0,0,0,0.0,0.0,0,0,0.0,0.0,0.0,43478.2608695652,46.0,0.0,46,46,0,0.0,0.0,0,0,0,0.0,0.0,0,0,0,0,32,32,21739.1304347826,21739.1304347826,0,0,0.0,0.0,0.0,0,0,0,0,1,1,0,0,1,0.0,0.0,0.0,32,1,0,1,0,384,400,0,32,0.0,0.0,0,0,0.0,0.0,0,0,BENIGN
80,6593,2,0,12,0,6,6,6.0,0.0,0,0,0.0,0.0,1820.11224,303.35204,6593.0,0.0,6593,6593,6593,6593.0,0.0,6593,6593,0,0.0,0.0,0,0,0,0,40,0,303.35204,0.0,6,6,6.0,0.0,0.0,0,0,0,0,1,0,0,0,0,9.0,6.0,0.0,40,2,12,0,0,16425,-1,1,20,0.0,0.0,0,0,0.0,0.0,0,0,BENIGN
80,1407830,2,4,20,11601,20,0,10.0,14.14213562,8760,0,2900.25,4128.319301,8254.547779,4.26187821,281566.0,626490.5215,1402259,17,5379,5379.0,0.0,5379,5379,1407763,469254.3333,808009.8526,1402259,175,0,0,52,92,1.42062607,2.84125214,0,8760,1660.142857,3303.602601,10900000.0,0,0,0,1,0,0,0,0,2,1936.833333,10.0,2900.25,52,2,20,4,11601,8192,229,1,20,0.0,0.0,0,0,0.0,0.0,0,0,DDoS
53,30690,2,2,102,242,51,51,51.0,0.0,121,121,121.0,0.0,11208.862821766,130.3356142066,10230.0,17634.8753043508,30593,48,48,48.0,0.0,48,48,49,49.0,0.0,49,49,0,0,40,64,65.1678071033,65.1678071033,51,121,79.0,38.3405790254,1470.0,0,0,0,0,0,0,0,0,1,98.75,51.0,121.0,40,2,102,2,242,-1,-1,1,20,0.0,0.0,0,0,0.0,0.0,0,0,BENIGN
80,1087990,4,0,24,0,6,6,6.0,0.0,0,0,0.0,0.0,22.05902628,3.67650438,362663.3333,627291.5503,1086997,3,1087990,362663.3333,627291.5503,1086997,3,0,0.0,0.0,0,0,0,0,80,0,3.67650438,0.0,6,6,6.0,0.0,0.0,0,0,0,0,1,0,0,0,0,7.5,6.0,0.0,80,4,24,0,0,256,-1,3,20,0.0,0.0,0,0,0.0,0.0,0,0,DDoS
80,98681154,8,6,322,11595,322,0,40.25,113.8441918,4344,0,1932.5,1754.831473,120.7626737,0.141871061,7590858.0,27400000.0,98700000,1,98700000,14100000.0,37300000.0,98700000,1,7855,1571.0,3030.633515,6984,47,0,0,264,200,0.081069178,0.060801883,0,4344,794.4666667,1425.295201,2031466.41,0,0,0,0,1,0,0,0,0,851.2142857,40.25,1932.5,264,8,322,6,11595,274,235,1,32,2006.0,0.0,2006,2006,98700000.0,0.0,98700000,98700000,DoS Hulk
53,30259,1,1,52,68,52,52,52.0,0.0,68,68,68.0,0.0,3965.762253,66.09603754,30259.0,0.0,30259,30259,0,0.0,0.0,0,0,0,0.0,0.0,0,0,0,0,20,32,33.04801877,33.04801877,52,68,57.33333333,9.237604307,85.33333333,0,0,0,0,0,0,0,0,1,86.0,52.0,68.0,20,1,52,1,68,-1,-1,0,20,0.0,0.0,0,0,0.0,0.0,0,0,BENIGN
1098,50,1,1,2,6,2,2,2.0,0.0,6,6,6.0,0.0,160000.0,40000.0,50.0,0.0,50,50,0,0.0,0.0,0,0,0,0.0,0.0,0,0,0,0,24,20,20000.0,20000.0,2,6,3.333333333,2.309401077,5.333333333,0,0,0,1,0,0,0,0,1,5.0,2.0,6.0,24,1,2,1,6,1024,0,0,24,0.0,0.0,0,0,0.0,0.0,0,0,PortScan
53,264,2,2,70,350,35,35,35.0,0.0,175,175,175.0,0.0,1590909.091,15151.51515,88.0,141.2692465,251,1,12,12.0,0.0,12,12,1,1.0,0.0,1,1,0,0,40,40,7575.757576,7575.757576,35,175,91.0,76.68115805,5880.0,0,0,0,0,0,0,0,0,1,113.75,35.0,175.0,40,2,70,2,350,-1,-1,1,20,0.0,0.0,0,0,0.0,0.0,0,0,BENIGN
53,228,2,2,70,344,35,35,35.0,0.0,172,172,172.0,0.0,1815789.474,17543.85965,76.0,92.24424101,179,1,1,1.0,0.0,1,1,48,48.0,0.0,48,48,0,0,64,64,8771.929825,8771.929825,35,172,89.8,75.03799038,5630.7,0,0,0,0,0,0,0,0,1,112.25,35.0,172.0,64,2,70,2,344,-1,-1,1,32,0.0,0.0,0,0,0.0,0.0,0,0,BENIGN
443,20714658,11,9,730,5634,372,0,66.36363636,119.2336133,1821,0,626.0,751.215515,307.2220647,0.965499889,1090245.158,3145613.57,10100000,17,20700000,2071465.8,4195152.568,10100000,106,20300000,2536658.375,4649291.577,10100000,49,0,0,232,216,0.531024939,0.43447495,0,1821,303.047619,561.4044421,315174.9476,0,0,0,1,0,0,0,0,0,318.2,66.36363636,626.0,232,11,730,9,5634,8192,245,10,20,133641.5,147967.0437,238270,29013,10000000.0,81284.75292,10100000,9955542,BENIGN
443,18767056,13,13,4342,5913,2144,0,334.0,742.1083703,1596,0,454.8461538,649.3001163,546.4362658,1.385406427,750682.24,2219373.92,9765675,3,18800000,1563921.333,3065094.793,9765675,3,13400000,1116075.417,2927812.973,10000000,49,0,0,272,268,0.692703214,0.692703214,0,2144,379.8148148,676.8853463,458173.7721,0,0,0,1,0,0,0,0,1,394.4230769,334.0,454.8461538,272,13,4342,13,5913,8192,8690,6,20,1830904.0,2540197.673,3627095,34713,7552622.5,3129728.86,9765675,5339570,BENIGN
1107,70,1,1,0,6,0,0,0.0,0.0,6,6,6.0,0.0,85714.28571,28571.42857,70.0,0.0,70,70,0,0.0,0.0,0,0,0,0.0,0.0,0,0,0,0,40,20,14285.71429,14285.71429,0,6,2.0,3.464101615,12.0,0,0,0,1,0,0,0,0,1,3.0,0.0,6.0,40,1,0,1,6,29200,0,0,40,0.0,0.0,0,0,0.0,0.0,0,0,PortScan
80,1709,3,6,330,11595,330,0,110.0,190.5255888,4355,0,1932.5,2182.468304,6977764.775,5266.237566,213.625,242.7514528,584,2,1018,509.0,271.529004,701,317,1592,318.4,429.8200786,963,2,0,0,104,200,1755.412522,3510.825044,0,4355,1192.5,1888.900753,3567946.056,0,0,0,1,0,0,0,0,2,1325.0,110.0,1932.5,104,3,330,6,11595,29200,235,1,32,0.0,0.0,0,0,0.0,0.0,0,0,DoS Hulk
22,12143628,21,32,2008,2745,640,0,95.61904762,140.0451628,976,0,85.78125,220.240592,391.3986825,4.364428818,233531.3077,627463.3692,2214775,3,10200000,508307.5,889874.8659,2260029,691,12100000,391727.0645,778093.7764,2214775,3,0,0,680,1032,1.729301985,2.635126834,0,976,88.01851852,189.5902723,35944.47135,0,0,0,1,0,0,0,0,1,89.67924528,95.61904762,85.78125,680,21,2008,32,2745,29200,247,16,32,0.0,0.0,0,0,0.0,0.0,0,0,SSH-Patator
80,5470104,3,1,0,0,0,0,0.0,0.0,0,0,0.0,0.0,0.0,0.731247523,1823368.0,3114039.142,5419030,25,5470104,2735052.0,3795718.089,5419030,51074,0,0.0,0.0,0,0,0,0,104,40,0.548435642,0.182811881,0,0,0.0,0.0,0.0,0,0,0,1,0,0,0,0,0,0.0,0.0,0.0,104,3,0,1,0,29200,26847,0,32,0.0,0.0,0,0,0.0,0.0,0,0,BENIGN
80,81269727,8,5,56,11607,20,0,7.0,5.656854249,8760,0,2321.4,3802.315321,143.5097721,0.159961162,6772477.25,21700000.0,75400000,2,80400000,11500000.0,28300000.0,75400000,115,883222,220805.5,440981.7818,882278,2,0,0,172,112,0.098437638,0.061523524,0,8760,833.5,2402.71381,5773033.654,0,0,0,0,1,0,0,0,0,897.6153846,7.0,2321.4,172,8,56,5,11607,256,229,6,20,4964069.0,0.0,4964069,4964069,75400000.0,0.0,75400000,75400000,DDoS
60627,23,1,1,6,6,6,6,6.0,0.0,6,6,6.0,0.0,521739.1304,86956.52174,23.0,0.0,23,23,0,0.0,0.0,0,0,0,0.0,0.0,0,0,0,0,20,20,43478.26087,43478.26087,6,6,6.0,0.0,0.0,0,0,0,0,1,1,0,0,1,9.0,6.0,6.0,20,1,6,1,6,115,256,0,20,0.0,0.0,0,0,0.0,0.0,0,0,BENIGN
8080,63328,4,3,207,134,195,0,51.75,95.54187564,128,0,44.66666667,72.23111056,5384.663972,110.5356241,10554.66667,24855.9586,61288,42,63328,21109.33333,35905.84946,62568,42,61902,30951.0,42902.99684,61288,614,0,0,92,72,63.16321374,47.37241031,0,195,42.625,75.57576615,5711.696429,0,0,0,1,0,0,0,0,0,48.71428571,51.75,44.66666667,92,4,207,3,134,8192,237,3,20,0.0,0.0,0,0,0.0,0.0,0,0,Bot
80,21648003,7,5,573,928,571,0,81.85714286,215.6922411,928,0,185.6,415.0142166,69.33664967,0.554323648,1968000.273,3983923.979,10000000,122,21600000,3608000.5,4981203.849,10000000,1022,20100000,5032881.25,5778696.08,10000000,18671,0,0,152,136,0.323355461,0.230968187,0,928,115.4615385,290.6772596,84493.26923,0,0,0,1,0,0,0,0,0,125.0833333,81.85714286,185.6,152,7,573,5,928,8192,344,3,20,87684.5,72220.3511,138752,36617,9977991.5,38629.95056,10000000,9950676,BENIGN
52660,63,1,1,0,0,0,0,0.0,0.0,0,0,0.0,0.0,0.0,31746.03175,63.0,0.0,63,63,0,0.0,0.0,0,0,0,0.0,0.0,0,0,0,0,32,32,15873.01587,15873.01587,0,0,0.0,0.0,0.0,0,0,0,0,1,1,0,0,1,0.0,0.0,0.0,32,1,0,1,0,126,33304,0,32,0.0,0.0,0,0,0.0,0.0,0,0,BENIGN
443,1492,1,1,6,6,6,6,6.0,0.0,6,6,6.0,0.0,8042.895442,1340.482574,1492.0,0.0,1492,1492,0,0.0,0.0,0,0,0,0.0,0.0,0,0,0,0,20,20,670.2412869,670.2412869,6,6,6.0,0.0,0.0,1,0,0,0,0,0,0,0,1,9.0,6.0,6.0,20,1,6,1,6,0,0,0,20,0.0,0.0,0,0,0.0,0.0,0,0,BENIGN
21,9023769,9,15,112,188,29,0,12.44444444,10.70176517,34,0,12.53333333,14.54975045,33.24553188,2.659642551,392337.7826,1015607.291,3183591,3,6072516,759064.5,1399608.854,3228254,4,9023720,644551.4286,1253192.489,3183591,3,0,0,296,488,0.997365957,1.662276594,0,34,12.0,12.95826634,167.9166667,0,0,0,1,0,0,0,0,1,12.5,12.44444444,12.53333333,296,9,112,15,188,29200,227,6,32,0.0,0.0,0,0,0.0,0.0,0,0,FTP-Patator
53085,1000336,2,0,0,0,0,0,0.0,0.0,0,0,0.0,0.0,0.0,1.999328226,1000336.0,0.0,1000336,1000336,1000336,1000336.0,0.0,1000336,1000336,0,0.0,0.0,0,0,0,0,40,0,1.999328226,0.0,0,0,0.0,0.0,0.0,0,0,0,0,1,0,0,0,0,0.0,0.0,0.0,40,2,0,0,0,4998,-1,0,20,0.0,0.0,0,0,0.0,0.0,0,0,BENIGN
53,210,2,2,84,192,42,42,42.0,0.0,96,96,96.0,0.0,1314285.714,19047.61905,70.0,114.3153533,202,4,4,4.0,0.0,4,4,4,4.0,0.0,4,4,0,0,64,64,9523.809524,9523.809524,42,96,63.6,29.57701811,874.8,0,0,0,0,0,0,0,0,1,79.5,42.0,96.0,64,2,84,2,192,-1,-1,1,32,0.0,0.0,0,0,0.0,0.0,0,0,BENIGN
80,5122555,3,1,0,0,0,0,0.0,0.0,0,0,0.0,0.0,0.0,0.780860332,1707518.333,2956872.855,5121821,136,5122555,2561277.5,3621155.345,5121821,734,0,0.0,0.0,0,0,0,0,104,40,0.585645249,0.195215083,0,0,0.0,0.0,0.0,0,0,0,1,0,0,0,0,0,0.0,0.0,0.0,104,3,0,1,0,29200,28960,0,32,0.0,0.0,0,0,0.0,0.0,0,0,Web Attack � Brute Force
55701,679,3,0,286,0,274,6,95.33333333,154.7298721,0,0,0.0,0.0,421207.6583,4418.26215,339.5,474.4686502,675,4,679,339.5,474.4686502,675,4,0,0.0,0.0,0,0,0,0,60,0,4418.26215,0.0,6,274,73.0,134.0,17956.0,0,0,0,0,1,0,0,0,0,97.33333333,95.33333333,0.0,60,3,286,0,0,60,-1,2,20,0.0,0.0,0,0,0.0,0.0,0,0,BENIGN
80,65101564,117,158,2711,280672,310,0,23.17094017,80.53488113,4380,0,1776.405063,1049.13629,4352.936897,4.224168869,237596.9489,1421688.424,10100000,1,57100000,492483.7759,2078964.192,10200000,3,64900000,413225.7006,1902460.089,10400000,1,0,0,2352,3232,1.797191846,2.426977023,0,4380,1026.75,1177.434338,1386351.621,0,0,0,1,0,0,0,0,1,1030.483636,23.17094017,1776.405063,2352,117,2711,158,280672,8192,190,14,20,1394611.8,2615295.715,6072995,224975,10000000.0,65204.71858,10100000,10000000,BENIGN
443,4571703,5,1,123,46,46,0,24.6,23.27659769,46,46,46.0,0.0,36.96653085,1.312421214,914340.6,1987442.51,4469373,3,4571703,1142925.75,2218030.519,4469373,3,0,0.0,0.0,0,0,1,0,100,20,1.093684345,0.218736869,0,46,30.71428571,21.68497395,470.2380952,0,1,0,0,1,0,0,0,0,35.83333333,24.6,46.0,100,5,123,1,46,258,368,2,20,0.0,0.0,0,0,0.0,0.0,0,0,BENIGN
443,6011166,10,6,348,4135,191,0,34.8,67.6655172316,1448,0,689.1666666667,692.2827216294,745.7787723713,2.6617132184,400744.4,1517492.94267372,5885932,4,6011166,667907.333333333,1956885.65453918,5885932,4,56834,11366.8,14987.4307237765,31362,214,0,0,328,200,1.6635707615,0.9981424569,0,1448,263.7058823529,507.2662965231,257319.095588235,0,0,0,1,0,0,0,0,0,280.1875,34.8,689.1666666667,328,10,348,6,4135,29200,939,3,32,125230.0,0.0,125230,125230,5885932.0,0.0,5885932,5885932,BENIGN
53,24072,2,2,68,198,34,34,34.0,0.0,99,99,99.0,0.0,11050.1827849784,166.1681621801,8024.0,13852.9614523394,24020,3,49,49.0,0.0,49,49,3,3.0,0.0,3,3,0,0,40,40,83.0840810901,83.0840810901,34,99,60.0,35.6019662378,1267.5,0,0,0,0,0,0,0,0,1,75.0,34.0,99.0,40,2,68,2,198,-1,-1,1,20,0.0,0.0,0,0,0.0,0.0,0,0,BENIGN
57530,3,2,1,12,6,6,6,6.0,0.0,6,6,6.0,0.0,6000000.0,1000000.0,1.5,0.707106781,2,1,3,3.0,0.0,3,3,0,0.0,0.0,0,0,0,0,40,20,666666.6667,333333.3333,6,6,6.0,0.0,0.0,0,0,0,0,1,0,0,0,0,8.0,6.0,6.0,40,2,12,1,6,351,256,1,20,0.0,0.0,0,0,0.0,0.0,0,0,BENIGN
53,24368,1,1,49,65,49,49,49.0,0.0,65,65,65.0,0.0,4678.266579,82.07485227,24368.0,0.0,24368,24368,0,0.0,0.0,0,0,0,0.0,0.0,0,0,0,0,40,32,41.03742613,41.03742613,49,65,54.33333333,9.237604307,85.33333333,0,0,0,0,0,0,0,0,1,81.5,49.0,65.0,40,1,49,1,65,-1,-1,0,40,0.0,0.0,0,0,0.0,0.0,0,0,BENIGN
443,2001285,2,0,74,0,37,37,37.0,0.0,0,0,0.0,0.0,36.976242764,0.9993579125,2001285.0,0.0,2001285,2001285,2001285,2001285.0,0.0,2001285,2001285,0,0.0,0.0,0,0,1,0,64,0,0.9993579125,0.0,37,37,37.0,0.0,0.0,0,1,0,0,1,1,0,0,0,55.5,37.0,0.0,64,2,74,0,0,33304,-1,1,32,0.0,0.0,0,0,0.0,0.0,0,0,BENIGN
443,128017,10,5,961,783,709,0,96.1,220.8264527,645,0,156.6,279.4866723,13623.19067,117.1719381,9144.071429,15345.99764,36601,28,128017,14224.11111,21235.71358,52110,61,90505,22626.25,17866.16376,37485,353,0,0,332,168,78.1146254,39.0573127,0,709,109.0,227.4795229,51746.93333,0,0,0,1,0,0,0,0,0,116.2666667,96.1,156.6,332,10,961,5,783,65535,351,5,32,0.0,0.0,0,0,0.0,0.0,0,0,BENIGN
54985,4,3,0,43,0,31,6,14.33333333,14.43375673,0,0,0.0,0.0,10800000.0,750000.0,2.0,2.828427125,4,0,4,2.0,2.828427125,4,0,0,0.0,0.0,0,0,0,0,60,0,750000.0,0.0,6,31,12.25,12.5,156.25,0,0,0,0,1,0,0,0,0,16.33333333,14.33333333,0.0,60,3,43,0,0,31,-1,2,20,0.0,0.0,0,0,0.0,0.0,0,0,BENIGN
80,46072128,8,8,1338,1040,1302,0,167.25,458.513047,1004,0,130.0,353.1555707,51.61472029,0.347281549,3071475.2,4580865.405,10000000,80,40100000,5731244.143,5338610.897,10000000,15253,46100000,6579565.0,4716423.01,10000000,25119,0,0,180,172,0.173640775,0.173640775,0,1302,139.8823529,384.9522507,148188.2353,0,0,0,1,0,0,0,0,1,148.625,167.25,130.0,180,8,1338,8,1040,29200,32,7,20,29360.0,28506.83488,72120,14972,10000000.0,1085.265981,10000000,9998696,BENIGN
53,62411,2,2,56,186,28,28,28.0,0.0,93,93,93.0,0.0,3877.521591,64.09126596,20803.66667,35955.08874,62321,4,4,4.0,0.0,4,4,86,86.0,0.0,86,86,0,0,40,40,32.04563298,32.04563298,28,93,54.0,35.60196624,1267.5,0,0,0,0,0,0,0,0,1,67.5,28.0,93.0,40,2,56,2,186,-1,-1,1,20,0.0,0.0,0,0,0.0,0.0,0,0,BENIGN
53,30680,2,2,62,118,31,31,31.0,0.0,59,59,59.0,0.0,5867.014342,130.3780965,10226.66667,17707.91011,30674,3,3,3.0,0.0,3,3,3,3.0,0.0,3,3,0,0,64,64,65.18904824,65.18904824,31,59,42.2,15.33623161,235.2,0,0,0,0,0,0,0,0,1,52.75,31.0,59.0,64,2,62,2,118,-1,-1,1,32,0.0,0.0,0,0,0.0,0.0,0,0,BENIGN
21,8271016,9,15,97,188,19,0,10.77777778,8.303279138,34,0,12.53333333,14.54975045,34.45767727,2.901699138,359609.3913,920803.7367,2888591,3,5924480,740560.0,1331892.421,2931910,18,8270959,590782.7857,1134822.568,2888591,3,0,0,296,488,1.088137177,1.813561961,0,34,11.4,12.36257794,152.8333333,0,0,0,1,0,0,0,0,1,11.875,10.77777778,12.53333333,296,9,97,15,188,29200,227,6,32,0.0,0.0,0,0,0.0,0.0,0,0,FTP-Patator
80,4042903,5,0,30,0,6,6,6.0,0.0,0,0,0.0,0.0,7.420410532,1.236735089,1010725.75,2020802.218,4041929,1,4042903,1010725.75,2020802.218,4041929,1,0,0.0,0.0,0,0,0,0,100,0,1.236735089,0.0,6,6,6.0,0.0,0.0,0,0,0,0,1,0,0,0,0,7.2,6.0,0.0,100,5,30,0,0,256,-1,4,20,0.0,0.0,0,0,0.0,0.0,0,0,DDoS
80,11314149,8,5,339,11632,339,0,42.375,119.8545994,10184,0,2326.4,4437.056321,1058.055714,1.149003783,942845.75,2217704.629,6312998,0,6322772,903253.1429,2389004.483,6321006,0,11300000,2828533.0,3309211.828,6312998,193,0,0,264,168,0.707079251,0.441924532,0,10184,855.0714286,2713.065552,7360724.687,0,0,0,1,0,0,0,0,0,920.8461538,42.375,2326.4,264,8,339,5,11632,29200,235,1,32,848.0,0.0,848,848,6312998.0,0.0,6312998,6312998,DoS GoldenEye
53,181,2,2,68,158,34,34,34.0,0.0,79,79,79.0,0.0,1248618.785,22099.44751,60.33333333,98.43949072,174,3,4,4.0,0.0,4,4,3,3.0,0.0,3,3,0,0,64,64,11049.72376,11049.72376,34,79,52.0,24.64751509,607.5,0,0,0,0,0,0,0,0,1,65.0,34.0,79.0,64,2,68,2,158,-1,-1,1,32,0.0,0.0,0,0,0.0,0.0,0,0,BENIGN
19842,57,1,1,0,6,0,0,0.0,0.0,6,6,6.0,0.0,105263.1579,35087.7193,57.0,0.0,57,57,0,0.0,0.0,0,0,0,0.0,0.0,0,0,0,0,40,20,17543.85965,17543.85965,0,6,2.0,3.464101615,12.0,0,0,0,1,0,0,0,0,1,3.0,0.0,6.0,40,1,0,1,6,29200,0,0,40,0.0,0.0,0,0,0.0,0.0,0,0,PortScan
59671,11067556,1,6,6,36,6,6,6.0,0.0,6,6,6.0,0.0,3.794875761,0.632479294,1844592.667,4503711.793,11000000,3,0,0.0,0.0,0,0,11000000,2208742.8,4935558.225,11000000,3,0,0,20,120,0.090354185,0.542125109,6,6,6.0,0.0,0.0,0,0,0,0,1,1,0,0,6,6.857142857,6.0,6.0,20,1,6,6,36,229,0,0,20,29819.0,0.0,29819,29819,11000000.0,0.0,11000000,11000000,BENIGN
443,5462706,8,6,617,4410,342,0,77.125,126.2281806,1460,0,735.0,776.2463526,920.2398958,2.562832413,420208.1538,1431528.389,5181368,3,5462706,780386.5714,1942268.21,5181368,3,62058,12411.6,15726.34858,34201,49,0,0,172,128,1.464475665,1.098356748,0,1460,335.1333333,581.1655612,337753.4095,0,0,0,1,0,0,0,0,0,359.0714286,77.125,735.0,172,8,617,6,4410,8192,4920,7,20,281335.0,0.0,281335,281335,5181368.0,0.0,5181368,5181368,BENIGN
53,218170,1,1,49,147,49,49,49.0,0.0,147,147,147.0,0.0,898.3819956914,9.1671632213,218170.0,0.0,218170,218170,0,0.0,0.0,0,0,0,0.0,0.0,0,0,0,0,32,32,4.5835816107,4.5835816107,49,147,81.6666666667,56.5803263806,3201.3333333333,0,0,0,0,0,0,0,0,1,122.5,49.0,147.0,32,1,49,1,147,-1,-1,0,32,0.0,0.0,0,0,0.0,0.0,0,0,BENIGN
53,40153841,2,2,89,456,46,43,44.5,2.1213203436,329,127,228.0,142.8355697997,13.572798677,0.099616871,13384613.6666667,22986937.3482673,39927593,68686,39996279,39996279.0,0.0,39996279,39996279,40085155,40085155.0,0.0,40085155,40085155,0,0,64,52,0.0498084355,0.0498084355,43,329,118.2,123.0800552486,15148.7,0,0,0,0,0,0,0,0,1,147.75,44.5,228.0,64,2,89,2,456,-1,-1,1,32,68686.0,0.0,68686,68686,39927593.0,0.0,39927593,39927593,BENIGN
80,6101850,4,0,24,0,6,6,6.0,0.0,0,0,0.0,0.0,3.933233364,0.655538894,2033950.0,3522043.079,6100855,3,6101850,2033950.0,3522043.079,6100855,3,0,0.0,0.0,0,0,0,0,80,0,0.655538894,0.0,6,6,6.0,0.0,0.0,0,0,0,0,1,0,0,0,0,7.5,6.0,0.0,80,4,24,0,0,256,-1,3,20,995.0,0.0,995,995,6100855.0,0.0,6100855,6100855,DDoS
53,46105,4,4,180,244,45,45,45.0,0.0,61,61,61.0,0.0,9196.399523,173.5169721,6586.428571,17244.99894,45694,0,45932,15310.66667,26476.42866,45883,0,45870,15290.0,26476.99467,45863,3,0,0,80,80,86.75848606,86.75848606,45,61,52.11111111,8.432740427,71.11111111,0,0,0,0,0,0,0,0,1,58.625,45.0,61.0,80,4,180,4,244,-1,-1,3,20,0.0,0.0,0,0,0.0,0.0,0,0,BENIGN
80,100818897,9,6,382,11595,376,0,42.44444444,125.0990719,4344,0,1932.5,1977.812908,118.7971735,0.148781632,7201349.786,26600000.0,99600000,1,101000000,12600000.0,35200000.0,99600000,1,206637,41327.4,81505.84303,186313,56,0,0,292,200,0.089268979,0.059512653,0,4344,748.5625,1486.426048,2209462.396,0,0,0,0,1,0,0,0,0,798.4666667,42.44444444,1932.5,292,9,382,6,11595,251,235,2,20,991.0,0.0,991,991,99600000.0,0.0,99600000,99600000,DoS Hulk
53,177,2,2,80,204,40,40,40.0,0.0,102,102,102.0,0.0,1604519.774,22598.87006,59.0,62.23343153,126,3,3,3.0,0.0,3,3,48,48.0,0.0,48,48,0,0,40,40,11299.43503,11299.43503,40,102,64.8,33.95879857,1153.2,0,0,0,0,0,0,0,0,1,81.0,40.0,102.0,40,2,80,2,204,-1,-1,1,20,0.0,0.0,0,0,0.0,0.0,0,0,BENIGN
80,100078992,9,6,355,11595,355,0,39.44444444,118.3333333,5792,0,1932.5,2362.781391,119.4056791,0.149881606,7148499.429,26400000.0,98900000,1,99900000,12500000.0,34900000.0,98900000,1,147658,29531.6,58791.07256,134229,59,0,0,304,200,0.089928963,0.059952642,0,5792,746.875,1663.768529,2768125.717,0,0,0,0,1,0,0,0,0,796.6666667,39.44444444,1932.5,304,9,355,6,11595,274,235,1,32,1006.0,0.0,1006,1006,98900000.0,0.0,98900000,98900000,DoS Hulk
53,185,2,2,46,46,23,23,23.0,0.0,23,23,23.0,0.0,497297.2973,21621.62162,61.66666667,105.077749,183,1,1,1.0,0.0,1,1,1,1.0,0.0,1,1,0,0,40,40,10810.81081,10810.81081,23,23,23.0,0.0,0.0,0,0,0,0,0,0,0,0,1,28.75,23.0,23.0,40,2,46,2,46,-1,-1,1,20,0.0,0.0,0,0,0.0,0.0,0,0,BENIGN
443,5934204,9,6,390,3974,209,0,43.33333333,73.96113844,1992,0,662.3333333,848.6124361,735.3977046,2.527718966,423871.7143,1494701.943,5613848,3,5934204,741775.5,1970014.157,5613848,3,297897,59579.4,92613.56512,221821,216,0,0,204,132,1.51663138,1.011087586,0,1992,272.75,583.278607,340213.9333,0,0,0,1,0,0,0,0,0,290.9333333,43.33333333,662.3333333,204,9,390,6,3974,8192,119,7,20,320353.0,0.0,320353,320353,5613848.0,0.0,5613848,5613848,BENIGN
80,100365561,10,6,1047,11595,347,0,104.7,167.2131374,5792,0,1932.5,2181.008184,125.959541,0.159417233,6691037.4,25800000.0,99800000,1,100000000,11100000.0,33200000.0,99800000,1,573348,114669.6,189162.02,435973,14,0,0,316,200,0.09963577,0.059781462,0,5792,743.6470588,1523.798664,2321962.368,0,0,0,0,1,0,0,0,0,790.125,104.7,1932.5,316,10,1047,6,11595,251,235,4,20,1007.0,0.0,1007,1007,99800000.0,0.0,99800000,99800000,DoS Hulk
123,68073152,2,2,96,96,48,48,48.0,0.0,48,48,48.0,0.0,2.820495223,0.058760317,22700000.0,39200000.0,67900000,65419,68000000,68000000.0,0.0,68000000,68000000,68000000,68000000.0,0.0,68000000,68000000,0,0,52,40,0.029380159,0.029380159,48,48,48.0,0.0,0.0,0,0,0,0,0,0,0,0,1,60.0,48.0,48.0,52,2,96,2,96,-1,-1,1,20,65419.0,0.0,65419,65419,67900000.0,0.0,67900000,67900000,BENIGN
80,1862696,3,4,26,11607,20,0,8.666666667,10.26320288,11595,0,2901.75,5795.50069,6245.248822,3.75799379,310449.3333,759883.0159,1861554,6,976,488.0,173.9482682,611,365,1862591,620863.6667,1074469.469,1861554,6,0,0,72,92,1.610568767,2.147425023,0,11595,1454.125,4097.537534,16800000.0,0,0,0,1,0,0,0,0,1,1661.857143,8.666666667,2901.75,72,3,26,4,11607,8192,229,2,20,0.0,0.0,0,0,0.0,0.0,0,0,DDoS
53276,895567,7,2,11607,26,4380,0,1658.142857,2117.853979,20,6,13.0,9.899494937,12989.53624,10.04949937,111945.875,316301.0832,894751,3,895567,149261.1667,365214.0526,894751,3,92,92.0,0.0,92,92,0,0,164,40,7.816277286,2.233222082,0,4380,1163.3,1903.962654,3625073.789,0,0,0,1,0,0,0,0,0,1292.555556,1658.142857,13.0,164,7,11607,2,26,8192,256,5,20,0.0,0.0,0,0,0.0,0.0,0,0,BENIGN
80,5194578,5,5,72,651,72,0,14.4,32.19937888,646,0,130.2,288.349094,139.1835872,1.925084194,577175.3333,1660884.211,5004866,4,189712,47428.0,54663.58847,94828,4,5099807,1274951.75,2487032.853,5004913,4,0,0,168,168,0.962542097,0.962542097,0,646,65.72727273,193.650247,37500.41818,0,0,0,1,0,0,0,0,1,72.3,14.4,130.2,168,5,72,5,651,29200,114,1,32,0.0,0.0,0,0,0.0,0.0,0,0,BENIGN
53,59806,2,2,78,134,39,39,39.0,0.0,67,67,67.0,0.0,3544.7948366385,66.882921446,19935.3333333333,34522.948024949,59799,3,3,3.0,0.0,3,3,4,4.0,0.0,4,4,0,0,40,40,33.441460723,33.441460723,39,67,50.2,15.3362316101,235.2,0,0,0,0,0,0,0,0,1,62.75,39.0,67.0,40,2,78,2,134,-1,-1,1,20,0.0,0.0,0,0,0.0,0.0,0,0,BENIGN
5952,54,1,1,0,6,0,0,0.0,0.0,6,6,6.0,0.0,111111.1111,37037.03704,54.0,0.0,54,54,0,0.0,0.0,0,0,0,0.0,0.0,0,0,0,0,40,20,18518.51852,18518.51852,0,6,2.0,3.464101615,12.0,0,0,0,1,0,0,0,0,1,3.0,0.0,6.0,40,1,0,1,6,29200,0,0,40,0.0,0.0,0,0,0.0,0.0,0,0,PortScan
59006,36,1,1,0,0,0,0,0.0,0.0,0,0,0.0,0.0,0.0,55555.5555555556,36.0,0.0,36,36,0,0.0,0.0,0,0,0,0.0,0.0,0,0,0,0,32,32,27777.7777777778,27777.7777777778,0,0,0.0,0.0,0.0,0,0,0,0,1,1,0,0,1,0.0,0.0,0.0,32,1,0,1,0,349,318,0,32,0.0,0.0,0,0,0.0,0.0,0,0,BENIGN
21,9974126,9,15,105,188,22,0,11.66666667,9.300537619,34,0,12.53333333,14.54975045,29.37600748,2.406225869,433657.6522,1126844.679,3420847,3,6686040,835755.0,1544895.253,3465789,3,9974034,712431.0,1391038.568,3420847,3,0,0,296,488,0.902334701,1.503891168,0,34,11.72,12.58808961,158.46,0,0,0,1,0,0,0,0,1,12.20833333,11.66666667,12.53333333,296,9,105,15,188,29200,227,6,32,0.0,0.0,0,0,0.0,0.0,0,0,FTP-Patator
53346,4,1,1,0,0,0,0,0.0,0.0,0,0,0.0,0.0,0.0,500000.0,4.0,0.0,4,4,0,0.0,0.0,0,0,0,0.0,0.0,0,0,0,0,32,32,250000.0,250000.0,0,0,0.0,0.0,0.0,0,0,0,0,1,1,0,0,1,0.0,0.0,0.0,32,1,0,1,0,118,406,0,32,0.0,0.0,0,0,0.0,0.0,0,0,BENIGN
53,23787,2,2,58,202,29,29,29.0,0.0,101,101,101.0,0.0,10930.3401,168.1590785,7929.0,13729.96679,23783,1,1,1.0,0.0,1,1,3,3.0,0.0,3,3,0,0,40,64,84.07953924,84.07953924,29,101,57.8,39.43602414,1555.2,0,0,0,0,0,0,0,0,1,72.25,29.0,101.0,40,2,58,2,202,-1,-1,1,20,0.0,0.0,0,0,0.0,0.0,0,0,BENIGN
443,506881,15,14,1409,12731,869,0,93.93333333,235.8838899,1509,0,909.3571429,701.3405414,27896.09395,57.21263965,18102.89286,51437.99876,269207,1,506852,36203.71429,71055.12452,269207,214,473955,36458.07692,94641.61677,346670,1,0,0,320,284,29.59274465,27.619895,0,1509,471.3333333,649.0874939,421314.5747,0,0,0,1,0,0,0,0,0,487.5862069,93.93333333,909.3571429,320,15,1409,14,12731,29200,8190,3,20,0.0,0.0,0,0,0.0,0.0,0,0,BENIGN
53,152,2,2,94,256,47,47,47.0,0.0,128,128,128.0,0.0,2302631.579,26315.78947,50.66666667,81.69659316,145,3,3,3.0,0.0,3,3,4,4.0,0.0,4,4,0,0,40,40,13157.89474,13157.89474,47,128,79.4,44.36552716,1968.3,0,0,0,0,0,0,0,0,1,99.25,47.0,128.0,40,2,94,2,256,-1,-1,1,20,0.0,0.0,0,0,0.0,0.0,0,0,BENIGN
2107,11,1,1,2,6,2,2,2.0,0.0,6,6,6.0,0.0,727272.7273,181818.1818,11.0,0.0,11,11,0,0.0,0.0,0,0,0,0.0,0.0,0,0,0,0,24,20,90909.09091,90909.09091,2,6,3.333333333,2.309401077,5.333333333,0,0,0,1,0,0,0,0,1,5.0,2.0,6.0,24,1,2,1,6,1024,0,0,24,0.0,0.0,0,0,0.0,0.0,0,0,PortScan
443,5180058,7,3,599,160,517,0,85.5714285714,191.3085266813,160,0,53.3333333333,92.3760430703,146.523455915,1.9304803151,575562.0,1683523.98460781,5064560,3,5180058,863343.0,2091374.29385569,5132278,3,91948,45974.0,31108.455731521,67971,23977,0,0,232,104,1.3513362206,0.5791440945,0,517,69.0,156.2305987955,24408.0,0,0,0,1,0,0,0,0,0,75.9,85.5714285714,53.3333333333,232,7,599,3,160,29200,59,3,32,115495.0,0.0,115495,115495,5064560.0,0.0,5064560,5064560,BENIGN
80,101010660,7,7,738,11595,360,0,105.4285714,173.9260927,5792,0,1656.428571,2120.732252,122.0960243,0.138599233,7770050.769,27900000.0,101000000,1,101000000,16800000.0,41100000.0,101000000,1,101000000,16800000.0,41100000.0,101000000,46,0,0,196,232,0.069299616,0.069299616,0,5792,822.6,1610.248508,2592900.257,1,0,0,0,0,0,0,0,1,881.3571429,105.4285714,1656.428571,196,7,738,7,11595,0,235,4,20,14014.0,0.0,14014,14014,101000000.0,0.0,101000000,101000000,DoS Hulk
443,56102447,14,13,879,6544,465,0,62.7857142857,132.7972303763,2840,0,503.3846153846,870.4559665736,132.3115193175,0.4812624305,2157786.42307692,4023775.53620391,9999368,93,56102447,4315572.84615385,4989609.64926178,10220618,380,50924936,4243744.66666667,5220271.92343264,10215874,211,0,0,292,332,0.2495434825,0.231718948,0,2840,265.1071428571,629.6097168109,396408.395502646,0,0,0,1,0,0,0,0,0,274.9259259259,62.7857142857,503.3846153846,292,14,879,13,6544,8192,239,13,20,168596.666666667,60210.8445935337,223745,69475,9181811.16666667,1991665.86093264,9999368,5116345,BENIGN
80,23110463,4,0,24,0,6,6,6.0,0.0,0,0,0.0,0.0,1.038490661,0.173081777,7703487.667,13300000.0,23100000,4,23100000,7703487.667,13300000.0,23100000,4,0,0.0,0.0,0,0,0,0,80,0,0.173081777,0.0,6,6,6.0,0.0,0.0,0,0,0,0,1,0,0,0,0,7.5,6.0,0.0,80,4,24,0,0,256,-1,3,20,4015.0,0.0,4015,4015,23100000.0,0.0,23100000,23100000,DDoS
60020,74,1,1,0,6,0,0,0.0,0.0,6,6,6.0,0.0,81081.08108,27027.02703,74.0,0.0,74,74,0,0.0,0.0,0,0,0,0.0,0.0,0,0,0,0,40,20,13513.51351,13513.51351,0,6,2.0,3.464101615,12.0,0,0,0,1,0,0,0,0,1,3.0,0.0,6.0,40,1,0,1,6,29200,0,0,40,0.0,0.0,0,0,0.0,0.0,0,0,PortScan
443,187474,7,5,376,3508,201,0,53.71428571,78.68653906,1460,0,701.6,731.5646246,20717.5395,64.0088759,17043.09091,33823.76094,85345,49,187474,31245.66667,43543.47905,89281,519,89908,22477.0,42435.75521,86083,49,0,0,152,112,37.33851094,26.67036496,0,1460,298.7692308,539.9757948,291573.859,0,0,0,1,0,0,0,0,0,323.6666667,53.71428571,701.6,152,7,376,5,3508,8192,60,6,20,0.0,0.0,0,0,0.0,0.0,0,0,BENIGN
80,1181836,3,5,26,11607,20,0,8.666666667,10.26320288,7215,0,2321.4,3327.769794,9843.159288,6.769128712,168833.7143,446279.7798,1180901,4,733,366.5,449.0128061,684,49,1181792,295448.0,590302.0817,1180901,4,0,0,72,112,2.538423267,4.230705445,0,7215,1292.555556,2650.585648,7025604.278,0,0,0,1,0,0,0,0,1,1454.125,8.666666667,2321.4,72,3,26,5,11607,8192,229,2,20,0.0,0.0,0,0,0.0,0.0,0,0,DDoS
80,78439274,8,4,56,11601,20,0,7.0,5.656854249,7215,0,2900.25,3540.00286,148.6117783,0.152984588,7130843.091,21700000.0,72500000,49,78400000,11200000.0,27100000.0,72500000,49,91233,30411.0,38588.43463,73868,157,0,0,172,92,0.101989725,0.050994863,0,7215,897.1538462,2250.514898,5064817.308,0,0,0,0,1,0,0,0,0,971.9166667,7.0,2900.25,172,8,56,4,11601,256,229,6,20,2976.0,0.0,2976,2976,39200000.0,47100000.0,72500000,5891861,DDoS
443,383453,10,8,557,4159,200,0,55.7,72.5825966285,1430,0,519.875,633.5398143989,12298.7693407015,46.9418677126,22556.0588235294,36184.8317556379,127591,0,383453,42605.8888888889,40969.5036870245,127591,2,245416,35059.4285714286,67435.1087067094,177374,0,0,0,212,172,26.0788153959,20.8630523167,0,1430,248.2105263158,464.2584982705,215535.953216374,0,0,0,1,0,0,0,0,0,262.0,55.7,519.875,212,10,557,8,4159,8192,172,9,20,0.0,0.0,0,0,0.0,0.0,0,0,BENIGN
53,157,2,2,102,158,51,51,51.0,0.0,79,79,79.0,0.0,1656050.95541401,25477.7070063694,52.3333333333,84.5832922824,150,3,4,4.0,0.0,4,4,3,3.0,0.0,3,3,0,0,64,64,12738.8535031847,12738.8535031847,51,79,62.2,15.3362316101,235.2,0,0,0,0,0,0,0,0,1,77.75,51.0,79.0,64,2,102,2,158,-1,-1,1,32,0.0,0.0,0,0,0.0,0.0,0,0,BENIGN
80,92400496,8,4,56,11601,20,0,7.0,5.656854249,8760,0,2900.25,4128.319301,126.1573314,0.129869433,8400045.091,24500000.0,81900000,1,90600000,12900000.0,30600000.0,81900000,1,1850912,616970.6667,1065295.799,1847067,374,0,0,172,92,0.086579622,0.043289811,0,8760,897.1538462,2488.507044,6192667.308,0,0,0,0,1,0,0,0,0,971.9166667,7.0,2900.25,172,8,56,4,11601,256,229,6,20,3036.0,0.0,3036,3036,45300000.0,51700000.0,81900000,8681784,DDoS
53,30257,1,1,56,72,56,56,56.0,0.0,72,72,72.0,0.0,4230.42601712,66.1004065175,30257.0,0.0,30257,30257,0,0.0,0.0,0,0,0,0.0,0.0,0,0,0,0,32,20,33.0502032588,33.0502032588,56,72,61.3333333333,9.237604307,85.3333333333,0,0,0,0,0,0,0,0,1,92.0,56.0,72.0,32,1,56,1,72,-1,-1,0,32,0.0,0.0,0,0,0.0,0.0,0,0,BENIGN
80,10631964,7,5,382,11632,382,0,54.57142857,144.3824287,10184,0,2326.4,4437.056321,1129.988777,1.128671993,966542.1818,2153749.402,5628938,22,5634199,939033.1667,2298902.898,5631649,232,10600000,2657985.5,3078823.352,5628938,95,0,0,232,168,0.658391996,0.470279997,0,10184,924.1538462,2811.489814,7904474.974,0,0,0,1,0,0,0,0,0,1001.166667,54.57142857,2326.4,232,7,382,5,11632,29200,235,1,32,1725.0,0.0,1725,1725,5628938.0,0.0,5628938,5628938,DoS GoldenEye
53,30724,2,2,88,198,44,44,44.0,0.0,99,99,99.0,0.0,9308.683765,130.1913813,10241.33333,17731.58147,30716,4,4,4.0,0.0,4,4,4,4.0,0.0,4,4,0,0,40,40,65.09569067,65.09569067,44,99,66.0,30.12474066,907.5,0,0,0,0,0,0,0,0,1,82.5,44.0,99.0,40,2,88,2,198,-1,-1,1,20,0.0,0.0,0,0,0.0,0.0,0,0,BENIGN
53,30622,1,1,55,134,55,55,55.0,0.0,134,134,134.0,0.0,6172.033179,65.31252041,30622.0,0.0,30622,30622,0,0.0,0.0,0,0,0,0.0,0.0,0,0,0,0,20,20,32.65626021,32.65626021,55,134,81.33333333,45.61067127,2080.333333,0,0,0,0,0,0,0,0,1,122.0,55.0,134.0,20,1,55,1,134,-1,-1,0,20,0.0,0.0,0,0,0.0,0.0,0,0,BENIGN
1204,4,2,0,31,0,31,0,15.5,21.92031022,0,0,0.0,0.0,7750000.0,500000.0,4.0,0.0,4,4,4,4.0,0.0,4,4,0,0.0,0.0,0,0,1,0,40,0,500000.0,0.0,0,31,20.66666667,17.89785834,320.3333333,0,1,0,0,1,0,0,0,0,31.0,15.5,0.0,40,2,31,0,0,110,-1,0,20,0.0,0.0,0,0,0.0,0.0,0,0,BENIGN
53,30573,2,2,86,198,43,43,43.0,0.0,99,99,99.0,0.0,9289.242142,130.8343964,10191.0,17646.13363,30567,3,3,3.0,0.0,3,3,3,3.0,0.0,3,3,0,0,40,40,65.41719818,65.41719818,43,99,65.4,30.67246322,940.8,0,0,0,0,0,0,0,0,1,81.75,43.0,99.0,40,2,86,2,198,-1,-1,1,20,0.0,0.0,0,0,0.0,0.0,0,0,BENIGN
53,97096,2,2,60,132,30,30,30.0,0.0,66,66,66.0,0.0,1977.424405,41.19634176,32365.33333,56054.07163,97091,1,1,1.0,0.0,1,1,4,4.0,0.0,4,4,0,0,40,64,20.59817088,20.59817088,30,66,44.4,19.71801207,388.8,0,0,0,0,0,0,0,0,1,55.5,30.0,66.0,40,2,60,2,132,-1,-1,1,20,0.0,0.0,0,0,0.0,0.0,0,0,BENIGN
443,7799891,159,235,10234,405738,836,0,64.36477987,166.6526525,4380,0,1726.544681,805.0249831,53330.48885,50.51352641,19847.05089,252427.9827,4985484,0,2814406,17812.6962,38514.5102,113970,45,7690243,32864.28632,327676.563,4995422,1,0,0,3192,4712,20.38490025,30.12862616,0,4380,1053.093671,1031.436615,1063861.491,0,0,0,1,0,0,0,0,1,1055.766497,64.36477987,1726.544681,3192,159,10234,235,405738,8192,388,158,20,0.0,0.0,0,0,0.0,0.0,0,0,BENIGN
80,100179712,6,7,327,11595,309,0,54.5,124.7136721,7240,0,1656.428571,2566.885263,119.0061317,0.129766794,8348309.333,28900000.0,100000000,2,100000000,20000000.0,44700000.0,100000000,2,100000000,16700000.0,40800000.0,100000000,72,0,0,164,232,0.059892366,0.069874427,0,7240,852.0,1934.954939,3744050.615,1,0,0,0,0,0,0,0,1,917.5384615,54.5,1656.428571,164,6,327,7,11595,0,235,3,20,11008.0,0.0,11008,11008,100000000.0,0.0,100000000,100000000,DoS Hulk
4005,61,1,1,2,6,2,2,2.0,0.0,6,6,6.0,0.0,131147.541,32786.88525,61.0,0.0,61,61,0,0.0,0.0,0,0,0,0.0,0.0,0,0,0,0,24,20,16393.44262,16393.44262,2,6,3.333333333,2.309401077,5.333333333,0,0,0,1,0,0,0,0,1,5.0,2.0,6.0,24,1,2,1,6,1024,0,0,24,0.0,0.0,0,0,0.0,0.0,0,0,PortScan
80,4236899,5,0,30,0,6,6,6.0,0.0,0,0,0.0,0.0,7.080650259,1.180108376,1059224.75,2117866.84,4236025,148,4236899,1059224.75,2117866.84,4236025,148,0,0.0,0.0,0,0,0,0,100,0,1.180108376,0.0,6,6,6.0,0.0,0.0,0,0,0,0,1,0,0,0,0,7.2,6.0,0.0,100,5,30,0,0,256,-1,4,20,0.0,0.0,0,0,0.0,0.0,0,0,DDoS
53563,3203,3,1,43,6,31,6,14.3333333333,14.4337567297,6,6,6.0,0.0,15298.1579768967,1248.8292226038,1067.6666666667,1824.1744251396,3174,3,3177,1588.5,2242.2356031426,3174,3,0,0.0,0.0,0,0,0,0,60,20,936.6219169529,312.207305651,6,31,11.0,11.1803398875,125.0,0,0,0,0,1,0,0,0,0,13.75,14.3333333333,6.0,60,3,43,1,6,1038,0,2,20,0.0,0.0,0,0,0.0,0.0,0,0,BENIGN
80,63116544,7,0,0,0,0,0,0.0,0.0,0,0,0.0,0.0,0.0,0.110905946,10500000.0,11900000.0,32100000,997052,63100000,10500000.0,11900000.0,32100000,997052,0,0.0,0.0,0,0,0,0,280,0,0.110905946,0.0,0,0,0.0,0.0,0.0,0,0,0,1,0,0,0,0,0,0.0,0.0,0.0,280,7,0,0,0,29200,-1,0,40,7004992.0,0.0,7004992,7004992,18700000.0,12200000.0,32100000,8015915,DoS Slowhttptest
10000,48,1,1,2,6,2,2,2.0,0.0,6,6,6.0,0.0,166666.6667,41666.66667,48.0,0.0,48,48,0,0.0,0.0,0,0,0,0.0,0.0,0,0,0,0,24,20,20833.33333,20833.33333,2,6,3.333333333,2.309401077,5.333333333,0,0,0,1,0,0,0,0,1,5.0,2.0,6.0,24,1,2,1,6,1024,0,0,24,0.0,0.0,0,0,0.0,0.0,0,0,PortScan
42688,75,1,2,0,0,0,0,0.0,0.0,0,0,0.0,0.0,0.0,40000.0,37.5,37.4766594,64,11,0,0.0,0.0,0,0,64,64.0,0.0,64,64,0,0,32,64,13333.33333,26666.66667,0,0,0.0,0.0,0.0,0,0,0,0,1,1,0,0,2,0.0,0.0,0.0,32,1,0,2,0,395,229,0,32,0.0,0.0,0,0,0.0,0.0,0,0,BENIGN
60604,40,1,1,0,0,0,0,0.0,0.0,0,0,0.0,0.0,0.0,50000.0,40.0,0.0,40,40,0,0.0,0.0,0,0,0,0.0,0.0,0,0,0,0,32,32,25000.0,25000.0,0,0,0.0,0.0,0.0,0,0,0,0,1,1,0,0,1,0.0,0.0,0.0,32,1,0,1,0,358,333,0,32,0.0,0.0,0,0,0.0,0.0,0,0,BENIGN
53,23173,1,1,56,84,56,56,56.0,0.0,84,84,84.0,0.0,6041.513831,86.30734044,23173.0,0.0,23173,23173,0,0.0,0.0,0,0,0,0.0,0.0,0,0,0,0,20,20,43.15367022,43.15367022,56,84,65.33333333,16.16580754,261.3333333,0,0,0,0,0,0,0,0,1,98.0,56.0,84.0,20,1,56,1,84,-1,-1,0,20,0.0,0.0,0,0,0.0,0.0,0,0,BENIGN
80,761191,3,4,26,11601,20,0,8.666666667,10.26320288,10135,0,2900.25,4871.82583,15274.74707,9.196115036,126865.1667,300507.8681,740049,17,20930,10465.0,14292.04226,20571,359,761134,253711.3333,421307.8628,740049,195,0,0,72,92,3.941192158,5.254922877,0,10135,1453.375,3544.652026,12600000.0,0,0,0,1,0,0,0,0,1,1661.0,8.666666667,2900.25,72,3,26,4,11601,8192,229,2,20,0.0,0.0,0,0,0.0,0.0,0,0,DDoS
53,91744744,2,2,93,141,50,43,46.5,4.949747468,75,66,70.5,6.363961031,2.550554831,0.043599228,30600000.0,52900000.0,91700000,23630,91700000,91700000.0,0.0,91700000,91700000,91700000,91700000.0,0.0,91700000,91700000,0,0,52,64,0.021799614,0.021799614,43,75,55.4,14.43260198,208.3,0,0,0,0,0,0,0,0,1,69.25,46.5,70.5,52,2,93,2,141,-1,-1,1,20,60661.0,0.0,60661,60661,91700000.0,0.0,91700000,91700000,BENIGN
443,30245016,7,7,832,179,517,0,118.8571429,192.9666885,161,0,25.57142857,59.79369293,33.42699505,0.462886183,2326539.692,4344887.178,9998882,107,20300000,3385818.333,5182525.376,10100000,139,30200000,5027410.333,5448807.648,10100000,998,0,0,152,176,0.231443091,0.231443091,0,517,67.4,141.4702392,20013.82857,0,0,0,1,0,0,0,0,1,72.21428571,118.8571429,25.57142857,152,7,832,7,179,8192,11256,6,20,161304.5,114878.689,242536,80073,9996150.5,3862.924346,9998882,9993419,BENIGN
52377,50,1,1,0,0,0,0,0.0,0.0,0,0,0.0,0.0,0.0,40000.0,50.0,0.0,50,50,0,0.0,0.0,0,0,0,0.0,0.0,0,0,0,0,20,20,20000.0,20000.0,0,0,0.0,0.0,0.0,0,0,0,0,1,1,0,0,1,0.0,0.0,0.0,20,1,0,1,0,29,256,0,20,0.0,0.0,0,0,0.0,0.0,0,0,BENIGN
49456,41,1,1,6,6,6,6,6.0,0.0,6,6,6.0,0.0,292682.9268,48780.4878,41.0,0.0,41,41,0,0.0,0.0,0,0,0,0.0,0.0,0,0,0,0,20,20,24390.2439,24390.2439,6,6,6.0,0.0,0.0,0,0,0,0,1,1,0,0,1,9.0,6.0,6.0,20,1,6,1,6,946,255,0,20,0.0,0.0,0,0,0.0,0.0,0,0,BENIGN
53,259,2,2,68,234,34,34,34.0,0.0,117,117,117.0,0.0,1166023.16602317,15444.0154440154,86.3333333333,108.9097485689,209,1,1,1.0,0.0,1,1,49,49.0,0.0,49,49,0,0,64,64,7722.0077220077,7722.0077220077,34,117,67.2,45.4609722729,2066.7,0,0,0,0,0,0,0,0,1,84.0,34.0,117.0,64,2,68,2,234,-1,-1,1,32,0.0,0.0,0,0,0.0,0.0,0,0,BENIGN
80,100727704,9,5,379,11595,373,0,42.11111111,124.0991987,7240,0,2319.0,3331.638186,118.8749423,0.138988575,7748284.923,27600000.0,99600000,1,101000000,12600000.0,35200000.0,99600000,1,150349,37587.25,66685.69639,137207,85,0,0,292,168,0.089349798,0.049638777,0,7240,798.2666667,2102.188943,4419198.352,0,0,0,0,1,0,0,0,0,855.2857143,42.11111111,2319.0,292,9,379,5,11595,274,235,2,20,1005.0,0.0,1005,1005,99600000.0,0.0,99600000,99600000,DoS Hulk
1309,104,1,1,0,6,0,0,0.0,0.0,6,6,6.0,0.0,57692.30769,19230.76923,104.0,0.0,104,104,0,0.0,0.0,0,0,0,0.0,0.0,0,0,0,0,40,20,9615.384615,9615.384615,0,6,2.0,3.464101615,12.0,0,0,0,1,0,0,0,0,1,3.0,0.0,6.0,40,1,0,1,6,29200,0,0,40,0.0,0.0,0,0,0.0,0.0,0,0,PortScan
80,81192520,8,5,56,11601,20,0,7.0,5.656854249,7300,0,2320.2,3032.755381,143.5723389,0.160113272,6766043.333,22500000.0,78300000,3,80700000,11500000.0,29500000.0,78300000,3,524785,131196.25,253973.1556,512059,188,0,0,172,112,0.098531244,0.061582028,0,7300,833.0714286,2037.940154,4153200.071,0,0,0,0,1,0,0,0,0,897.1538462,7.0,2320.2,172,8,56,5,11601,256,229,6,20,2382979.0,0.0,2382979,2382979,78300000.0,0.0,78300000,78300000,DDoS
53,31246,2,2,92,284,46,46,46.0,0.0,142,142,142.0,0.0,12033.5402931575,128.0163860974,10415.3333333333,18034.6903586763,31240,3,3,3.0,0.0,3,3,3,3.0,0.0,3,3,0,0,80,64,64.0081930487,64.0081930487,46,142,84.4,52.5813655205,2764.8,0,0,0,0,0,0,0,0,1,105.5,46.0,142.0,80,2,92,2,284,-1,-1,1,40,0.0,0.0,0,0,0.0,0.0,0,0,BENIGN
53,10038978,10,2,460,92,46,46,46.0,0.0,46,46,46.0,0.0,54.98567683,1.195340801,912634.3636,1439746.982,4000406,1,7100827,788980.7778,1398905.312,4000406,1,1,1.0,0.0,1,1,0,0,248,64,0.996117334,0.199223467,46,46,46.0,0.0,0.0,0,0,0,0,0,0,0,0,0,49.83333333,46.0,46.0,248,10,460,2,92,-1,-1,9,20,0.0,0.0,0,0,0.0,0.0,0,0,BENIGN
80,99019629,6,6,372,11595,354,0,62.0,143.080397,10136,0,1932.5,4060.245892,120.8548257,0.121188093,9001784.455,29800000.0,98900000,4,98900000,19800000.0,44200000.0,98900000,4,99000000,19800000.0,44200000.0,98900000,50,0,0,164,200,0.060594046,0.060594046,0,10136,921.0,2797.821295,7827804.0,1,0,0,0,0,0,0,0,1,997.75,62.0,1932.5,164,6,372,6,11595,0,235,3,20,13994.0,0.0,13994,13994,98900000.0,0.0,98900000,98900000,DoS Hulk
53,223,2,2,104,220,52,52,52.0,0.0,110,110,110.0,0.0,1452914.798,17937.21973,74.33333333,45.61067127,127,48,48,48.0,0.0,48,48,48,48.0,0.0,48,48,0,0,80,80,8968.609865,8968.609865,52,110,75.2,31.76790834,1009.2,0,0,0,0,0,0,0,0,1,94.0,52.0,110.0,80,2,104,2,220,-1,-1,1,40,0.0,0.0,0,0,0.0,0.0,0,0,BENIGN
63745,2148004,2,0,12,0,6,6,6.0,0.0,0,0,0.0,0.0,5.5865817755,0.9310969626,2148004.0,0.0,2148004,2148004,2148004,2148004.0,0.0,2148004,2148004,0,0.0,0.0,0,0,0,0,40,0,0.9310969626,0.0,6,6,6.0,0.0,0.0,0,0,0,0,1,0,0,0,0,9.0,6.0,0.0,40,2,12,0,0,36500,-1,1,20,0.0,0.0,0,0,0.0,0.0,0,0,BENIGN
80,599916,3,6,26,11601,20,0,8.666666667,10.26320288,4380,0,1933.5,1998.0254,19381.04668,15.00210029,74989.5,207186.8466,587670,49,11567,5783.5,7142.485597,10834,733,599824,119964.8,261501.6667,587670,49,0,0,72,132,5.000700098,10.0014002,0,4380,1162.7,1791.113375,3208087.122,0,0,0,1,0,0,0,0,2,1291.888889,8.666666667,1933.5,72,3,26,6,11601,8192,229,2,20,0.0,0.0,0,0,0.0,0.0,0,0,DDoS
80,1827300,3,4,26,11601,20,0,8.666666667,10.26320288,5840,0,2900.25,3345.636997,6362.939857,3.830788595,304550.0,741563.3178,1818245,50,8815,4407.5,5817.367489,8521,294,1827143,609047.6667,1047204.27,1818245,190,0,0,72,92,1.641766541,2.189022054,0,5840,1453.375,2681.356423,7189672.268,0,0,0,1,0,0,0,0,1,1661.0,8.666666667,2900.25,72,3,26,4,11601,8192,229,2,20,0.0,0.0,0,0,0.0,0.0,0,0,DDoS
80,99105868,6,8,390,11595,372,0,65.0,150.4273911,4344,0,1449.375,1547.981999,120.9312853,0.141263078,7623528.308,27400000.0,98900000,4,99000000,19800000.0,44200000.0,98900000,4,99100000,14200000.0,37400000.0,99000000,36,0,0,164,264,0.060541319,0.080721759,0,4344,799.4,1312.90745,1723725.971,1,0,0,0,0,0,0,0,1,856.5,65.0,1449.375,164,6,390,8,11595,0,235,3,20,13019.0,0.0,13019,13019,98900000.0,0.0,98900000,98900000,DoS Hulk
53,30991,2,2,78,152,39,39,39.0,0.0,76,76,76.0,0.0,7421.5094704914,129.0697299216,10330.3333333333,17887.466040033,30985,3,3,3.0,0.0,3,3,3,3.0,0.0,3,3,0,0,40,40,64.5348649608,64.5348649608,39,76,53.8,20.2657346277,410.7,0,0,0,0,0,0,0,0,1,67.25,39.0,76.0,40,2,78,2,152,-1,-1,1,20,0.0,0.0,0,0,0.0,0.0,0,0,BENIGN
80,85695933,6,7,333,11595,315,0,55.5,127.1624945,5792,0,1656.428571,2120.732252,139.1898026,0.151699148,7141327.75,24700000.0,85500000,3,85600000,17100000.0,38300000.0,85500000,877,85700000,14300000.0,34900000.0,85500000,46,0,0,164,232,0.070014991,0.081684156,0,5792,852.4285714,1666.82119,2778292.879,1,0,0,0,0,0,0,0,1,918.0,55.5,1656.428571,164,6,333,7,11595,0,235,3,20,2789.0,0.0,2789,2789,85500000.0,0.0,85500000,85500000,DoS Hulk
443,80199693,16,15,3368,8533,782,0,210.5,321.4703718852,1460,0,568.8666666667,617.5543777869,148.3920892316,0.3865351455,2673323.1,8664341.51651031,44986633,25,75218685,5014579.0,11927052.0303351,44986633,141,80149375,5724955.35714286,12219638.5519054,45056545,48,0,0,332,324,0.1995020106,0.1870331349,0,1460,371.90625,508.8387385952,258916.861895161,0,0,0,1,0,0,0,0,0,383.9032258065,210.5,568.8666666667,332,16,3368,15,8533,8192,98,15,20,1842144.0,2953058.21980079,5250535,50165,23224145.0,19034686.8204663,44986633,9675526,BENIGN
80,84781764,6,6,308,11595,308,0,51.33333333,125.7404735,5792,0,1932.5,2537.820147,140.3957577,0.141539872,7707433.091,25500000.0,84600000,1,84600000,16900000.0,37800000.0,84600000,1,207746,41549.2,90794.97617,203946,13,0,0,200,200,0.070769936,0.070769936,0,5792,915.6153846,1910.634429,3650523.923,0,0,0,0,1,0,0,0,1,991.9166667,51.33333333,1932.5,200,6,308,6,11595,251,235,1,32,5.0,0.0,5,5,84600000.0,0.0,84600000,84600000,DoS Hulk
80,75507984,8,5,56,11607,20,0,7.0,5.656854249,7215,0,2321.4,3327.769794,154.4604873,0.172167224,6292332.0,20400000.0,70800000,4,74100000,10600000.0,26600000.0,70800000,48,1400756,350189.0,699737.4243,1399795,4,0,0,172,112,0.105949061,0.066218163,0,7215,833.5,2175.302587,4731941.346,0,0,0,0,1,0,0,0,0,897.6153846,7.0,2321.4,172,8,56,5,11607,256,229,6,20,3265442.0,0.0,3265442,3265442,70800000.0,0.0,70800000,70800000,DDoS
443,105592924,30,39,2093,1114,165,0,69.76666667,69.92887191,70,0,28.56410256,29.45004233,30.37135329,0.653452877,1552837.118,7080847.148,34400000,3,106000000,3638517.414,10600000.0,34400000,17,106000000,2777801.763,9354290.663,34400000,3,1,0,960,1248,0.284109947,0.369342931,0,165,48.14285714,56.07171539,3144.037267,0,1,0,0,1,0,0,0,1,48.84057971,69.76666667,28.56410256,960,30,2093,39,1114,329,558,19,32,739603.0,76039.6812,808655,658110,34300000.0,90349.35598,34400000,34200000,BENIGN
53,295,2,2,52,144,26,26,26.0,0.0,72,72,72.0,0.0,664406.779661017,13559.3220338983,98.3333333333,158.3077172261,281,1,1,1.0,0.0,1,1,13,13.0,0.0,13,13,0,0,40,40,6779.6610169492,6779.6610169492,26,72,44.4,25.1952376452,634.8,0,0,0,0,0,0,0,0,1,55.5,26.0,72.0,40,2,52,2,144,-1,-1,1,20,0.0,0.0,0,0,0.0,0.0,0,0,BENIGN
80,274,2,0,0,0,0,0,0.0,0.0,0,0,0.0,0.0,0.0,7299.270073,274.0,0.0,274,274,274,274.0,0.0,274,274,0,0.0,0.0,0,0,0,0,64,0,7299.270073,0.0,0,0,0.0,0.0,0.0,0,0,0,0,1,0,0,0,0,0.0,0.0,0.0,64,2,0,0,0,237,-1,0,32,0.0,0.0,0,0,0.0,0.0,0,0,BENIGN
53,30556,1,1,38,70,38,38,38.0,0.0,70,70,70.0,0.0,3534.494044,65.4535934,30556.0,0.0,30556,30556,0,0.0,0.0,0,0,0,0.0,0.0,0,0,0,0,40,20,32.7267967,32.7267967,38,70,48.66666667,18.47520861,341.3333333,0,0,0,0,0,0,0,0,1,73.0,38.0,70.0,40,1,38,1,70,-1,-1,0,40,0.0,0.0,0,0,0.0,0.0,0,0,BENIGN
53,62523,2,2,60,194,30,30,30.0,0.0,97,97,97.0,0.0,4062.5049981607,63.9764566639,20841.0,36094.2067927805,62519,1,1,1.0,0.0,1,1,3,3.0,0.0,3,3,0,0,64,64,31.988228332,31.988228332,30,97,56.8,36.6974113528,1346.7,0,0,0,0,0,0,0,0,1,71.0,30.0,97.0,64,2,60,2,194,-1,-1,1,32,0.0,0.0,0,0,0.0,0.0,0,0,BENIGN
8080,1029614,3,3,0,18,0,0,0.0,0.0,6,6,6.0,0.0,17.48227977,5.827426589,205922.8,280995.1386,514990,621,1028993,514496.5,1610.082141,515635,513358,1028738,514369.0,1756.453244,515611,513127,0,0,92,60,2.913713294,2.913713294,0,6,2.571428571,3.207134903,10.28571429,0,0,0,1,0,0,0,0,1,3.0,0.0,6.0,92,3,0,3,18,8192,0,0,28,0.0,0.0,0,0,0.0,0.0,0,0,Bot
53,1023892,2,2,54,182,27,27,27.0,0.0,91,91,91.0,0.0,230.4930598,3.906662031,341297.3333,591139.1257,1023886,3,3,3.0,0.0,3,3,3,3.0,0.0,3,3,0,0,64,40,1.953331015,1.953331015,27,91,52.6,35.05424368,1228.8,0,0,0,0,0,0,0,0,1,65.75,27.0,91.0,64,2,54,2,182,-1,-1,1,32,0.0,0.0,0,0,0.0,0.0,0,0,BENIGN
52408,65,1,1,6,6,6,6,6.0,0.0,6,6,6.0,0.0,184615.384615385,30769.2307692308,65.0,0.0,65,65,0,0.0,0.0,0,0,0,0.0,0.0,0,0,0,0,20,20,15384.6153846154,15384.6153846154,6,6,6.0,0.0,0.0,0,0,0,0,1,1,0,0,1,9.0,6.0,6.0,20,1,6,1,6,913,256,0,20,0.0,0.0,0,0,0.0,0.0,0,0,BENIGN
80,9014416,4,0,24,0,6,6,6.0,0.0,0,0,0.0,0.0,2.66240209,0.443733682,3004805.333,5203696.082,9013516,354,9014416,3004805.333,5203696.082,9013516,354,0,0.0,0.0,0,0,0,0,80,0,0.443733682,0.0,6,6,6.0,0.0,0.0,0,0,0,0,1,0,0,0,0,7.5,6.0,0.0,80,4,24,0,0,256,-1,3,20,900.0,0.0,900,900,9013516.0,0.0,9013516,9013516,DDoS
57863,3,2,0,0,0,0,0,0.0,0.0,0,0,0.0,0.0,0.0,666666.6667,3.0,0.0,3,3,3,3.0,0.0,3,3,0,0.0,0.0,0,0,0,0,40,0,666666.6667,0.0,0,0,0.0,0.0,0.0,0,0,0,0,1,0,0,0,0,0.0,0.0,0.0,40,2,0,0,0,377,-1,0,20,0.0,0.0,0,0,0.0,0.0,0,0,BENIGN
21,9176293,9,15,113,188,24,0,12.55555556,10.3091114,34,0,12.53333333,14.54975045,32.80191685,2.615435231,398969.2609,1036783.74,3125625,3,6264139,783017.375,1448162.794,3168520,240,9176168,655440.5714,1279874.516,3125625,3,0,0,296,488,0.980788212,1.634647019,0,34,12.04,12.85327455,165.2066667,0,0,0,1,0,0,0,0,1,12.54166667,12.55555556,12.53333333,296,9,113,15,188,29200,227,6,32,0.0,0.0,0,0,0.0,0.0,0,0,FTP-Patator
80,10213642,6,7,2278,3007,1460,0,379.6666666667,617.5479468565,1460,0,429.5714285714,689.2038540091,517.4451973155,1.2728074863,851136.833333333,2877142.12173323,9986298,1,10200937,2040187.4,4442647.21959541,9986298,48,10181124,1696854.0,4067664.48553378,9999104,1,0,0,132,152,0.5874496091,0.6853578772,0,1460,377.5,615.0893305979,378334.884615385,0,0,0,1,0,0,0,0,1,406.5384615385,379.6666666667,429.5714285714,132,6,2278,7,3007,8192,64,5,20,214639.0,0.0,214639,214639,9986298.0,0.0,9986298,9986298,BENIGN
53,187,2,2,90,218,45,45,45.0,0.0,109,109,109.0,0.0,1647058.824,21390.37433,62.33333333,67.00248752,135,3,3,3.0,0.0,3,3,49,49.0,0.0,49,49,0,0,40,40,10695.18717,10695.18717,45,109,70.6,35.05424368,1228.8,0,0,0,0,0,0,0,0,1,88.25,45.0,109.0,40,2,90,2,218,-1,-1,1,20,0.0,0.0,0,0,0.0,0.0,0,0,BENIGN
212,39,1,1,2,6,2,2,2.0,0.0,6,6,6.0,0.0,205128.2051,51282.05128,39.0,0.0,39,39,0,0.0,0.0,0,0,0,0.0,0.0,0,0,0,0,24,20,25641.02564,25641.02564,2,6,3.333333333,2.309401077,5.333333333,0,0,0,1,0,0,0,0,1,5.0,2.0,6.0,24,1,2,1,6,1024,0,0,24,0.0,0.0,0,0,0.0,0.0,0,0,PortScan
8333,106,2,2,4,12,2,2,2.0,0.0,6,6,6.0,0.0,150943.3962,37735.84906,35.33333333,22.81081615,49,9,48,48.0,0.0,48,48,49,49.0,0.0,49,49,0,0,48,40,18867.92453,18867.92453,2,6,3.6,2.19089023,4.8,0,0,0,1,0,0,0,0,1,4.5,2.0,6.0,48,2,4,2,12,1024,0,1,24,0.0,0.0,0,0,0.0,0.0,0,0,BENIGN
53,62519,2,2,70,304,35,35,35.0,0.0,152,152,152.0,0.0,5982.181417,63.98054991,20839.66667,36089.29931,62512,3,3,3.0,0.0,3,3,4,4.0,0.0,4,4,0,0,64,64,31.99027496,31.99027496,35,152,81.8,64.08353923,4106.7,0,0,0,0,0,0,0,0,1,102.25,35.0,152.0,64,2,70,2,304,-1,-1,1,32,0.0,0.0,0,0,0.0,0.0,0,0,BENIGN
15742,8398,15,6,19897,0,2896,0,1326.466667,1209.830618,0,0,0.0,0.0,2369254.584,2500.59538,419.9,1454.032429,6491,1,8398,599.8571429,1725.024185,6491,1,6884,1376.8,3050.176421,6833,1,0,0,496,208,1786.139557,714.4558228,0,2896,904.4090909,1172.895102,1375682.92,0,0,0,1,0,0,0,0,0,947.4761905,1326.466667,0.0,496,15,19897,6,0,29200,362,10,32,0.0,0.0,0,0,0.0,0.0,0,0,BENIGN
53,222,2,2,118,374,59,59,59.0,0.0,187,187,187.0,0.0,2216216.216,18018.01802,74.0,86.9655104,171,3,3,3.0,0.0,3,3,48,48.0,0.0,48,48,0,0,40,40,9009.009009,9009.009009,59,187,110.2,70.10848736,4915.2,0,0,0,0,0,0,0,0,1,137.75,59.0,187.0,40,2,118,2,374,-1,-1,1,20,0.0,0.0,0,0,0.0,0.0,0,0,BENIGN
21,258,2,1,14,0,14,0,7.0,9.899494937,0,0,0.0,0.0,54263.56589,11627.90698,129.0,108.8944443,206,52,258,258.0,0.0,258,258,0,0.0,0.0,0,0,1,0,64,20,7751.937984,3875.968992,0,14,7.0,8.082903769,65.33333333,0,1,0,0,1,0,0,0,0,9.333333333,7.0,0.0,64,2,14,1,0,229,0,0,32,0.0,0.0,0,0,0.0,0.0,0,0,FTP-Patator
53,66959,2,2,108,140,54,54,54.0,0.0,70,70,70.0,0.0,3703.759017,59.73804866,22319.66667,38655.33259,66955,1,3,3.0,0.0,3,3,1,1.0,0.0,1,1,0,0,64,64,29.86902433,29.86902433,54,70,60.4,8.76356092,76.8,0,0,0,0,0,0,0,0,1,75.5,54.0,70.0,64,2,108,2,140,-1,-1,1,32,0.0,0.0,0,0,0.0,0.0,0,0,BENIGN
443,148,2,0,12,0,6,6,6.0,0.0,0,0,0.0,0.0,81081.0810810811,13513.5135135135,148.0,0.0,148,148,148,148.0,0.0,148,148,0,0.0,0.0,0,0,0,0,40,0,13513.5135135135,0.0,6,6,6.0,0.0,0.0,0,0,0,0,1,0,0,0,0,9.0,6.0,0.0,40,2,12,0,0,62996,-1,1,20,0.0,0.0,0,0,0.0,0.0,0,0,BENIGN
53,60683,2,2,72,188,36,36,36.0,0.0,94,94,94.0,0.0,4284.5607501277,65.9163192327,20227.6666666667,34992.0520309017,60633,3,47,47.0,0.0,47,47,3,3.0,0.0,3,3,0,0,64,40,32.9581596164,32.9581596164,36,94,59.2,31.7679083353,1009.2,0,0,0,0,0,0,0,0,1,74.0,36.0,94.0,64,2,72,2,188,-1,-1,1,32,0.0,0.0,0,0,0.0,0.0,0,0,BENIGN
443,543989,10,8,558,4144,201,0,55.8,72.8038460523,1430,0,518.0,632.2072445014,8643.5571307508,33.0889043712,31999.3529411765,98448.0283188427,409751,1,543989,60443.2222222222,132169.508453896,409751,3,97155,13879.2857142857,23683.5743059354,56885,1,0,0,212,172,18.3827246507,14.7061797205,0,1430,247.4736842105,463.0582358889,214422.929824561,0,0,0,1,0,0,0,0,0,261.2222222222,55.8,518.0,212,10,558,8,4144,8192,343,9,20,0.0,0.0,0,0,0.0,0.0,0,0,BENIGN
53,432,1,1,47,108,47,47,47.0,0.0,108,108,108.0,0.0,358796.2963,4629.62963,432.0,0.0,432,432,0,0.0,0.0,0,0,0,0.0,0.0,0,0,0,0,32,32,2314.814815,2314.814815,47,108,67.33333333,35.21836642,1240.333333,0,0,0,0,0,0,0,0,1,101.0,47.0,108.0,32,1,47,1,108,-1,-1,0,32,0.0,0.0,0,0,0.0,0.0,0,0,BENIGN
80,116404368,20,18,509,8180,254,0,25.45,76.4711676,4380,0,454.4444444,1098.729064,74.64496521,0.326448231,3146064.0,4596711.197,10100000,10,116000000,6125376.105,4821394.098,10100000,184,116000000,6845985.765,4581012.931,10100000,191,0,0,424,516,0.171814858,0.154633373,0,4380,222.7948718,768.2524318,590211.7989,0,0,0,1,0,0,0,0,0,228.6578947,25.45,454.4444444,424,20,509,18,8180,8192,123,13,20,568522.7273,1812286.133,6032771,21935,10000000.0,26250.5183,10100000,9999507,BENIGN
80,103,2,0,0,0,0,0,0.0,0.0,0,0,0.0,0.0,0.0,19417.47573,103.0,0.0,103,103,103,103.0,0.0,103,103,0,0.0,0.0,0,0,0,0,64,0,19417.47573,0.0,0,0,0.0,0.0,0.0,0,0,0,0,1,0,0,0,0,0.0,0.0,0.0,64,2,0,0,0,237,-1,0,32,0.0,0.0,0,0,0.0,0.0,0,0,BENIGN
50614,4,2,0,12,0,6,6,6.0,0.0,0,0,0.0,0.0,3000000.0,500000.0,4.0,0.0,4,4,4,4.0,0.0,4,4,0,0.0,0.0,0,0,0,0,40,0,500000.0,0.0,6,6,6.0,0.0,0.0,0,0,0,0,1,0,0,0,0,9.0,6.0,0.0,40,2,12,0,0,30,-1,1,20,0.0,0.0,0,0,0.0,0.0,0,0,BENIGN
80,81485367,9,4,62,11601,20,0,6.888888889,5.30199124,8760,0,2900.25,4128.319301,143.1299929,0.159537847,6790447.25,22800000.0,79200000,0,80800000,10100000.0,27900000.0,79200000,0,696619,232206.3333,377900.208,668269,190,0,0,192,92,0.110449279,0.049088568,0,8760,833.5,2402.71381,5773033.654,0,0,0,0,1,0,0,0,0,897.6153846,6.888888889,2900.25,192,9,62,4,11601,256,229,7,20,1637950.0,0.0,1637950,1637950,79200000.0,0.0,79200000,79200000,DDoS
1067,77,1,1,0,6,0,0,0.0,0.0,6,6,6.0,0.0,77922.07792,25974.02597,77.0,0.0,77,77,0,0.0,0.0,0,0,0,0.0,0.0,0,0,0,0,40,20,12987.01299,12987.01299,0,6,2.0,3.464101615,12.0,0,0,0,1,0,0,0,0,1,3.0,0.0,6.0,40,1,0,1,6,29200,0,0,40,0.0,0.0,0,0,0.0,0.0,0,0,PortScan
161,59,1,1,2,6,2,2,2.0,0.0,6,6,6.0,0.0,135593.2203,33898.30508,59.0,0.0,59,59,0,0.0,0.0,0,0,0,0.0,0.0,0,0,0,0,24,20,16949.15254,16949.15254,2,6,3.333333333,2.309401077,5.333333333,0,0,0,1,0,0,0,0,1,5.0,2.0,6.0,24,1,2,1,6,1024,0,0,24,0.0,0.0,0,0,0.0,0.0,0,0,PortScan
80,1809724,3,4,26,11601,20,0,8.666666667,10.26320288,8760,0,2900.25,4128.319301,6424.73659,3.86799313,301620.6667,732951.8731,1797724,49,11764,5882.0,7963.43657,11513,251,1809644,603214.6667,1034491.536,1797724,187,0,0,72,92,1.657711342,2.210281789,0,8760,1453.375,3113.952607,9696700.839,0,0,0,1,0,0,0,0,1,1661.0,8.666666667,2900.25,72,3,26,4,11601,8192,229,2,20,0.0,0.0,0,0,0.0,0.0,0,0,DDoS
80,9821745,4,0,24,0,6,6,6.0,0.0,0,0,0.0,0.0,2.443557637,0.407259606,3273915.0,5669751.425,9820780,3,9821745,3273915.0,5669751.425,9820780,3,0,0.0,0.0,0,0,0,0,80,0,0.407259606,0.0,6,6,6.0,0.0,0.0,0,0,0,0,1,0,0,0,0,7.5,6.0,0.0,80,4,24,0,0,256,-1,3,20,965.0,0.0,965,965,9820780.0,0.0,9820780,9820780,DDoS
53,219,2,2,66,386,33,33,33.0,0.0,193,193,193.0,0.0,2063926.941,18264.84018,73.0,84.32674546,167,4,4,4.0,0.0,4,4,48,48.0,0.0,48,48,0,0,40,40,9132.420091,9132.420091,33,193,97.0,87.6356092,7680.0,0,0,0,0,0,0,0,0,1,121.25,33.0,193.0,40,2,66,2,386,-1,-1,1,20,0.0,0.0,0,0,0.0,0.0,0,0,BENIGN
443,5297888,5,1,135,46,46,6,27.0,20.1246118,46,46,46.0,0.0,34.16455765,1.132526773,1059577.6,2307919.307,5187933,4,5297888,1324472.0,2575961.261,5187933,4,0,0.0,0.0,0,0,1,0,100,20,0.943772311,0.188754462,6,46,32.42857143,18.86670032,355.952381,0,1,0,0,1,0,0,0,0,37.83333333,27.0,46.0,100,5,135,1,46,256,377,4,20,93317.0,0.0,93317,93317,5187933.0,0.0,5187933,5187933,BENIGN
53,91035,2,2,86,242,43,43,43.0,0.0,121,121,121.0,0.0,3603.009831,43.93914429,30345.0,52555.61766,91031,1,1,1.0,0.0,1,1,3,3.0,0.0,3,3,0,0,64,64,21.96957214,21.96957214,43,121,74.2,42.72235949,1825.2,0,0,0,0,0,0,0,0,1,92.75,43.0,121.0,64,2,86,2,242,-1,-1,1,32,0.0,0.0,0,0,0.0,0.0,0,0,BENIGN
53,146,2,2,88,200,44,44,44.0,0.0,100,100,100.0,0.0,1972602.73972603,27397.2602739726,48.6666666667,78.2325592917,139,3,4,4.0,0.0,4,4,3,3.0,0.0,3,3,0,0,40,40,13698.6301369863,13698.6301369863,44,100,66.4,30.6724632203,940.8,0,0,0,0,0,0,0,0,1,83.0,44.0,100.0,40,2,88,2,200,-1,-1,1,20,0.0,0.0,0,0,0.0,0.0,0,0,BENIGN
443,60336264,11,12,1026,2008,517,0,93.27272727,186.4135676,1822,0,167.3333333,522.5389648,50.28485025,0.381196953,2742557.455,4494475.802,10100000,1,50900000,5087030.5,5292225.9,10100000,204,60200000,5475184.727,5204309.083,10200000,1,0,0,232,312,0.182311586,0.198885367,0,1822,126.4166667,384.4347535,147790.0797,0,0,0,1,0,0,0,0,1,131.9130435,93.27272727,167.3333333,232,11,1026,12,2008,8192,245,10,20,146329.1667,91294.88023,332684,108988,9909714.667,272828.4076,10100000,9356934,BENIGN
80,558717,1,2,0,0,0,0,0.0,0.0,0,0,0.0,0.0,0.0,5.369444638,279358.5,361801.7912,535191,23526,0,0.0,0.0,0,0,535191,535191.0,0.0,535191,535191,0,0,32,64,1.789814879,3.579629759,0,0,0.0,0.0,0.0,0,0,0,0,1,0,0,0,2,0.0,0.0,0.0,32,1,0,2,0,291,294,0,32,0.0,0.0,0,0,0.0,0.0,0,0,BENIGN
80,90905715,9,4,62,11601,20,0,6.888888889,5.30199124,8760,0,2900.25,4128.319301,128.2977643,0.143005311,7575476.25,23400000.0,81500000,1,90300000,11300000.0,28600000.0,81500000,1,587162,195720.6667,329637.351,576315,760,0,0,192,92,0.099003677,0.044001634,0,8760,833.5,2402.71381,5773033.654,0,0,0,0,1,0,0,0,0,897.6153846,6.888888889,2900.25,192,9,62,4,11601,256,229,7,20,2006.0,0.0,2006,2006,45200000.0,51500000.0,81500000,8775771,DDoS
5801,106,1,1,0,6,0,0,0.0,0.0,6,6,6.0,0.0,56603.77358,18867.92453,106.0,0.0,106,106,0,0.0,0.0,0,0,0,0.0,0.0,0,0,0,0,40,20,9433.962264,9433.962264,0,6,2.0,3.464101615,12.0,0,0,0,1,0,0,0,0,1,3.0,0.0,6.0,40,1,0,1,6,29200,0,0,40,0.0,0.0,0,0,0.0,0.0,0,0,PortScan
53,62554,2,2,68,138,34,34,34.0,0.0,69,69,69.0,0.0,3293.154714,63.94475173,20851.33333,36103.4446,62540,3,11,11.0,0.0,11,11,3,3.0,0.0,3,3,0,0,64,64,31.97237587,31.97237587,34,69,48.0,19.17028951,367.5,0,0,0,0,0,0,0,0,1,60.0,34.0,69.0,64,2,68,2,138,-1,-1,1,32,0.0,0.0,0,0,0.0,0.0,0,0,BENIGN
80,99141632,6,7,317,11595,299,0,52.83333333,120.6323616,4344,0,1656.428571,1760.597234,120.1513407,0.13112554,8261802.667,28600000.0,99000000,5,99000000,19800000.0,44300000.0,99000000,5,99100000,16500000.0,40400000.0,99000000,31,0,0,164,232,0.06051948,0.07060606,0,4344,851.2857143,1460.990888,2134494.374,1,0,0,0,0,0,0,0,1,916.7692308,52.83333333,1656.428571,164,6,317,7,11595,0,235,3,20,13963.0,0.0,13963,13963,99000000.0,0.0,99000000,99000000,DoS Hulk
80,441230,3,5,26,11601,20,0,8.666666667,10.26320288,5840,0,2320.2,2436.833027,26351.33604,18.13113342,63032.85714,154517.7375,412663,79,28164,14082.0,19733.93605,28036,128,441042,110260.5,202032.5046,412663,79,0,0,72,112,6.799175033,11.33195839,0,5840,1291.888889,2110.95076,4456113.111,0,0,0,1,0,0,0,0,1,1453.375,8.666666667,2320.2,72,3,26,5,11601,8192,229,2,20,0.0,0.0,0,0,0.0,0.0,0,0,DDoS
80,86064981,8,6,409,11595,409,0,51.125,144.6033368,5792,0,1932.5,2181.008184,139.4760083,0.162667787,6620383.154,23800000.0,85900000,0,85900000,12300000.0,32500000.0,85900000,0,132377,26475.4,53616.58901,122080,47,0,0,264,200,0.092953021,0.069714766,0,5792,800.2666667,1620.23369,2625157.21,0,0,0,0,1,0,0,0,0,857.4285714,51.125,1932.5,264,8,409,6,11595,274,235,1,32,7.0,0.0,7,7,85900000.0,0.0,85900000,85900000,DoS Hulk
443,119389408,23,22,1469,5763,366,0,63.8695652174,121.582110058,1631,0,261.9545454545,516.5485711982,60.5748878493,0.3769178586,2713395.63636364,4385477.62645332,10006118,129,119366270,5425739.54545455,4919578.97605995,10029506,533,119366145,5684102.14285714,4901037.34618236,10029358,250,0,0,472,584,0.1926469055,0.1842709531,0,1631,157.2173913043,376.9748540416,142110.04057971,0,0,0,1,0,0,0,0,0,160.7111111111,63.8695652174,261.9545454545,472,23,1469,22,5763,8192,1047,22,20,189539.083333333,399787.083276827,1244465,23201,9757650.08333334,825970.428799907,10006118,7135235,BENIGN
80,98913700,7,5,339,11595,333,0,48.42857143,125.5041263,7240,0,2319.0,3331.638186,120.6506278,0.121317876,8992154.545,29800000.0,98900000,1,98900000,16500000.0,40400000.0,98900000,1,31343,7835.75,10052.45238,21230,53,0,0,220,168,0.070768761,0.050549115,0,7240,918.0,2244.318196,5036964.167,0,0,0,0,1,0,0,0,0,994.5,48.42857143,2319.0,220,7,339,5,11595,274,235,2,20,5.0,0.0,5,5,98900000.0,0.0,98900000,98900000,DoS Hulk
80,101084,3,5,26,11607,20,0,8.666666667,10.26320288,5840,0,2321.4,3173.373883,115082.5056,79.14209964,14440.57143,37703.57613,99943,10,825,412.5,362.7457787,669,156,101039,25259.75,49790.30155,99943,10,0,0,72,112,29.67828736,49.46381227,0,5840,1292.555556,2554.159212,6523729.278,0,0,0,1,0,0,0,0,1,1454.125,8.666666667,2321.4,72,3,26,5,11607,8192,229,2,20,0.0,0.0,0,0,0.0,0.0,0,0,DDoS
445,10697752,31,24,8326,4368,3072,0,268.5806451613,637.7002312578,420,0,182.0,141.2416984863,1186.6044380165,5.1412670625,198106.518518519,1178366.14436219,8415903,1,10697752,356591.733333333,1574555.9271038,8415903,1,10697573,465111.869565217,1803761.99106578,8465855,1,0,0,644,504,2.8978050716,2.2434619909,0,3072,226.6785714286,482.6517700877,232952.731168831,0,0,0,1,0,0,0,0,0,230.8,268.5806451613,182.0,644,31,8326,24,4368,8192,2050,29,20,2281454.0,0.0,2281454,2281454,8415903.0,0.0,8415903,8415903,BENIGN
80,100508585,12,6,1627,11595,323,0,135.5833333,165.4533487,5792,0,1932.5,2181.008184,131.5509516,0.179089179,5912269.706,23900000.0,98700000,1,100000000,9125196.182,29700000.0,98700000,1,1803155,360631.0,735145.9649,1671780,46,0,0,368,200,0.119392786,0.059696393,0,5792,695.8947368,1443.605013,2083995.433,0,0,0,0,1,0,0,0,0,734.5555556,135.5833333,1932.5,368,12,1627,6,11595,251,235,7,20,965.0,0.0,965,965,98700000.0,0.0,98700000,98700000,DoS Hulk
80,85032129,6,7,365,11595,347,0,60.83333333,140.2232743,5792,0,1656.428571,2120.732252,140.6527173,0.152883388,7086010.75,24500000.0,84900000,4,84900000,17000000.0,38000000.0,84900000,4,85000000,14200000.0,34600000.0,84900000,8,0,0,164,232,0.070561564,0.082321824,0,5792,854.7142857,1666.049285,2775720.22,1,0,0,0,0,0,0,0,1,920.4615385,60.83333333,1656.428571,164,6,365,7,11595,0,235,3,20,16010.0,0.0,16010,16010,84900000.0,0.0,84900000,84900000,DoS Hulk
8899,120,1,1,2,6,2,2,2.0,0.0,6,6,6.0,0.0,66666.66667,16666.66667,120.0,0.0,120,120,0,0.0,0.0,0,0,0,0.0,0.0,0,0,0,0,24,20,8333.333333,8333.333333,2,6,3.333333333,2.309401077,5.333333333,0,0,0,1,0,0,0,0,1,5.0,2.0,6.0,24,1,2,1,6,1024,0,0,24,0.0,0.0,0,0,0.0,0.0,0,0,PortScan
53,59928,2,2,72,414,36,36,36.0,0.0,207,207,207.0,0.0,8109.7316780136,66.746762782,19976.0,34594.2507795732,59922,3,3,3.0,0.0,3,3,3,3.0,0.0,3,3,0,0,64,64,33.373381391,33.373381391,36,207,104.4,93.6605573334,8772.3,0,0,0,0,0,0,0,0,1,130.5,36.0,207.0,64,2,72,2,414,-1,-1,1,32,0.0,0.0,0,0,0.0,0.0,0,0,BENIGN
80,94649632,2,1,8,0,8,0,4.0,5.656854249,0,0,0.0,0.0,0.084522251,0.031695844,47300000.0,66900000.0,94600000,40,94600000,94600000.0,0.0,94600000,94600000,0,0.0,0.0,0,0,1,0,64,32,0.021130563,0.010565281,0,8,4.0,4.618802154,21.33333333,0,1,0,0,1,0,0,0,0,5.333333333,4.0,0.0,64,2,8,1,0,229,235,0,32,0.0,0.0,0,0,0.0,0.0,0,0,DoS slowloris
53,1288,2,2,72,114,36,36,36.0,0.0,57,57,57.0,0.0,144409.9379,3105.590062,429.3333333,740.1637206,1284,1,1,1.0,0.0,1,1,3,3.0,0.0,3,3,0,0,64,64,1552.795031,1552.795031,36,57,44.4,11.50217371,132.3,0,0,0,0,0,0,0,0,1,55.5,36.0,57.0,64,2,72,2,114,-1,-1,1,32,0.0,0.0,0,0,0.0,0.0,0,0,BENIGN
57681,10205704,1,6,6,36,6,6,6.0,0.0,6,6,6.0,0.0,4.115345693,0.685890949,1700950.667,4162632.438,10200000,17,0,0.0,0.0,0,0,10200000,2040347.2,4560204.049,10200000,17,0,0,20,120,0.097984421,0.587906528,6,6,6.0,0.0,0.0,0,0,0,0,1,1,0,0,6,6.857142857,6.0,6.0,20,1,6,6,36,229,0,0,20,7816.0,0.0,7816,7816,10200000.0,0.0,10200000,10200000,BENIGN
53,31087,1,1,95,223,95,95,95.0,0.0,223,223,223.0,0.0,10229.35632,64.33557436,31087.0,0.0,31087,31087,0,0.0,0.0,0,0,0,0.0,0.0,0,0,0,0,32,20,32.16778718,32.16778718,95,223,137.6666667,73.90083446,5461.333333,0,0,0,0,0,0,0,0,1,206.5,95.0,223.0,32,1,95,1,223,-1,-1,0,32,0.0,0.0,0,0,0.0,0.0,0,0,BENIGN
53313,53,1,1,0,0,0,0,0.0,0.0,0,0,0.0,0.0,0.0,37735.8490566038,53.0,0.0,53,53,0,0.0,0.0,0,0,0,0.0,0.0,0,0,0,0,32,32,18867.9245283019,18867.9245283019,0,0,0.0,0.0,0.0,0,0,0,0,1,1,0,0,1,0.0,0.0,0.0,32,1,0,1,0,416,562,0,32,0.0,0.0,0,0,0.0,0.0,0,0,BENIGN
443,118945836,30,31,1600,7582,411,0,53.33333333,89.49102569,1418,0,244.5806452,455.4901224,77.19479982,0.512838465,1982430.6,10700000.0,58900000,1,119000000,4101580.552,15200000.0,58900000,3,119000000,3963647.467,14900000.0,59000000,1,0,0,980,1000,0.252215639,0.260622827,0,1418,148.0967742,339.6311263,115349.302,0,0,0,1,0,0,0,0,1,150.5245902,53.33333333,244.5806452,980,30,1600,31,7582,29200,382,14,32,582526.0,711728.4311,1085794,79258,58900000.0,73648.70679,58900000,58800000,BENIGN
54954,561,2,0,6,0,6,0,3.0,4.242640687,0,0,0.0,0.0,10695.18717,3565.062389,561.0,0.0,561,561,561,561.0,0.0,561,561,0,0.0,0.0,0,0,0,0,52,0,3565.062389,0.0,0,6,2.0,3.464101615,12.0,0,0,0,0,1,0,0,0,0,3.0,3.0,0.0,52,2,6,0,0,273,-1,1,20,0.0,0.0,0,0,0.0,0.0,0,0,BENIGN
1151,53,1,1,0,6,0,0,0.0,0.0,6,6,6.0,0.0,113207.5472,37735.84906,53.0,0.0,53,53,0,0.0,0.0,0,0,0,0.0,0.0,0,0,0,0,40,20,18867.92453,18867.92453,0,6,2.0,3.464101615,12.0,0,0,0,1,0,0,0,0,1,3.0,0.0,6.0,40,1,0,1,6,29200,0,0,40,0.0,0.0,0,0,0.0,0.0,0,0,PortScan
443,8693,1,1,6,6,6,6,6.0,0.0,6,6,6.0,0.0,1380.421028,230.0701714,8693.0,0.0,8693,8693,0,0.0,0.0,0,0,0,0.0,0.0,0,0,0,0,20,20,115.0350857,115.0350857,6,6,6.0,0.0,0.0,1,0,0,0,1,0,0,0,1,9.0,6.0,6.0,20,1,6,1,6,0,60,0,20,0.0,0.0,0,0,0.0,0.0,0,0,BENIGN
135,10295955,11,6,656,560,168,0,59.63636364,82.78076193,172,0,93.33333333,77.75517132,118.1046343,1.651133868,643497.1875,2515542.325,10100000,1,10300000,1029595.5,3178821.547,10100000,1,677,135.4,145.4279891,336,1,0,0,244,144,1.068380738,0.58275313,0,172,67.55555556,79.70402767,6352.732026,0,0,0,1,0,0,0,0,0,71.52941176,59.63636364,93.33333333,244,11,656,6,560,8192,2052,4,20,0.0,0.0,0,0,0.0,0.0,0,0,BENIGN
80,4574,3,6,313,11595,313,0,104.3333333,180.7106343,5792,0,1932.5,2534.051598,2603410.582,1967.643201,571.75,1248.24926,3656,46,3928,1964.0,2470.631093,3711,217,4519,903.8,1754.088852,4039,46,0,0,104,200,655.8810669,1311.762134,0,5792,1190.8,2119.547845,4492483.067,0,0,0,1,0,0,0,0,2,1323.111111,104.3333333,1932.5,104,3,313,6,11595,29200,235,1,32,0.0,0.0,0,0,0.0,0.0,0,0,DoS Hulk
443,118366398,68,45,33068,6977,1636,0,486.2941176471,594.8309444726,244,0,155.0444444444,117.3851383569,338.3139191242,0.9546628258,1056842.83928571,2894507.04246715,10208312,1,118316245,1765914.10447761,3596771.90980229,10240047,150,118315957,2688999.02272727,4173090.17803921,10258752,1,0,0,2184,1448,0.5744873642,0.3801754616,0,1636,351.2719298246,492.4951872563,242551.509470579,0,0,0,1,0,0,0,0,0,354.3805309735,486.2941176471,155.0444444444,2184,68,33068,45,6977,29200,397,30,32,1665386.8,2746004.89593768,7352340,50109,10166237.7,57469.0415751529,10208312,10025952,BENIGN
80,23211,1,1,0,0,0,0,0.0,0.0,0,0,0.0,0.0,0.0,86.1660419629,23211.0,0.0,23211,23211,0,0.0,0.0,0,0,0,0.0,0.0,0,0,0,0,32,32,43.0830209814,43.0830209814,0,0,0.0,0.0,0.0,0,0,0,0,1,1,0,0,1,0.0,0.0,0.0,32,1,0,1,0,256,939,0,32,0.0,0.0,0,0,0.0,0.0,0,0,BENIGN
443,1153056,3,3,0,18,0,0,0.0,0.0,6,6,6.0,0.0,15.6106902006,5.2035634002,230611.2,245784.638541956,500215,50715,1102341,551170.5,579.1204537918,551580,550761,1101789,550894.5,50.2045814642,550930,550859,0,0,92,60,2.6017817001,2.6017817001,0,6,2.5714285714,3.2071349029,10.2857142857,0,0,0,1,0,0,0,0,1,3.0,0.0,6.0,92,3,0,3,18,8192,0,0,28,0.0,0.0,0,0,0.0,0.0,0,0,BENIGN
80,99725809,7,5,405,11595,399,0,57.85714286,150.4464784,8688,0,2319.0,3774.237539,120.3299338,0.120329934,9065982.636,30000000.0,99600000,1,99700000,16600000.0,40700000.0,99600000,1,77202,19300.5,31055.63483,65151,80,0,0,220,168,0.070192461,0.050137472,0,8688,923.0769231,2465.606668,6079216.244,0,0,0,0,1,0,0,0,0,1000.0,57.85714286,2319.0,220,7,405,5,11595,251,235,2,20,2011.0,0.0,2011,2011,99600000.0,0.0,99600000,99600000,DoS Hulk
55844,3,1,1,0,0,0,0,0.0,0.0,0,0,0.0,0.0,0.0,666666.6667,3.0,0.0,3,3,0,0.0,0.0,0,0,0,0.0,0.0,0,0,0,0,32,32,333333.3333,333333.3333,0,0,0.0,0.0,0.0,0,0,0,0,1,1,0,0,1,0.0,0.0,0.0,32,1,0,1,0,3,229,0,32,0.0,0.0,0,0,0.0,0.0,0,0,BENIGN
80,5012597,5,0,30,0,6,6,6.0,0.0,0,0,0.0,0.0,5.984921589,0.997486931,1253149.25,2503636.539,5008603,0,5012597,1253149.25,2503636.539,5008603,0,0,0.0,0.0,0,0,0,0,100,0,0.997486931,0.0,6,6,6.0,0.0,0.0,0,0,0,0,1,0,0,0,0,7.2,6.0,0.0,100,5,30,0,0,256,-1,4,20,3994.0,0.0,3994,3994,5008603.0,0.0,5008603,5008603,DDoS
1296,48,1,1,0,6,0,0,0.0,0.0,6,6,6.0,0.0,125000.0,41666.66667,48.0,0.0,48,48,0,0.0,0.0,0,0,0,0.0,0.0,0,0,0,0,40,20,20833.33333,20833.33333,0,6,2.0,3.464101615,12.0,0,0,0,1,0,0,0,0,1,3.0,0.0,6.0,40,1,0,1,6,29200,0,0,40,0.0,0.0,0,0,0.0,0.0,0,0,PortScan
80,17318,3,5,26,11601,20,0,8.666666667,10.26320288,8760,0,2320.2,3668.897,671382.3767,461.9471071,2474.0,3781.462371,8190,58,8641,4320.5,5589.679105,8273,368,17235,4308.75,4523.783474,8616,185,0,0,72,112,173.2301651,288.7169419,0,8760,1291.888889,2866.607422,8217438.111,0,0,0,1,0,0,0,0,1,1453.375,8.666666667,2320.2,72,3,26,5,11601,8192,229,2,20,0.0,0.0,0,0,0.0,0.0,0,0,DDoS
443,86,2,0,12,0,6,6,6.0,0.0,0,0,0.0,0.0,139534.8837,23255.81395,86.0,0.0,86,86,86,86.0,0.0,86,86,0,0.0,0.0,0,0,0,0,40,0,23255.81395,0.0,6,6,6.0,0.0,0.0,0,0,0,0,1,0,0,0,0,9.0,6.0,0.0,40,2,12,0,0,253,-1,1,20,0.0,0.0,0,0,0.0,0.0,0,0,BENIGN
53,24164,1,1,95,177,95,95,95.0,0.0,177,177,177.0,0.0,11256.4145,82.76775368,24164.0,0.0,24164,24164,0,0.0,0.0,0,0,0,0.0,0.0,0,0,0,0,32,20,41.38387684,41.38387684,95,177,122.3333333,47.34272207,2241.333333,0,0,0,0,0,0,0,0,1,183.5,95.0,177.0,32,1,95,1,177,-1,-1,0,32,0.0,0.0,0,0,0.0,0.0,0,0,BENIGN
135,21011524,2,8,4,24,2,2,2.0,0.0,6,2,3.0,1.8516402,1.332602052,0.475929304,2334613.778,4184199.609,12000000,1,3,3.0,0.0,3,3,21000000,3001637.857,4583397.495,12000000,1,0,0,48,184,0.095185861,0.380743443,2,6,2.727272727,1.61807967,2.618181818,0,0,0,1,0,0,0,0,4,3.0,2.0,3.0,48,2,4,8,24,1024,0,1,24,1501405.0,2123301.657,3002806,4,9004355.5,4235646.694,12000000,6009301,BENIGN
15004,33,1,1,0,6,0,0,0.0,0.0,6,6,6.0,0.0,181818.1818,60606.06061,33.0,0.0,33,33,0,0.0,0.0,0,0,0,0.0,0.0,0,0,0,0,40,20,30303.0303,30303.0303,0,6,2.0,3.464101615,12.0,0,0,0,1,0,0,0,0,1,3.0,0.0,6.0,40,1,0,1,6,29200,0,0,40,0.0,0.0,0,0,0.0,0.0,0,0,PortScan
16012,49,1,1,2,6,2,2,2.0,0.0,6,6,6.0,0.0,163265.3061,40816.32653,49.0,0.0,49,49,0,0.0,0.0,0,0,0,0.0,0.0,0,0,0,0,24,20,20408.16327,20408.16327,2,6,3.333333333,2.309401077,5.333333333,0,0,0,1,0,0,0,0,1,5.0,2.0,6.0,24,1,2,1,6,1024,0,0,24,0.0,0.0,0,0,0.0,0.0,0,0,PortScan
54179,57,1,1,6,6,6,6,6.0,0.0,6,6,6.0,0.0,210526.3158,35087.7193,57.0,0.0,57,57,0,0.0,0.0,0,0,0,0.0,0.0,0,0,0,0,20,20,17543.85965,17543.85965,6,6,6.0,0.0,0.0,0,0,0,0,1,1,0,0,1,9.0,6.0,6.0,20,1,6,1,6,115,256,0,20,0.0,0.0,0,0,0.0,0.0,0,0,BENIGN
80,5966829,5,0,30,0,6,6,6.0,0.0,0,0,0.0,0.0,5.027796171,0.837966029,1491707.25,2981408.837,5963820,1,5966829,1491707.25,2981408.837,5963820,1,0,0.0,0.0,0,0,0,0,100,0,0.837966029,0.0,6,6,6.0,0.0,0.0,0,0,0,0,1,0,0,0,0,7.2,6.0,0.0,100,5,30,0,0,256,-1,4,20,3009.0,0.0,3009,3009,5963820.0,0.0,5963820,5963820,DDoS
59918,2,2,0,12,0,6,6,6.0,0.0,0,0,0.0,0.0,6000000.0,1000000.0,2.0,0.0,2,2,2,2.0,0.0,2,2,0,0.0,0.0,0,0,0,0,40,0,1000000.0,0.0,6,6,6.0,0.0,0.0,0,0,0,0,1,0,0,0,0,9.0,6.0,0.0,40,2,12,0,0,137,-1,1,20,0.0,0.0,0,0,0.0,0.0,0,0,BENIGN
53,61261,2,2,60,264,30,30,30.0,0.0,132,132,132.0,0.0,5288.8460847848,65.2943961085,20420.3333333333,35362.9926665339,61254,3,3,3.0,0.0,3,3,4,4.0,0.0,4,4,0,0,64,64,32.6471980542,32.6471980542,30,132,70.8,55.8677008655,3121.2,0,0,0,0,0,0,0,0,1,88.5,30.0,132.0,64,2,60,2,264,-1,-1,1,32,0.0,0.0,0,0,0.0,0.0,0,0,BENIGN
10984,48,2,0,31,0,31,0,15.5,21.92031022,0,0,0.0,0.0,645833.3333,41666.66667,48.0,0.0,48,48,48,48.0,0.0,48,48,0,0.0,0.0,0,0,1,0,40,0,41666.66667,0.0,0,31,20.66666667,17.89785834,320.3333333,0,1,0,0,1,0,0,0,0,31.0,15.5,0.0,40,2,31,0,0,142,-1,0,20,0.0,0.0,0,0,0.0,0.0,0,0,BENIGN
443,5636105,9,8,704,6110,517,0,78.22222222,169.2769755,1460,0,763.75,748.9538895,1208.990961,3.01626744,352256.5625,1336318.062,5361962,1,5636105,704513.125,1882516.256,5361962,3,128707,18386.71429,34227.54164,89956,1,0,0,192,172,1.596847468,1.419419972,0,1460,378.5555556,608.6564009,370462.6144,0,0,0,1,0,0,0,0,0,400.8235294,78.22222222,763.75,192,9,704,8,6110,8192,60,8,20,274140.0,0.0,274140,274140,5361962.0,0.0,5361962,5361962,BENIGN
80,118955,3,5,26,11601,20,0,8.666666667,10.26320288,5840,0,2320.2,2436.833027,97742.84393,67.25232231,16993.57143,33751.59716,89805,53,28470,14235.0,19724.03655,28182,288,118902,29725.5,42199.82609,89805,164,0,0,72,112,25.21962087,42.03270144,0,5840,1291.888889,2110.95076,4456113.111,0,0,0,1,0,0,0,0,1,1453.375,8.666666667,2320.2,72,3,26,5,11601,8192,229,2,20,0.0,0.0,0,0,0.0,0.0,0,0,DDoS
57306,3,2,0,37,0,37,0,18.5,26.1629509039,0,0,0.0,0.0,12333333.3333333,666666.666666667,3.0,0.0,3,3,3,3.0,0.0,3,3,0,0.0,0.0,0,0,1,0,64,0,666666.666666667,0.0,0,37,24.6666666667,21.36195996,456.3333333333,0,1,0,0,1,0,0,0,0,37.0,18.5,0.0,64,2,37,0,0,65,-1,0,32,0.0,0.0,0,0,0.0,0.0,0,0,BENIGN
80,25587,3,4,26,11601,20,0,8.666666667,10.26320288,8760,0,2900.25,4128.319301,454410.4428,273.5764255,4264.5,9667.599221,23987,57,24992,12496.0,16352.55142,24059,933,25515,8505.0,14265.66679,24977,150,0,0,72,92,117.2470395,156.329386,0,8760,1453.375,3113.952607,9696700.839,0,0,0,1,0,0,0,0,1,1661.0,8.666666667,2900.25,72,3,26,4,11601,8192,229,2,20,0.0,0.0,0,0,0.0,0.0,0,0,DDoS
53,257,2,2,72,454,36,36,36.0,0.0,227,227,227.0,0.0,2046692.607,15564.20233,85.66666667,146.6469684,255,1,1,1.0,0.0,1,1,1,1.0,0.0,1,1,0,0,64,64,7782.101167,7782.101167,36,227,112.4,104.6150085,10944.3,0,0,0,0,0,0,0,0,1,140.5,36.0,227.0,64,2,72,2,454,-1,-1,1,32,0.0,0.0,0,0,0.0,0.0,0,0,BENIGN
53,118590473,2,2,109,312,60,49,54.5,7.7781745931,179,133,156.0,32.5269119346,3.5500322189,0.0337295223,39530157.6666667,68415064.0866344,118529069,30403,118559472,118559472.0,0.0,118559472,118559472,118560070,118560070.0,0.0,118560070,118560070,0,0,52,52,0.0168647611,0.0168647611,49,179,94.0,59.0592922409,3488.0,0,0,0,0,0,0,0,0,1,117.5,54.5,156.0,52,2,109,2,312,-1,-1,1,20,30403.0,0.0,30403,30403,118529069.0,0.0,118529069,118529069,BENIGN
80,15402,2,2,12,0,6,6,6.0,0.0,0,0,0.0,0.0,779.1195949,259.7065316,5134.0,8412.704143,14844,33,558,558.0,0.0,558,558,15369,15369.0,0.0,15369,15369,0,0,40,64,129.8532658,129.8532658,0,6,3.6,3.286335345,10.8,1,0,0,0,0,0,0,0,1,4.5,6.0,0.0,40,2,12,2,0,0,235,1,20,0.0,0.0,0,0,0.0,0.0,0,0,DoS Hulk
53,137,2,2,70,166,35,35,35.0,0.0,83,83,83.0,0.0,1722627.737,29197.08029,45.66666667,73.90083446,131,3,3,3.0,0.0,3,3,3,3.0,0.0,3,3,0,0,40,40,14598.54015,14598.54015,35,83,54.2,26.29068276,691.2,0,0,0,0,0,0,0,0,1,67.75,35.0,83.0,40,2,70,2,166,-1,-1,1,20,0.0,0.0,0,0,0.0,0.0,0,0,BENIGN
80,99225834,7,6,325,11595,319,0,46.42857143,120.2135005,8688,0,1932.5,3384.303045,120.1300057,0.131014268,8268819.5,28600000.0,99200000,1,99200000,16500000.0,40500000.0,99200000,1,9600,1920.0,4024.475866,9118,46,0,0,220,200,0.070546144,0.060468124,0,8688,851.4285714,2314.297392,5355972.418,0,0,0,0,1,0,0,0,0,916.9230769,46.42857143,1932.5,220,7,325,6,11595,251,235,2,20,986.0,0.0,986,986,99200000.0,0.0,99200000,99200000,DoS Hulk
53,161,2,2,72,136,36,36,36.0,0.0,68,68,68.0,0.0,1291925.466,24844.7205,53.66666667,87.75724092,155,3,3,3.0,0.0,3,3,3,3.0,0.0,3,3,0,0,64,64,12422.36025,12422.36025,36,68,48.8,17.52712184,307.2,0,0,0,0,0,0,0,0,1,61.0,36.0,68.0,64,2,72,2,136,-1,-1,1,32,0.0,0.0,0,0,0.0,0.0,0,0,BENIGN
21,9909897,9,15,103,188,23,0,11.44444444,9.207484878,34,0,12.53333333,14.54975045,29.36458371,2.421821337,430865.087,1090299.287,3291354,1,6832561,854070.125,1508762.732,3334375,119,9909896,707849.7143,1341875.671,3291354,1,0,0,296,488,0.908183001,1.513638335,0,34,11.64,12.56609194,157.9066667,0,0,0,1,0,0,0,0,1,12.125,11.44444444,12.53333333,296,9,103,15,188,29200,227,6,32,0.0,0.0,0,0,0.0,0.0,0,0,FTP-Patator
80,3002770,3,0,0,0,0,0,0.0,0.0,0,0,0.0,0.0,0.0,0.999077518,1501385.0,710612.6166,2003864,998906,3002770,1501385.0,710612.6166,2003864,998906,0,0.0,0.0,0,0,0,0,120,0,0.999077518,0.0,0,0,0.0,0.0,0.0,0,0,0,1,0,0,0,0,0,0.0,0.0,0.0,120,3,0,0,0,29200,-1,0,40,0.0,0.0,0,0,0.0,0.0,0,0,DoS slowloris
5922,70,1,1,2,6,2,2,2.0,0.0,6,6,6.0,0.0,114285.7143,28571.42857,70.0,0.0,70,70,0,0.0,0.0,0,0,0,0.0,0.0,0,0,0,0,24,20,14285.71429,14285.71429,2,6,3.333333333,2.309401077,5.333333333,0,0,0,1,0,0,0,0,1,5.0,2.0,6.0,24,1,2,1,6,1024,0,0,24,0.0,0.0,0,0,0.0,0.0,0,0,PortScan
443,62165779,16,17,1168,5620,322,0,73.0,96.91645887,2820,0,330.5882353,695.6801581,109.1919077,0.530838679,1942680.594,10300000.0,58500000,2,62200000,4144385.267,15100000.0,58500000,34,62000000,3877307.75,14600000.0,58600000,45,0,0,332,352,0.257376329,0.27346235,0,2820,199.6470588,506.6943303,256739.1444,0,0,0,1,0,0,0,0,1,205.6969697,73.0,330.5882353,332,16,1168,17,5620,8192,132,8,20,3508389.0,0.0,3508389,3508389,58500000.0,0.0,58500000,58500000,BENIGN
80,5519602,3,1,0,0,0,0,0.0,0.0,0,0,0.0,0.0,0.0,0.724689932,1839867.333,3186008.459,5518753,126,5519602,2759801.0,3901747.336,5518753,849,0,0.0,0.0,0,0,0,0,104,40,0.543517449,0.181172483,0,0,0.0,0.0,0.0,0,0,0,1,0,0,0,0,0,0.0,0.0,0.0,104,3,0,1,0,29200,28960,0,32,0.0,0.0,0,0,0.0,0.0,0,0,Web Attack � XSS
53,262,2,2,84,276,42,42,42.0,0.0,138,138,138.0,0.0,1374045.802,15267.17557,87.33333333,66.39528096,164,49,49,49.0,0.0,49,49,49,49.0,0.0,49,49,0,0,40,40,7633.587786,7633.587786,42,138,80.4,52.58136552,2764.8,0,0,0,0,0,0,0,0,1,100.5,42.0,138.0,40,2,84,2,276,-1,-1,1,20,0.0,0.0,0,0,0.0,0.0,0,0,BENIGN
7884,2,3,0,43,0,31,6,14.33333333,14.43375673,0,0,0.0,0.0,21500000.0,1500000.0,1.0,0.0,1,1,2,1.0,0.0,1,1,0,0.0,0.0,0,0,0,0,60,0,1500000.0,0.0,6,31,12.25,12.5,156.25,0,0,0,0,1,0,0,0,0,16.33333333,14.33333333,0.0,60,3,43,0,0,946,-1,2,20,0.0,0.0,0,0,0.0,0.0,0,0,BENIGN
8080,81754,4,3,208,134,196,0,52.0,96.04165763,128,0,44.66666667,72.23111056,4183.281552,85.62272182,13625.66667,32478.91114,79921,52,81754,27251.33333,46634.26106,81099,52,80546,40273.0,56070.73932,79921,625,0,0,92,72,48.92726961,36.69545221,0,196,42.75,75.86407017,5755.357143,0,0,0,1,0,0,0,0,0,48.85714286,52.0,44.66666667,92,4,208,3,134,8192,237,3,20,0.0,0.0,0,0,0.0,0.0,0,0,Bot
123,36824,1,1,48,48,48,48,48.0,0.0,48,48,48.0,0.0,2606.995438,54.31240495,36824.0,0.0,36824,36824,0,0.0,0.0,0,0,0,0.0,0.0,0,0,0,0,32,32,27.15620248,27.15620248,48,48,48.0,0.0,0.0,0,0,0,0,0,0,0,0,1,72.0,48.0,48.0,32,1,48,1,48,-1,-1,0,32,0.0,0.0,0,0,0.0,0.0,0,0,BENIGN
2021,53,1,1,0,6,0,0,0.0,0.0,6,6,6.0,0.0,113207.5472,37735.84906,53.0,0.0,53,53,0,0.0,0.0,0,0,0,0.0,0.0,0,0,0,0,40,20,18867.92453,18867.92453,0,6,2.0,3.464101615,12.0,0,0,0,1,0,0,0,0,1,3.0,0.0,6.0,40,1,0,1,6,29200,0,0,40,0.0,0.0,0,0,0.0,0.0,0,0,PortScan
53,135344,1,1,46,357,46,46,46.0,0.0,357,357,357.0,0.0,2977.597825,14.77716042,135344.0,0.0,135344,135344,0,0.0,0.0,0,0,0,0.0,0.0,0,0,0,0,32,40,7.38858021,7.38858021,46,357,149.6666667,179.5559337,32240.33333,0,0,0,0,0,0,0,0,1,224.5,46.0,357.0,32,1,46,1,357,-1,-1,0,32,0.0,0.0,0,0,0.0,0.0,0,0,BENIGN
443,60993031,16,15,737,5686,415,0,46.0625,112.6229513,1460,0,379.0666667,554.6013326,105.3071129,0.508254787,2033101.033,4027795.617,10000000,27,61000000,4066202.067,5011302.657,10100000,18510,60900000,4353010.786,5078369.097,10100000,48,0,0,344,372,0.262325052,0.245929736,0,1460,200.71875,417.2305184,174081.3054,0,0,0,1,0,0,0,0,0,207.1935484,46.0625,379.0666667,344,16,737,15,5686,8192,114,9,20,205779.3333,379975.4787,981401,50496,9951660.0,130984.1937,10000000,9684747,BENIGN
443,115696749,21,17,785,6049,342,0,37.38095238,84.00385479,2920,0,355.8235294,784.13011,59.06821116,0.328444838,3126939.162,4618594.575,10000000,4,116000000,5784837.45,4939677.477,10000000,4,110000000,6889365.688,4788208.151,10000000,191,0,0,432,484,0.18150899,0.146935849,0,2920,175.2307692,537.1240894,288502.2874,0,0,0,1,0,0,0,0,0,179.8421053,37.38095238,355.8235294,432,21,785,17,6049,8192,62,20,20,20491.5,18582.22989,79496,14997,9620903.917,1312963.188,10000000,5451686,BENIGN
80,908162,3,5,26,11607,20,0,8.666666667,10.26320288,7215,0,2321.4,3327.769794,12809.38863,8.809001037,129737.4286,342905.5281,907374,4,545,272.5,314.6625176,495,50,908111,227027.75,453564.2305,907374,4,0,0,72,112,3.303375389,5.505625648,0,7215,1292.555556,2650.585648,7025604.278,0,0,0,1,0,0,0,0,1,1454.125,8.666666667,2321.4,72,3,26,5,11607,8192,229,2,20,0.0,0.0,0,0,0.0,0.0,0,0,DDoS
443,110014093,14,16,1252,1928,590,6,89.42857143,212.0717274,722,0,120.5,247.8854574,28.9053876,0.272692336,3793589.414,4918198.373,10000000,4,110000000,8460849.077,3743482.024,10000000,25702,110000000,7332727.2,4576121.302,10000000,4,0,0,280,440,0.127256423,0.145435912,0,722,102.7741935,225.3339314,50775.38065,0,0,0,0,1,0,0,0,1,106.2,89.42857143,120.5,280,14,1252,16,1928,252,308,13,20,23800.72727,1585.188701,27961,23027,9975384.545,57873.29077,10000000,9851900,BENIGN
1501,77,1,1,0,6,0,0,0.0,0.0,6,6,6.0,0.0,77922.07792,25974.02597,77.0,0.0,77,77,0,0.0,0.0,0,0,0,0.0,0.0,0,0,0,0,40,20,12987.01299,12987.01299,0,6,2.0,3.464101615,12.0,0,0,0,1,0,0,0,0,1,3.0,0.0,6.0,40,1,0,1,6,29200,0,0,40,0.0,0.0,0,0,0.0,0.0,0,0,PortScan
80,15460,3,2,18,0,6,6,6.0,0.0,0,0,0.0,0.0,1164.294955,323.4152652,3865.0,7090.73259,14487,4,973,486.5,682.3580438,969,4,15326,15326.0,0.0,15326,15326,0,0,60,64,194.0491591,129.3661061,0,6,4.0,3.098386677,9.6,1,0,0,0,0,0,0,0,0,4.8,6.0,0.0,60,3,18,2,0,0,235,2,20,0.0,0.0,0,0,0.0,0.0,0,0,DoS Hulk
80,420890,3,5,26,11607,20,0,8.666666667,10.26320288,10135,0,2321.4,4413.201989,27639.05058,19.00734159,60127.14286,158631.8219,419870,5,776,388.0,374.766594,653,123,420844,105211.0,209772.9216,419870,5,0,0,72,112,7.127753095,11.87958849,0,10135,1292.555556,3350.634907,11200000.0,0,0,0,1,0,0,0,0,1,1454.125,8.666666667,2321.4,72,3,26,5,11607,8192,229,2,20,0.0,0.0,0,0,0.0,0.0,0,0,DDoS
80,30666110,7,7,310,1000,307,0,44.28571429,115.84719,1000,0,142.8571429,377.964473,42.71816673,0.456530026,2358931.538,4344118.351,10000000,128,30500000,5090205.333,5391726.502,10100000,50386,30600000,5102642.0,5422493.635,10100000,2237,0,0,152,188,0.228265013,0.228265013,0,1000,87.33333333,264.5542522,69988.95238,0,0,0,1,0,0,0,0,1,93.57142857,44.28571429,142.8571429,152,7,310,7,1000,8192,110,4,20,202818.0,263849.382,507485,50381,9977592.667,40834.66981,10000000,9930441,BENIGN
1058,51,1,1,2,6,2,2,2.0,0.0,6,6,6.0,0.0,156862.7451,39215.68627,51.0,0.0,51,51,0,0.0,0.0,0,0,0,0.0,0.0,0,0,0,0,24,20,19607.84314,19607.84314,2,6,3.333333333,2.309401077,5.333333333,0,0,0,1,0,0,0,0,1,5.0,2.0,6.0,24,1,2,1,6,1024,0,0,24,0.0,0.0,0,0,0.0,0.0,0,0,BENIGN
443,1598515,15,16,1346,8509,732,0,89.73333333,188.5749062,1430,0,531.8125,607.085191,6165.096981,19.39299913,53283.83333,207707.1142,1131949,1,1598515,114179.6429,300185.4373,1132367,3,1530198,102013.2,290649.7934,1131986,1,0,0,324,332,9.383709255,10.00928987,0,1430,307.96875,496.3438899,246357.2571,0,0,0,1,0,0,0,0,1,317.9032258,89.73333333,531.8125,324,15,1346,16,8509,8192,363,13,20,0.0,0.0,0,0,0.0,0.0,0,0,BENIGN
21,8932969,9,15,103,188,21,0,11.44444444,9.02927338,34,0,12.53333333,14.54975045,32.57595543,2.686676736,388389.9565,989349.292,3071994,2,5818020,727252.5,1298891.568,2955007,3,8932862,638061.5714,1218574.337,3071994,2,0,0,296,488,1.007503776,1.67917296,0,34,11.64,12.52291233,156.8233333,0,0,0,1,0,0,0,0,1,12.125,11.44444444,12.53333333,296,9,103,15,188,29200,227,6,32,0.0,0.0,0,0,0.0,0.0,0,0,FTP-Patator
1124,37,1,1,2,6,2,2,2.0,0.0,6,6,6.0,0.0,216216.2162,54054.05405,37.0,0.0,37,37,0,0.0,0.0,0,0,0,0.0,0.0,0,0,0,0,24,20,27027.02703,27027.02703,2,6,3.333333333,2.309401077,5.333333333,0,0,0,1,0,0,0,0,1,5.0,2.0,6.0,24,1,2,1,6,1024,0,0,24,0.0,0.0,0,0,0.0,0.0,0,0,PortScan
21,9103217,9,15,107,188,26,0,11.88888889,9.726824308,34,0,12.53333333,14.54975045,32.40612632,2.636430616,395792.0435,1047087.305,3466368,3,5769899,721237.375,1375382.722,3510569,3,9103095,650221.0714,1295101.149,3466368,3,0,0,296,488,0.988661481,1.647769135,0,34,11.8,12.69514343,161.1666667,0,0,0,1,0,0,0,0,1,12.29166667,11.88888889,12.53333333,296,9,107,15,188,29200,227,6,32,0.0,0.0,0,0,0.0,0.0,0,0,FTP-Patator
53997,210,3,0,18,0,6,6,6.0,0.0,0,0,0.0,0.0,85714.28571,14285.71429,105.0,144.2497834,207,3,210,105.0,144.2497834,207,3,0,0.0,0.0,0,0,0,0,60,0,14285.71429,0.0,6,6,6.0,0.0,0.0,0,0,0,0,1,0,0,0,0,8.0,6.0,0.0,60,3,18,0,0,32,-1,2,20,0.0,0.0,0,0,0.0,0.0,0,0,BENIGN
41955,57,1,1,0,0,0,0,0.0,0.0,0,0,0.0,0.0,0.0,35087.7192982456,57.0,0.0,57,57,0,0.0,0.0,0,0,0,0.0,0.0,0,0,0,0,32,32,17543.8596491228,17543.8596491228,0,0,0.0,0.0,0.0,0,0,0,0,1,1,0,0,1,0.0,0.0,0.0,32,1,0,1,0,382,580,0,32,0.0,0.0,0,0,0.0,0.0,0,0,BENIGN
783,11,1,1,2,6,2,2,2.0,0.0,6,6,6.0,0.0,727272.7273,181818.1818,11.0,0.0,11,11,0,0.0,0.0,0,0,0,0.0,0.0,0,0,0,0,24,20,90909.09091,90909.09091,2,6,3.333333333,2.309401077,5.333333333,0,0,0,1,0,0,0,0,1,5.0,2.0,6.0,24,1,2,1,6,1024,0,0,24,0.0,0.0,0,0,0.0,0.0,0,0,PortScan
80,147573,3,6,357,11595,357,0,119.0,206.1140461,4344,0,1932.5,1754.831473,80990.42508,60.98676587,18446.625,47759.92349,136269,9,11005,5502.5,7768.982205,10996,9,147532,29506.4,59869.27002,136269,14,0,0,104,200,20.32892196,40.65784391,0,4344,1195.2,1620.936752,2627435.956,0,0,0,1,0,0,0,0,2,1328.0,119.0,1932.5,104,3,357,6,11595,29200,235,1,32,0.0,0.0,0,0,0.0,0.0,0,0,DoS Hulk
53281,49,1,1,6,6,6,6,6.0,0.0,6,6,6.0,0.0,244897.959183673,40816.3265306122,49.0,0.0,49,49,0,0.0,0.0,0,0,0,0.0,0.0,0,0,0,0,20,20,20408.1632653061,20408.1632653061,6,6,6.0,0.0,0.0,0,0,0,0,1,1,0,0,1,9.0,6.0,6.0,20,1,6,1,6,60,255,0,20,0.0,0.0,0,0,0.0,0.0,0,0,BENIGN
50693,87791,2,3,0,18,0,0,0.0,0.0,6,6,6.0,0.0,205.0324065109,56.953446253,21947.75,43852.8414235231,87727,2,87732,87732.0,0.0,87732,87732,87788,43894.0,62072.6616796799,87786,2,0,0,76,60,22.7813785012,34.1720677518,0,6,3.0,3.286335345,10.8,0,0,0,0,1,0,0,0,1,3.6,0.0,6.0,76,2,0,3,18,117,0,0,32,0.0,0.0,0,0,0.0,0.0,0,0,BENIGN
80,245209,1,1,6,6,6,6,6.0,0.0,6,6,6.0,0.0,48.93784486,8.156307476,245209.0,0.0,245209,245209,0,0.0,0.0,0,0,0,0.0,0.0,0,0,0,0,20,20,4.078153738,4.078153738,6,6,6.0,0.0,0.0,0,0,0,0,1,1,0,0,1,9.0,6.0,6.0,20,1,6,1,6,799,511,0,20,0.0,0.0,0,0,0.0,0.0,0,0,BENIGN
80,1211964,3,6,26,11607,20,0,8.666666667,10.26320288,4380,0,1934.5,2177.344966,9598.469922,7.425963147,151495.5,428014.839,1210778,9,847,423.5,532.4514062,800,47,1211914,242382.8,541349.479,1210778,9,0,0,72,132,2.475321049,4.950642098,0,4380,1163.3,1903.962654,3625073.789,0,0,0,1,0,0,0,0,2,1292.555556,8.666666667,1934.5,72,3,26,6,11607,8192,229,2,20,0.0,0.0,0,0,0.0,0.0,0,0,DDoS
80,1982029,5,0,30,0,6,6,6.0,0.0,0,0,0.0,0.0,15.13600457,2.522667428,495507.25,990341.9469,1981020,1,1982029,495507.25,990341.9469,1981020,1,0,0.0,0.0,0,0,0,0,100,0,2.522667428,0.0,6,6,6.0,0.0,0.0,0,0,0,0,1,0,0,0,0,7.2,6.0,0.0,100,5,30,0,0,256,-1,4,20,0.0,0.0,0,0,0.0,0.0,0,0,DDoS
80,1319911,3,5,26,11607,20,0,8.666666667,10.26320288,5840,0,2321.4,3173.373883,8813.47303,6.06101472,188558.7143,498377.2766,1318772,7,852,426.0,543.058008,810,42,1319836,329959.0,659208.7698,1318772,7,0,0,72,112,2.27288052,3.7881342,0,5840,1292.555556,2554.159212,6523729.278,0,0,0,1,0,0,0,0,1,1454.125,8.666666667,2321.4,72,3,26,5,11607,8192,229,2,20,0.0,0.0,0,0,0.0,0.0,0,0,DDoS
1010,68,1,1,2,6,2,2,2.0,0.0,6,6,6.0,0.0,117647.0588,29411.76471,68.0,0.0,68,68,0,0.0,0.0,0,0,0,0.0,0.0,0,0,0,0,24,20,14705.88235,14705.88235,2,6,3.333333333,2.309401077,5.333333333,0,0,0,1,0,0,0,0,1,5.0,2.0,6.0,24,1,2,1,6,1024,0,0,24,0.0,0.0,0,0,0.0,0.0,0,0,PortScan
53,185,2,2,168,392,84,84,84.0,0.0,196,196,196.0,0.0,3027027.02702703,21621.6216216216,61.6666666667,100.74886269,178,3,4,4.0,0.0,4,4,3,3.0,0.0,3,3,0,0,40,40,10810.8108108108,10810.8108108108,84,196,128.8,61.3449264406,3763.2,0,0,0,0,0,0,0,0,1,161.0,84.0,196.0,40,2,168,2,392,-1,-1,1,20,0.0,0.0,0,0,0.0,0.0,0,0,BENIGN
80,86095143,9,7,369,11595,369,0,41.0,123.0,2896,0,1656.428571,1546.021545,138.9625429,0.185840913,5739676.2,22200000.0,85900000,1,86000000,10700000.0,30400000.0,85900000,1,153740,25623.33333,55951.10234,139268,29,0,0,296,232,0.104535514,0.0813054,0,2896,703.7647059,1256.575332,1578981.566,0,0,0,0,1,0,0,0,0,747.75,41.0,1656.428571,296,9,369,7,11595,251,235,1,32,521.0,0.0,521,521,85900000.0,0.0,85900000,85900000,DoS Hulk
80,31192657,5,4,30,0,6,6,6.0,0.0,0,0,0.0,0.0,0.961764815,0.288529445,3899082.125,5066961.709,10000000,15178,31200000,7798164.25,4436315.678,10000000,1143691,30000000,10000000.0,1487.409269,10000000,10000000,0,0,100,128,0.160294136,0.128235309,0,6,3.6,3.098386677,9.6,0,0,0,0,1,0,0,0,0,4.0,6.0,0.0,100,5,30,4,0,251,96,4,20,15204.33333,38.88873016,15249,15178,10000000.0,1509.779233,10000000,9999501,BENIGN
52490,4,2,0,0,0,0,0,0.0,0.0,0,0,0.0,0.0,0.0,500000.0,4.0,0.0,4,4,4,4.0,0.0,4,4,0,0.0,0.0,0,0,0,0,64,0,500000.0,0.0,0,0,0.0,0.0,0.0,0,0,0,0,1,0,0,0,0,0.0,0.0,0.0,64,2,0,0,0,905,-1,0,32,0.0,0.0,0,0,0.0,0.0,0,0,BENIGN
80,5182616,3,1,0,0,0,0,0.0,0.0,0,0,0.0,0.0,0.0,0.771810993,1727538.667,2991389.746,5181698,163,5182616,2591308.0,3663364.67,5181698,918,0,0.0,0.0,0,0,0,0,104,40,0.578858245,0.192952748,0,0,0.0,0.0,0.0,0,0,0,1,0,0,0,0,0,0.0,0.0,0.0,104,3,0,1,0,29200,28960,0,32,0.0,0.0,0,0,0.0,0.0,0,0,Web Attack � XSS
80,84854183,8,5,730,11595,362,0,91.25,167.1233505,5792,0,2319.0,3170.403917,145.2491741,0.153203997,7071181.917,24400000.0,84500000,0,84700000,12100000.0,31900000.0,84500000,0,358497,89624.25,109374.3812,222975,86,0,0,252,168,0.094279383,0.058924614,0,5792,880.3571429,2084.860652,4346643.94,0,0,0,0,1,0,0,0,0,948.0769231,91.25,2319.0,252,8,730,5,11595,251,235,3,20,4.0,0.0,4,4,84500000.0,0.0,84500000,84500000,DoS Hulk
47408,4,1,2,0,0,0,0,0.0,0.0,0,0,0.0,0.0,0.0,750000.0,2.0,1.414213562,3,1,0,0.0,0.0,0,0,3,3.0,0.0,3,3,0,0,32,64,250000.0,500000.0,0,0,0.0,0.0,0.0,0,0,0,0,1,0,0,0,2,0.0,0.0,0.0,32,1,0,2,0,235,274,0,32,0.0,0.0,0,0,0.0,0.0,0,0,BENIGN
53,169,2,2,104,264,52,52,52.0,0.0,132,132,132.0,0.0,2177514.79289941,23668.6390532544,56.3333333333,91.511383627,162,3,3,3.0,0.0,3,3,4,4.0,0.0,4,4,0,0,64,64,11834.3195266272,11834.3195266272,52,132,84.0,43.8178046004,1920.0,0,0,0,0,0,0,0,0,1,105.0,52.0,132.0,64,2,104,2,264,-1,-1,1,32,0.0,0.0,0,0,0.0,0.0,0,0,BENIGN
443,5089586,7,4,635,168,517,0,90.71428571,190.7072051,168,0,42.0,84.0,157.773147,2.161275986,508958.6,1556625.784,4938579,4,5089586,848264.3333,2041508.432,5015316,4,114515,38171.66667,38688.099,77360,4,0,0,232,136,1.375357446,0.78591854,0,517,66.91666667,150.8487854,22755.35606,0,0,0,1,0,0,0,0,0,73.0,90.71428571,42.0,232,7,635,4,168,29200,340,3,32,0.0,0.0,0,0,0.0,0.0,0,0,BENIGN
22,11055161,21,32,2008,2745,640,0,95.61904762,140.0451628,976,0,85.78125,220.240592,429.9349417,4.794140945,212599.25,573213.4424,2112388,3,9002796,450139.8,796264.3227,2171173,317,11100000,356613.6129,711051.5089,2112388,3,0,0,680,1032,1.89956528,2.894575665,0,976,88.01851852,189.5902723,35944.47135,0,0,0,1,0,0,0,0,1,89.67924528,95.61904762,85.78125,680,21,2008,32,2745,29200,247,16,32,0.0,0.0,0,0,0.0,0.0,0,0,SSH-Patator
443,4031063,5,1,129,41,45,6,25.8,18.78030884,41,41,41.0,0.0,42.17249892,1.488441138,806212.6,1794040.892,4015469,49,4031063,1007765.75,2005148.3,4015469,49,0,0.0,0.0,0,0,1,0,100,20,1.240367615,0.248073523,6,45,30.14285714,17.03358028,290.1428571,0,1,0,0,1,0,0,0,0,35.16666667,25.8,41.0,100,5,129,1,41,329,32,4,20,0.0,0.0,0,0,0.0,0.0,0,0,BENIGN
443,5206966,5,1,135,46,46,6,27.0,20.1246118,46,46,46.0,0.0,34.76112577,1.152302512,1041393.2,2257447.893,5079446,3,5206966,1301741.5,2518765.789,5079446,3,0,0.0,0.0,0,0,1,0,100,20,0.960252093,0.192050419,6,46,32.42857143,18.86670032,355.952381,0,1,0,0,1,0,0,0,0,37.83333333,27.0,46.0,100,5,135,1,46,261,127,4,20,93466.0,0.0,93466,93466,5079446.0,0.0,5079446,5079446,BENIGN
10200,93,1,1,6,6,6,6,6.0,0.0,6,6,6.0,0.0,129032.2581,21505.37634,93.0,0.0,93,93,0,0.0,0.0,0,0,0,0.0,0.0,0,0,0,0,20,20,10752.68817,10752.68817,6,6,6.0,0.0,0.0,0,0,0,0,1,1,0,0,1,9.0,6.0,6.0,20,1,6,1,6,335,258,0,20,0.0,0.0,0,0,0.0,0.0,0,0,BENIGN
53,62078,4,2,148,262,37,37,37.0,0.0,131,131,131.0,0.0,6604.59422,96.65259834,12415.6,16977.66593,31380,3,30694,10231.33333,17677.03619,30643,3,4,4.0,0.0,4,4,0,0,80,40,64.43506556,32.21753278,37,131,63.85714286,45.86730343,2103.809524,0,0,0,0,0,0,0,0,0,74.5,37.0,131.0,80,4,148,2,262,-1,-1,3,20,0.0,0.0,0,0,0.0,0.0,0,0,BENIGN
53,30865,1,1,93,141,93,93,93.0,0.0,141,141,141.0,0.0,7581.402883525,64.7983152438,30865.0,0.0,30865,30865,0,0.0,0.0,0,0,0,0.0,0.0,0,0,0,0,32,32,32.3991576219,32.3991576219,93,141,109.0,27.7128129211,768.0,0,0,0,0,0,0,0,0,1,163.5,93.0,141.0,32,1,93,1,141,-1,-1,0,32,0.0,0.0,0,0,0.0,0.0,0,0,BENIGN
80,82267229,9,4,62,11607,20,0,6.888888889,5.30199124,11595,0,2901.75,5795.50069,141.8426285,0.15802161,6855602.417,20300000.0,70700000,1,80800000,10100000.0,24700000.0,70700000,1,1480527,493509.0,853963.5307,1479581,4,0,0,192,92,0.109399576,0.048622034,0,11595,833.9285714,3097.25274,9592974.533,0,0,0,0,1,0,0,0,0,898.0769231,6.888888889,2901.75,192,9,62,4,11607,256,229,7,20,1980.0,0.0,1980,1980,40400000.0,42800000.0,70700000,10100000,DDoS
53,60591,1,1,51,112,51,51,51.0,0.0,112,112,112.0,0.0,2690.168506874,33.0082025383,60591.0,0.0,60591,60591,0,0.0,0.0,0,0,0,0.0,0.0,0,0,0,0,20,20,16.5041012692,16.5041012692,51,112,71.3333333333,35.2183664206,1240.3333333333,0,0,0,0,0,0,0,0,1,107.0,51.0,112.0,20,1,51,1,112,-1,-1,0,20,0.0,0.0,0,0,0.0,0.0,0,0,BENIGN
80,3068,2,0,0,0,0,0,0.0,0.0,0,0,0.0,0.0,0.0,651.8904824,3068.0,0.0,3068,3068,3068,3068.0,0.0,3068,3068,0,0.0,0.0,0,0,0,0,64,0,651.8904824,0.0,0,0,0.0,0.0,0.0,0,0,0,0,1,0,0,0,0,0.0,0.0,0.0,64,2,0,0,0,242,-1,0,32,0.0,0.0,0,0,0.0,0.0,0,0,BENIGN
80,100021237,8,5,56,11607,20,0,7.0,5.656854249,5840,0,2321.4,3173.373883,116.6052365,0.129972398,8335103.083,28100000.0,97400000,3,100000000,14300000.0,36700000.0,97400000,151,1139,284.75,386.2049326,842,3,0,0,172,112,0.079983014,0.049989384,0,5840,833.5,2103.115592,4423095.192,0,0,0,0,1,0,0,0,0,897.6153846,7.0,2321.4,172,8,56,5,11607,256,229,6,20,2576733.0,0.0,2576733,2576733,97400000.0,0.0,97400000,97400000,DDoS
22,12557138,21,31,2008,2745,640,0,95.61904762,140.0451628,976,0,88.5483871,223.315,378.5098165,4.141070999,246218.3922,663250.0638,2716212,3,9798594,489929.7,859279.489,2358618,234,12600000,418566.3667,827172.0492,2716212,3,0,0,680,1000,1.672355596,2.468715403,0,976,89.67924528,191.0076291,36483.91437,0,0,0,1,0,0,0,0,1,91.40384615,95.61904762,88.5483871,680,21,2008,31,2745,29200,247,16,32,0.0,0.0,0,0,0.0,0.0,0,0,SSH-Patator
32768,81,1,1,2,6,2,2,2.0,0.0,6,6,6.0,0.0,98765.4321,24691.35802,81.0,0.0,81,81,0,0.0,0.0,0,0,0,0.0,0.0,0,0,0,0,24,20,12345.67901,12345.67901,2,6,3.333333333,2.309401077,5.333333333,0,0,0,1,0,0,0,0,1,5.0,2.0,6.0,24,1,2,1,6,1024,0,0,24,0.0,0.0,0,0,0.0,0.0,0,0,PortScan
53,34539,1,1,51,79,51,51,51.0,0.0,79,79,79.0,0.0,3763.861142,57.90555604,34539.0,0.0,34539,34539,0,0.0,0.0,0,0,0,0.0,0.0,0,0,0,0,20,32,28.95277802,28.95277802,51,79,60.33333333,16.16580754,261.3333333,0,0,0,0,0,0,0,0,1,90.5,51.0,79.0,20,1,51,1,79,-1,-1,0,20,0.0,0.0,0,0,0.0,0.0,0,0,BENIGN
32775,76,1,1,0,6,0,0,0.0,0.0,6,6,6.0,0.0,78947.36842,26315.78947,76.0,0.0,76,76,0,0.0,0.0,0,0,0,0.0,0.0,0,0,0,0,40,20,13157.89474,13157.89474,0,6,2.0,3.464101615,12.0,0,0,0,1,0,0,0,0,1,3.0,0.0,6.0,40,1,0,1,6,29200,0,0,40,0.0,0.0,0,0,0.0,0.0,0,0,PortScan
53,31037,2,2,88,472,44,44,44.0,0.0,236,236,236.0,0.0,18042.9809582112,128.8784354158,10345.6666666667,17914.0241524157,31031,3,3,3.0,0.0,3,3,3,3.0,0.0,3,3,0,0,64,64,64.4392177079,64.4392177079,44,236,120.8,105.162731041,11059.2,0,0,0,0,0,0,0,0,1,151.0,44.0,236.0,64,2,88,2,472,-1,-1,1,32,0.0,0.0,0,0,0.0,0.0,0,0,BENIGN
80,9359793,4,0,24,0,6,6,6.0,0.0,0,0,0.0,0.0,2.564159271,0.427359879,3119931.0,5403875.544,9359789,1,9359793,3119931.0,5403875.544,9359789,1,0,0.0,0.0,0,0,0,0,80,0,0.427359879,0.0,6,6,6.0,0.0,0.0,0,0,0,0,1,0,0,0,0,7.5,6.0,0.0,80,4,24,0,0,256,-1,3,20,4.0,0.0,4,4,9359789.0,0.0,9359789,9359789,DDoS
443,5458090,9,7,378,5046,191,0,42.0,68.57659951,1460,0,720.8571429,684.2047521,993.7542254,2.931428393,363872.6667,1324266.229,5149189,1,5458090,682261.25,1805589.648,5149189,4,183124,30520.66667,46194.36465,94054,81,0,0,192,152,1.648928471,1.282499922,0,1460,319.0588235,545.961591,298074.0588,0,0,0,1,0,0,0,0,0,339.0,42.0,720.8571429,192,9,378,7,5046,8192,110,8,20,308897.0,0.0,308897,308897,5149189.0,0.0,5149189,5149189,BENIGN
53,60951,2,2,54,118,27,27,27.0,0.0,59,59,59.0,0.0,2821.938935,65.62648685,20317.0,35145.91616,60900,3,3,3.0,0.0,3,3,48,48.0,0.0,48,48,0,0,80,40,32.81324343,32.81324343,27,59,39.8,17.52712184,307.2,0,0,0,0,0,0,0,0,1,49.75,27.0,59.0,80,2,54,2,118,-1,-1,1,40,0.0,0.0,0,0,0.0,0.0,0,0,BENIGN
53,216,2,2,64,258,32,32,32.0,0.0,129,129,129.0,0.0,1490740.741,18518.51852,72.0,122.9756073,214,1,1,1.0,0.0,1,1,1,1.0,0.0,1,1,0,0,64,64,9259.259259,9259.259259,32,129,70.8,53.12908808,2822.7,0,0,0,0,0,0,0,0,1,88.5,32.0,129.0,64,2,64,2,258,-1,-1,1,32,0.0,0.0,0,0,0.0,0.0,0,0,BENIGN
53,82009,1,1,52,180,52,52,52.0,0.0,180,180,180.0,0.0,2828.957797,24.38756722,82009.0,0.0,82009,82009,0,0.0,0.0,0,0,0,0.0,0.0,0,0,0,0,20,20,12.19378361,12.19378361,52,180,94.66666667,73.90083446,5461.333333,0,0,0,0,0,0,0,0,1,142.0,52.0,180.0,20,1,52,1,180,-1,-1,0,20,0.0,0.0,0,0,0.0,0.0,0,0,BENIGN
61104,3,2,0,0,0,0,0,0.0,0.0,0,0,0.0,0.0,0.0,666666.666666667,3.0,0.0,3,3,3,3.0,0.0,3,3,0,0.0,0.0,0,0,0,0,64,0,666666.666666667,0.0,0,0,0.0,0.0,0.0,0,0,0,0,1,0,0,0,0,0.0,0.0,0.0,64,2,0,0,0,357,-1,0,32,0.0,0.0,0,0,0.0,0.0,0,0,BENIGN
10626,33,1,1,2,6,2,2,2.0,0.0,6,6,6.0,0.0,242424.2424,60606.06061,33.0,0.0,33,33,0,0.0,0.0,0,0,0,0.0,0.0,0,0,0,0,24,20,30303.0303,30303.0303,2,6,3.333333333,2.309401077,5.333333333,0,0,0,1,0,0,0,0,1,5.0,2.0,6.0,24,1,2,1,6,1024,0,0,24,0.0,0.0,0,0,0.0,0.0,0,0,PortScan
80,15769,2,2,12,0,6,6,6.0,0.0,0,0,0.0,0.0,760.9867461,253.6622487,5256.333333,8593.76171,15174,10,595,595.0,0.0,595,595,15759,15759.0,0.0,15759,15759,0,0,40,64,126.8311244,126.8311244,0,6,3.6,3.286335345,10.8,1,0,0,0,0,0,0,0,1,4.5,6.0,0.0,40,2,12,2,0,0,235,1,20,0.0,0.0,0,0,0.0,0.0,0,0,DoS Hulk
443,5761195,10,7,351,4816,194,0,35.1,68.43723808,1448,0,688.0,659.1722082,896.8625433,2.950776705,360074.6875,1409433.132,5645224,6,5761195,640132.7778,1876968.411,5645224,42,92887,15481.16667,26665.90247,65968,49,0,0,328,232,1.735751003,1.215025702,0,1448,287.0555556,514.0217977,264218.4085,0,0,0,1,0,0,0,0,0,303.9411765,35.1,688.0,328,10,351,7,4816,29200,939,3,32,115929.0,0.0,115929,115929,5645224.0,0.0,5645224,5645224,BENIGN
687,83,1,1,2,6,2,2,2.0,0.0,6,6,6.0,0.0,96385.54217,24096.38554,83.0,0.0,83,83,0,0.0,0.0,0,0,0,0.0,0.0,0,0,0,0,24,20,12048.19277,12048.19277,2,6,3.333333333,2.309401077,5.333333333,0,0,0,1,0,0,0,0,1,5.0,2.0,6.0,24,1,2,1,6,1024,0,0,24,0.0,0.0,0,0,0.0,0.0,0,0,PortScan
53,197,2,2,54,86,27,27,27.0,0.0,43,43,43.0,0.0,710659.8985,20304.56853,65.66666667,30.59956427,101,48,48,48.0,0.0,48,48,48,48.0,0.0,48,48,0,0,40,60,10152.28426,10152.28426,27,43,33.4,8.76356092,76.8,0,0,0,0,0,0,0,0,1,41.75,27.0,43.0,40,2,54,2,86,-1,-1,1,20,0.0,0.0,0,0,0.0,0.0,0,0,BENIGN
80,99842981,15,14,3030,535,1448,0,202.0,507.0435315,529,0,38.21428571,141.2668934,35.70606531,0.290456071,3565820.75,4853664.816,10000000,1,90400000,6459432.857,4988747.884,10000000,1,99800000,7678440.615,4376184.527,10000000,213,0,0,488,444,0.150235899,0.140220172,0,1448,118.8333333,374.515787,140262.0747,0,0,0,1,0,0,0,0,0,122.9310345,202.0,38.21428571,488,15,3030,14,535,29200,7410,3,32,25775.2,8199.256725,49104,22854,9958522.9,200592.8528,10000000,9388067,BENIGN
53,125359,1,1,43,113,43,43,43.0,0.0,113,113,113.0,0.0,1244.426009,15.9541796,125359.0,0.0,125359,125359,0,0.0,0.0,0,0,0,0.0,0.0,0,0,0,0,32,32,7.977089798,7.977089798,43,113,66.33333333,40.41451884,1633.333333,0,0,0,0,0,0,0,0,1,99.5,43.0,113.0,32,1,43,1,113,-1,-1,0,32,0.0,0.0,0,0,0.0,0.0,0,0,BENIGN
1036,82,1,1,0,6,0,0,0.0,0.0,6,6,6.0,0.0,73170.73171,24390.2439,82.0,0.0,82,82,0,0.0,0.0,0,0,0,0.0,0.0,0,0,0,0,40,20,12195.12195,12195.12195,0,6,2.0,3.464101615,12.0,0,0,0,1,0,0,0,0,1,3.0,0.0,6.0,40,1,0,1,6,29200,0,0,40,0.0,0.0,0,0,0.0,0.0,0,0,PortScan
53,31310,2,2,74,204,37,37,37.0,0.0,102,102,102.0,0.0,8878.952411,127.754711,10436.66667,18035.28368,31262,0,0,0.0,0.0,0,0,48,48.0,0.0,48,48,0,0,64,80,63.87735548,63.87735548,37,102,63.0,35.60196624,1267.5,0,0,0,0,0,0,0,0,1,78.75,37.0,102.0,64,2,74,2,204,-1,-1,1,32,0.0,0.0,0,0,0.0,0.0,0,0,BENIGN
80,75345090,9,8,54,0,6,6,6.0,0.0,0,0,0.0,0.0,0.7167023093,0.2256285048,4709068.125,4967806.27128776,9993942,36662,75345090,9418136.25,1728273.61601097,10030613,5140886,70204254,10029179.1428571,3740.8116066159,10030834,10020703,0,0,180,256,0.1194503849,0.1061781199,0,6,3.3333333333,3.0678599554,9.4117647059,0,0,0,0,1,0,0,0,0,3.5294117647,6.0,0.0,180,9,54,8,0,16302,464,8,20,36831.1428571429,128.3594283921,36998,36662,9992340.85714286,3707.4023893007,9993942,9983937,BENIGN
80,23129437,5,0,30,0,6,6,6.0,0.0,0,0,0.0,0.0,1.297048432,0.216174739,5782359.25,11600000.0,23100000,4,23100000,5782359.25,11600000.0,23100000,4,0,0.0,0.0,0,0,0,0,100,0,0.216174739,0.0,6,6,6.0,0.0,0.0,0,0,0,0,1,0,0,0,0,7.2,6.0,0.0,100,5,30,0,0,256,-1,4,20,1143.0,0.0,1143,1143,23100000.0,0.0,23100000,23100000,DDoS
4126,49,2,0,4,0,2,2,2.0,0.0,0,0,0.0,0.0,81632.65306,40816.32653,49.0,0.0,49,49,49,49.0,0.0,49,49,0,0.0,0.0,0,0,0,0,48,0,40816.32653,0.0,2,2,2.0,0.0,0.0,0,0,0,1,0,0,0,0,0,3.0,2.0,0.0,48,2,4,0,0,1024,-1,1,24,0.0,0.0,0,0,0.0,0.0,0,0,BENIGN
80,146678,3,4,1899,1906,1893,0,633.0,1091.196133,1460,0,476.5,687.271659,25941.17727,47.723585,24446.33333,32647.57794,85184,56,113615,56807.5,40130.43115,85184,28431,118303,39434.33333,64767.49591,114190,180,0,0,72,88,20.452965,27.27062,0,1893,475.625,765.2233918,585566.8393,0,0,0,1,0,0,0,0,1,543.5714286,633.0,476.5,72,3,1899,4,1906,8192,64240,2,20,0.0,0.0,0,0,0.0,0.0,0,0,BENIGN
53,24331,2,2,66,316,33,33,33.0,0.0,158,158,158.0,0.0,15700.13563,164.399326,8110.333333,14040.5812,24323,4,4,4.0,0.0,4,4,4,4.0,0.0,4,4,0,0,40,40,82.19966298,82.19966298,33,158,83.0,68.46531969,4687.5,0,0,0,0,0,0,0,0,1,103.75,33.0,158.0,40,2,66,2,316,-1,-1,1,20,0.0,0.0,0,0,0.0,0.0,0,0,BENIGN
60726,17,1,1,0,0,0,0,0.0,0.0,0,0,0.0,0.0,0.0,117647.0588,17.0,0.0,17,17,0,0.0,0.0,0,0,0,0.0,0.0,0,0,0,0,20,20,58823.52941,58823.52941,0,0,0.0,0.0,0.0,0,0,0,0,1,1,0,0,1,0.0,0.0,0.0,20,1,0,1,0,127,32850,0,20,0.0,0.0,0,0,0.0,0.0,0,0,BENIGN
80,82024256,5,7,350,11595,338,0,70.0,149.8465882,4344,0,1656.428571,1947.638216,145.6276543,0.146298188,7456750.545,24700000.0,81900000,4,81900000,20500000.0,40900000.0,81900000,4,82000000,13700000.0,33400000.0,81900000,47,0,0,144,232,0.060957578,0.085340609,0,4344,919.3076923,1609.703978,2591146.897,1,0,0,0,0,0,0,0,1,995.9166667,70.0,1656.428571,144,5,350,7,11595,0,235,2,20,2151.0,0.0,2151,2151,81900000.0,0.0,81900000,81900000,DoS Hulk
53,59199,1,1,42,182,42,42,42.0,0.0,182,182,182.0,0.0,3783.8477,33.78435447,59199.0,0.0,59199,59199,0,0.0,0.0,0,0,0,0.0,0.0,0,0,0,0,20,20,16.89217723,16.89217723,42,182,88.66666667,80.82903769,6533.333333,0,0,0,0,0,0,0,0,1,133.0,42.0,182.0,20,1,42,1,182,-1,-1,0,20,0.0,0.0,0,0,0.0,0.0,0,0,BENIGN
56378,5,3,0,86,0,55,0,28.6666666667,27.5741424768,0,0,0.0,0.0,17200000.0,600000.0,2.5,2.1213203436,4,1,5,2.5,2.1213203436,4,1,0,0.0,0.0,0,0,1,0,96,0,600000.0,0.0,0,55,35.25,26.0816027115,680.25,0,1,0,0,1,0,0,0,0,47.0,28.6666666667,0.0,96,3,86,0,0,118,-1,1,32,0.0,0.0,0,0,0.0,0.0,0,0,BENIGN
443,117946992,21,22,1607,6698,532,0,76.52380952,141.9826113,1539,0,304.4545455,561.1011052,70.41298688,0.364570552,2808261.714,12600000.0,58900000,1,118000000,5897349.6,18000000.0,58900000,49,118000000,5612777.476,17600000.0,59000000,1,0,0,432,452,0.178046084,0.186524469,0,1539,188.75,420.6679697,176961.5407,0,0,0,1,0,0,0,0,1,193.1395349,76.52380952,304.4545455,432,21,1607,22,6698,8192,368,10,20,461850.0,543272.9684,846002,77698,58500000.0,661677.2918,58900000,58000000,BENIGN
80,23174,1,1,0,0,0,0,0.0,0.0,0,0,0.0,0.0,0.0,86.30361612,23174.0,0.0,23174,23174,0,0.0,0.0,0,0,0,0.0,0.0,0,0,0,0,32,32,43.15180806,43.15180806,0,0,0.0,0.0,0.0,0,0,0,0,1,1,0,0,1,0.0,0.0,0.0,32,1,0,1,0,290,972,0,32,0.0,0.0,0,0,0.0,0.0,0,0,BENIGN
53,30758,2,2,76,188,38,38,38.0,0.0,94,94,94.0,0.0,8583.132843,130.0474673,10252.66667,17752.07741,30751,3,3,3.0,0.0,3,3,4,4.0,0.0,4,4,0,0,64,40,65.02373366,65.02373366,38,94,60.4,30.67246322,940.8,0,0,0,0,0,0,0,0,1,75.5,38.0,94.0,64,2,76,2,188,-1,-1,1,32,0.0,0.0,0,0,0.0,0.0,0,0,BENIGN
53,250,2,2,56,612,28,28,28.0,0.0,306,306,306.0,0.0,2672000.0,16000.0,83.3333333333,138.2762934611,243,3,3,3.0,0.0,3,3,4,4.0,0.0,4,4,0,0,40,40,8000.0,8000.0,28,306,139.2,152.2668709864,23185.2,0,0,0,0,0,0,0,0,1,174.0,28.0,306.0,40,2,56,2,612,-1,-1,1,20,0.0,0.0,0,0,0.0,0.0,0,0,BENIGN
389,113,3,1,114,6,57,0,38.0,32.9089653438,6,6,6.0,0.0,1061946.90265487,35398.2300884956,37.6666666667,12.3423390544,48,24,113,56.5,12.0208152802,65,48,0,0.0,0.0,0,0,1,0,96,20,26548.6725663717,8849.5575221239,0,57,35.4,29.6529931036,879.3,0,1,0,0,1,0,0,0,0,44.25,38.0,6.0,96,3,114,1,6,373,0,1,32,0.0,0.0,0,0,0.0,0.0,0,0,BENIGN
443,83,2,0,12,0,6,6,6.0,0.0,0,0,0.0,0.0,144578.3133,24096.38554,83.0,0.0,83,83,83,83.0,0.0,83,83,0,0.0,0.0,0,0,0,0,40,0,24096.38554,0.0,6,6,6.0,0.0,0.0,0,0,0,0,1,0,0,0,0,9.0,6.0,0.0,40,2,12,0,0,63104,-1,1,20,0.0,0.0,0,0,0.0,0.0,0,0,BENIGN
59207,541,1,1,0,0,0,0,0.0,0.0,0,0,0.0,0.0,0.0,3696.857671,541.0,0.0,541,541,0,0.0,0.0,0,0,0,0.0,0.0,0,0,0,0,32,32,1848.428835,1848.428835,0,0,0.0,0.0,0.0,0,0,0,0,1,1,0,0,1,0.0,0.0,0.0,32,1,0,1,0,130,65535,0,32,0.0,0.0,0,0,0.0,0.0,0,0,BENIGN
58190,5,3,0,43,0,31,6,14.33333333,14.43375673,0,0,0.0,0.0,8600000.0,600000.0,2.5,2.121320344,4,1,5,2.5,2.121320344,4,1,0,0.0,0.0,0,0,0,0,60,0,600000.0,0.0,6,31,12.25,12.5,156.25,0,0,0,0,1,0,0,0,0,16.33333333,14.33333333,0.0,60,3,43,0,0,1047,-1,2,20,0.0,0.0,0,0,0.0,0.0,0,0,BENIGN
53,23526,1,1,42,200,42,42,42.0,0.0,200,200,200.0,0.0,10286.49154,85.01232679,23526.0,0.0,23526,23526,0,0.0,0.0,0,0,0,0.0,0.0,0,0,0,0,32,32,42.50616339,42.50616339,42,200,94.66666667,91.22134253,8321.333333,0,0,0,0,0,0,0,0,1,142.0,42.0,200.0,32,1,42,1,200,-1,-1,0,32,0.0,0.0,0,0,0.0,0.0,0,0,BENIGN
53,48783,2,2,88,198,44,44,44.0,0.0,99,99,99.0,0.0,5862.698071,81.99577722,16261.0,28122.45276,48734,1,1,1.0,0.0,1,1,48,48.0,0.0,48,48,0,0,40,40,40.99788861,40.99788861,44,99,66.0,30.12474066,907.5,0,0,0,0,0,0,0,0,1,82.5,44.0,99.0,40,2,88,2,198,-1,-1,1,20,0.0,0.0,0,0,0.0,0.0,0,0,BENIGN
80,80273167,8,4,56,11601,20,0,7.0,5.656854249,5840,0,2900.25,3345.636997,145.2166451,0.149489555,7297560.636,22200000.0,74000000,1,80100000,11400000.0,27700000.0,74000000,1,171342,57114.0,82324.38528,151508,189,0,0,172,92,0.099659703,0.049829852,0,5840,897.1538462,2174.910107,4730233.974,0,0,0,0,1,0,0,0,0,971.9166667,7.0,2900.25,172,8,56,4,11601,256,229,6,20,994.0,0.0,994,994,40100000.0,47900000.0,74000000,6147859,DDoS
443,118053947,33,44,23577,33992,4510,0,714.4545454545,1267.2445031176,1700,0,772.5454545455,709.3031121196,487.6499385489,0.6522441812,1553341.40789474,9425541.24691999,58516103,1,118053947,3689185.84375,14390866.5648733,58593480,48,117817121,2739933.04651163,12471127.3639499,58552858,1,0,0,684,892,0.2795332205,0.3727109607,0,4510,738.0641025641,977.9271257972,956341.463369964,0,0,0,1,0,0,0,0,1,747.6493506494,714.4545454545,772.5454545455,684,33,23577,44,33992,8192,726,31,20,400796.5,172604.058180855,522846,278747,58507808.5,11730.1943931036,58516103,58499514,BENIGN
443,131569,14,12,926,11631,437,0,66.1428571429,130.4134591584,1725,0,969.25,715.3679441061,95440.4152953963,197.6149396894,5262.76,9075.5453843465,23999,4,131569,10120.6923076923,11449.1255225353,25977,4,97676,8879.6363636364,15103.5482273056,44043,48,0,0,460,392,106.4080444482,91.2068952413,0,1725,465.0740740741,660.5657205949,436347.071225071,0,0,0,1,0,0,0,0,0,482.9615384615,66.1428571429,969.25,460,14,926,12,11631,65535,122,6,32,0.0,0.0,0,0,0.0,0.0,0,0,BENIGN
443,116537808,26,26,4189,7877,1867,0,161.1153846,487.1371328,1448,0,302.9615385,540.1374255,103.5372143,0.446207123,2285055.059,4161636.021,10000000,3,117000000,4661512.32,4975542.665,10100000,3,111000000,4451982.64,5061764.572,10100000,3,0,0,840,840,0.223103561,0.223103561,0,1867,227.6603774,510.2915058,260397.4209,0,0,0,1,0,0,0,0,1,232.0384615,161.1153846,302.9615385,840,26,4189,26,7877,29200,1301,5,32,89951.33333,228075.0878,814187,24052,9621532.417,1387987.169,10000000,5214158,BENIGN
21,8498291,9,15,109,188,24,0,12.11111111,9.829095132,34,0,12.53333333,14.54975045,34.94820312,2.824097221,369490.913,964170.6361,3236651,1,5992366,749045.75,1390073.398,3279001,1,8498226,607016.1429,1190780.231,3236651,1,0,0,296,488,1.059036458,1.765060763,0,34,11.88,12.72242115,161.86,0,0,0,1,0,0,0,0,1,12.375,12.11111111,12.53333333,296,9,109,15,188,29200,227,6,32,0.0,0.0,0,0,0.0,0.0,0,0,FTP-Patator
80,216009,4,0,24,0,6,6,6.0,0.0,0,0,0.0,0.0,111.1064817,18.51774695,72003.0,122603.2095,213566,3,216009,72003.0,122603.2095,213566,3,0,0.0,0.0,0,0,0,0,80,0,18.51774695,0.0,6,6,6.0,0.0,0.0,0,0,0,0,1,0,0,0,0,7.5,6.0,0.0,80,4,24,0,0,256,-1,3,20,0.0,0.0,0,0,0.0,0.0,0,0,DDoS
53,32117,2,2,76,326,38,38,38.0,0.0,163,163,163.0,0.0,12516.73569,124.5446337,10705.66667,18496.87293,32064,4,49,49.0,0.0,49,49,4,4.0,0.0,4,4,0,0,72,64,62.27231684,62.27231684,38,163,88.0,68.46531969,4687.5,0,0,0,0,0,0,0,0,1,110.0,38.0,163.0,72,2,76,2,326,-1,-1,1,32,0.0,0.0,0,0,0.0,0.0,0,0,BENIGN
53,24030,2,2,64,276,32,32,32.0,0.0,138,138,138.0,0.0,14148.98044,166.4585934,8010.0,13867.6648,24023,3,4,4.0,0.0,4,4,3,3.0,0.0,3,3,0,0,40,40,83.22929671,83.22929671,32,138,74.4,58.0585911,3370.8,0,0,0,0,0,0,0,0,1,93.0,32.0,138.0,40,2,64,2,276,-1,-1,1,20,0.0,0.0,0,0,0.0,0.0,0,0,BENIGN
443,12684956,15,18,2434,13355,688,0,162.2666666667,233.8987774556,2920,2,741.9444444444,913.3017974375,1244.7027802067,2.6015068558,396404.875,1764783.96913772,9864928,3,2820025,201430.357142857,537027.038554156,2048983,231,12652326,744254.470588235,2436014.61660848,9999327,3,0,0,312,364,1.1825031163,1.4190037395,0,2920,464.3823529412,736.8535899434,542953.213012478,0,0,0,1,0,0,0,0,1,478.4545454545,162.2666666667,741.9444444444,312,15,2434,18,13355,8192,34400,14,20,2820025.0,0.0,2820025,2820025,9864928.0,0.0,9864928,9864928,BENIGN
33778,3,2,0,0,0,0,0,0.0,0.0,0,0,0.0,0.0,0.0,666666.666666667,3.0,0.0,3,3,3,3.0,0.0,3,3,0,0.0,0.0,0,0,0,0,64,0,666666.666666667,0.0,0,0,0.0,0.0,0.0,0,0,0,0,1,0,0,0,0,0.0,0.0,0.0,64,2,0,0,0,613,-1,0,32,0.0,0.0,0,0,0.0,0.0,0,0,BENIGN
53,358871,2,2,72,266,36,36,36.0,0.0,133,133,133.0,0.0,941.842612,11.14606641,119623.6667,207189.0723,358865,3,3,3.0,0.0,3,3,3,3.0,0.0,3,3,0,0,64,40,5.573033207,5.573033207,36,133,74.8,53.12908808,2822.7,0,0,0,0,0,0,0,0,1,93.5,36.0,133.0,64,2,72,2,266,-1,-1,1,32,0.0,0.0,0,0,0.0,0.0,0,0,BENIGN
80,116046207,18,16,950,3932,430,0,52.77777778,137.2419742,1963,0,245.75,592.8307797,42.06944911,0.292986741,3516551.727,4753765.493,10000000,34,116000000,6826247.471,4636478.122,10000000,102,111000000,7368083.133,4564830.332,10000000,170,0,0,372,464,0.155110628,0.137876113,0,1963,139.4857143,417.5342446,174334.8454,0,0,0,1,0,0,0,0,0,143.5882353,52.77777778,245.75,372,18,950,16,3932,8192,980,17,20,43177.54545,66515.51906,243729,22928,10000000.0,7519.241669,10000000,9993962,BENIGN
80,5905849,3,1,0,0,0,0,0.0,0.0,0,0,0.0,0.0,0.0,0.677294662,1968616.333,3408987.481,5904976,155,5905849,2952924.5,4174831.268,5904976,873,0,0.0,0.0,0,0,0,0,104,40,0.507970996,0.169323665,0,0,0.0,0.0,0.0,0,0,0,1,0,0,0,0,0,0.0,0.0,0.0,104,3,0,1,0,29200,28960,0,32,0.0,0.0,0,0,0.0,0.0,0,0,Web Attack � Brute Force
53,77118,1,1,48,112,48,48,48.0,0.0,112,112,112.0,0.0,2074.742602,25.93428253,77118.0,0.0,77118,77118,0,0.0,0.0,0,0,0,0.0,0.0,0,0,0,0,20,20,12.96714126,12.96714126,48,112,69.33333333,36.95041723,1365.333333,0,0,0,0,0,0,0,0,1,104.0,48.0,112.0,20,1,48,1,112,-1,-1,0,20,0.0,0.0,0,0,0.0,0.0,0,0,BENIGN
53,24080,2,2,56,226,28,28,28.0,0.0,113,113,113.0,0.0,11710.96346,166.1129568,8026.666667,13857.58025,24028,3,49,49.0,0.0,49,49,3,3.0,0.0,3,3,0,0,40,40,83.05647841,83.05647841,28,113,62.0,46.55641739,2167.5,0,0,0,0,0,0,0,0,1,77.5,28.0,113.0,40,2,56,2,226,-1,-1,1,20,0.0,0.0,0,0,0.0,0.0,0,0,BENIGN
443,148905,3,0,65,0,53,6,21.66666667,27.13546265,0,0,0.0,0.0,436.5199288,20.14707364,74452.5,105287.4926,148902,3,148905,74452.5,105287.4926,148902,3,0,0.0,0.0,0,0,0,0,60,0,20.14707364,0.0,6,53,17.75,23.5,552.25,0,0,0,0,1,0,0,0,0,23.66666667,21.66666667,0.0,60,3,65,0,0,253,-1,2,20,0.0,0.0,0,0,0.0,0.0,0,0,BENIGN
80,85652283,6,7,381,11595,381,0,63.5,155.5425987,4344,0,1656.428571,1547.737688,139.8211417,0.151776456,7137690.25,24700000.0,85500000,0,85500000,17100000.0,38200000.0,85500000,0,143630,23938.33333,51830.86048,129123,14,0,0,200,232,0.070050672,0.081725784,0,4344,855.4285714,1343.926206,1806137.648,0,0,0,0,1,0,0,0,1,921.2307692,63.5,1656.428571,200,6,381,7,11595,274,235,1,32,1.0,0.0,1,1,85500000.0,0.0,85500000,85500000,DoS Hulk
80,108666,3,4,429,2267,429,0,143.0,247.6832655,2267,0,566.75,1133.5,24809.96816,64.41757311,18111.0,19722.35917,42057,4,74995,37497.5,6448.106738,42057,32938,75810,25270.0,42854.16521,74750,4,0,0,104,136,27.60753133,36.81004178,0,2267,337.0,794.1552565,630682.5714,0,0,0,1,0,0,0,0,1,385.1428571,143.0,566.75,104,3,429,4,2267,29200,237,1,32,0.0,0.0,0,0,0.0,0.0,0,0,BENIGN
21,8542425,9,15,97,188,20,0,10.77777778,8.363279527,34,0,12.53333333,14.54975045,33.36289168,2.809506668,371409.7826,949628.5039,3012859,3,5664538,708067.25,1277102.669,3054248,224,8542309,610164.9286,1170151.087,3012859,3,0,0,296,488,1.053565001,1.755941668,0,34,11.4,12.37605214,153.1666667,0,0,0,1,0,0,0,0,1,11.875,10.77777778,12.53333333,296,9,97,15,188,29200,227,6,32,0.0,0.0,0,0,0.0,0.0,0,0,FTP-Patator
22,11837373,21,32,2008,2745,640,0,95.61904762,140.0451628,976,0,85.78125,220.240592,401.5248991,4.477344762,227641.7885,633402.8512,2528431,18,10600000,527803.2,951555.169,2574047,382,11800000,381848.129,788225.457,2528431,43,0,0,680,1032,1.774042264,2.703302498,0,976,88.01851852,189.5902723,35944.47135,0,0,0,1,0,0,0,0,1,89.67924528,95.61904762,85.78125,680,21,2008,32,2745,29200,247,16,32,0.0,0.0,0,0,0.0,0.0,0,0,SSH-Patator
5544,43,1,1,2,6,2,2,2.0,0.0,6,6,6.0,0.0,186046.5116,46511.62791,43.0,0.0,43,43,0,0.0,0.0,0,0,0,0.0,0.0,0,0,0,0,24,20,23255.81395,23255.81395,2,6,3.333333333,2.309401077,5.333333333,0,0,0,1,0,0,0,0,1,5.0,2.0,6.0,24,1,2,1,6,1024,0,0,24,0.0,0.0,0,0,0.0,0.0,0,0,PortScan
54598,96,1,1,0,0,0,0,0.0,0.0,0,0,0.0,0.0,0.0,20833.33333,96.0,0.0,96,96,0,0.0,0.0,0,0,0,0.0,0.0,0,0,0,0,20,20,10416.66667,10416.66667,0,0,0.0,0.0,0.0,0,0,0,0,1,1,0,0,1,0.0,0.0,0.0,20,1,0,1,0,980,16425,0,20,0.0,0.0,0,0,0.0,0.0,0,0,BENIGN
80,358769,4,7,716,11595,358,0,179.0,206.6913964,5792,0,1656.428571,2118.227235,34314.55895,30.66039708,35876.9,74467.44428,210007,5,222008,74002.66667,117888.9692,210007,1008,358764,59794.0,96367.70369,222104,10,0,0,136,232,11.1492353,19.51116178,0,5792,1025.916667,1751.723227,3068534.265,0,0,0,1,0,0,0,0,1,1119.181818,179.0,1656.428571,136,4,716,7,11595,29200,235,2,32,0.0,0.0,0,0,0.0,0.0,0,0,DoS Hulk
53,150,2,2,86,118,43,43,43.0,0.0,59,59,59.0,0.0,1360000.0,26666.6666666667,50.0,79.6743371482,142,4,4,4.0,0.0,4,4,4,4.0,0.0,4,4,0,0,64,64,13333.3333333333,13333.3333333333,43,59,49.4,8.7635609201,76.8,0,0,0,0,0,0,0,0,1,61.75,43.0,59.0,64,2,86,2,118,-1,-1,1,32,0.0,0.0,0,0,0.0,0.0,0,0,BENIGN
80,1793500,3,4,26,11601,20,0,8.666666667,10.26320288,7215,0,2900.25,3540.00286,6482.854753,3.902982994,298916.6667,718898.3274,1766199,31,27108,13554.0,19024.00084,27006,102,1793366,597788.6667,1011962.038,1766199,162,0,0,72,92,1.672706997,2.230275997,0,7215,1453.375,2786.259804,7763243.696,0,0,0,1,0,0,0,0,1,1661.0,8.666666667,2900.25,72,3,26,4,11601,8192,229,2,20,0.0,0.0,0,0,0.0,0.0,0,0,DDoS
53,31317,2,2,72,240,36,36,36.0,0.0,120,120,120.0,0.0,9962.6400996264,127.7261551234,10439.0,18034.1289781348,31263,3,51,51.0,0.0,51,51,3,3.0,0.0,3,3,0,0,64,40,63.8630775617,63.8630775617,36,120,69.6,46.0086948304,2116.8,0,0,0,0,0,0,0,0,1,87.0,36.0,120.0,64,2,72,2,240,-1,-1,1,32,0.0,0.0,0,0,0.0,0.0,0,0,BENIGN
53,91752,2,2,88,662,44,44,44.0,0.0,331,331,331.0,0.0,8174.2087365943,43.5957799285,30584.0,52967.8457462638,91746,3,3,3.0,0.0,3,3,3,3.0,0.0,3,3,0,0,40,40,21.7978899643,21.7978899643,44,331,158.8,157.196374004,24710.7,0,0,0,0,0,0,0,0,1,198.5,44.0,331.0,40,2,88,2,662,-1,-1,1,20,0.0,0.0,0,0,0.0,0.0,0,0,BENIGN
443,315267,13,8,1219,4254,741,0,93.7692307692,208.8668450816,1398,0,531.75,617.2100244534,17359.8886023593,66.6102065868,15763.35,22702.7422022678,74220,1,315267,26272.25,24472.027241229,74220,1,266350,38050.0,47799.4051985308,103828,48,0,0,428,264,41.2348897918,25.375316795,0,1398,248.7727272727,447.4785370557,200237.041125541,0,0,0,1,0,0,0,0,0,260.619047619,93.7692307692,531.75,428,13,1219,8,4254,65535,120,6,32,0.0,0.0,0,0,0.0,0.0,0,0,BENIGN
22939,58,1,1,2,6,2,2,2.0,0.0,6,6,6.0,0.0,137931.0345,34482.75862,58.0,0.0,58,58,0,0.0,0.0,0,0,0,0.0,0.0,0,0,0,0,24,20,17241.37931,17241.37931,2,6,3.333333333,2.309401077,5.333333333,0,0,0,1,0,0,0,0,1,5.0,2.0,6.0,24,1,2,1,6,1024,0,0,24,0.0,0.0,0,0,0.0,0.0,0,0,PortScan
53,31304,2,2,86,198,43,43,43.0,0.0,99,99,99.0,0.0,9072.323026,127.7791975,10434.66667,18068.17667,31298,3,3,3.0,0.0,3,3,3,3.0,0.0,3,3,0,0,40,40,63.88959877,63.88959877,43,99,65.4,30.67246322,940.8,0,0,0,0,0,0,0,0,1,81.75,43.0,99.0,40,2,86,2,198,-1,-1,1,20,0.0,0.0,0,0,0.0,0.0,0,0,BENIGN
53,23413,1,1,95,177,95,95,95.0,0.0,177,177,177.0,0.0,11617.4774697817,85.4226284543,23413.0,0.0,23413,23413,0,0.0,0.0,0,0,0,0.0,0.0,0,0,0,0,32,20,42.7113142271,42.7113142271,95,177,122.3333333333,47.3427220735,2241.3333333333,0,0,0,0,0,0,0,0,1,183.5,95.0,177.0,32,1,95,1,177,-1,-1,0,32,0.0,0.0,0,0,0.0,0.0,0,0,BENIGN
443,725354,7,9,1050,1401,837,0,150.0,308.1206474,1226,0,155.6666667,403.9492542,3379.039752,22.05819503,48356.93333,98963.86056,241061,1,480641,80106.83333,123667.1174,242022,4,487965,60995.625,111322.844,241568,1,0,0,236,296,9.650460327,12.40773471,0,1226,144.1764706,344.3510627,118577.6544,0,0,0,1,0,0,0,0,1,153.1875,150.0,155.6666667,236,7,1050,9,1401,65535,5430,4,32,0.0,0.0,0,0,0.0,0.0,0,0,BENIGN
443,71872555,24,31,2629,5673,520,0,109.5416667,151.7377541,1430,0,183.0,396.6963574,115.5100163,0.765243423,1330973.241,7961988.528,58300000,3,71900000,3124893.696,12100000.0,58400000,638,71600000,2387864.567,10700000.0,58400000,3,0,0,504,632,0.333924403,0.43131902,0,1430,148.25,311.7683435,97199.5,0,0,0,1,0,0,0,0,1,150.9454545,109.5416667,183.0,504,24,2629,31,5673,8192,393,22,20,3641859.5,2436380.962,5364641,1919078,32200000.0,37000000.0,58300000,6012646,BENIGN
38650,44,1,1,6,6,6,6,6.0,0.0,6,6,6.0,0.0,272727.2727,45454.54545,44.0,0.0,44,44,0,0.0,0.0,0,0,0,0.0,0.0,0,0,0,0,20,20,22727.27273,22727.27273,6,6,6.0,0.0,0.0,0,0,0,0,1,1,0,0,1,9.0,6.0,6.0,20,1,6,1,6,66,313,0,20,0.0,0.0,0,0,0.0,0.0,0,0,BENIGN
80,68392,3,4,26,11601,20,0,8.666666667,10.26320288,7215,0,2900.25,3540.00286,170005.2638,102.3511522,11398.66667,20769.93524,52065,43,16011,8005.5,9941.214237,15035,976,68349,22783.0,26585.20273,52065,161,0,0,72,92,43.86477951,58.48637268,0,7215,1453.375,2786.259804,7763243.696,0,0,0,1,0,0,0,0,1,1661.0,8.666666667,2900.25,72,3,26,4,11601,8192,229,2,20,0.0,0.0,0,0,0.0,0.0,0,0,DDoS
53,63703,1,1,74,90,74,74,74.0,0.0,90,90,90.0,0.0,2574.447043,31.39569565,63703.0,0.0,63703,63703,0,0.0,0.0,0,0,0,0.0,0.0,0,0,0,0,32,32,15.69784783,15.69784783,74,90,79.33333333,9.237604307,85.33333333,0,0,0,0,0,0,0,0,1,119.0,74.0,90.0,32,1,74,1,90,-1,-1,0,32,0.0,0.0,0,0,0.0,0.0,0,0,BENIGN
80,75620,2,0,0,0,0,0,0.0,0.0,0,0,0.0,0.0,0.0,26.44802962,75620.0,0.0,75620,75620,75620,75620.0,0.0,75620,75620,0,0.0,0.0,0,0,0,0,40,0,26.44802962,0.0,0,0,0.0,0.0,0.0,0,0,0,0,1,0,0,0,0,0.0,0.0,0.0,40,2,0,0,0,255,-1,0,20,0.0,0.0,0,0,0.0,0.0,0,0,BENIGN
22,676,2,2,0,0,0,0,0.0,0.0,0,0,0.0,0.0,0.0,5917.159763,225.3333333,171.2434914,423,122,554,554.0,0.0,554,554,545,545.0,0.0,545,545,0,0,72,72,2958.579882,2958.579882,0,0,0.0,0.0,0.0,0,0,0,1,0,0,0,0,1,0.0,0.0,0.0,72,2,0,2,0,29200,227,0,32,0.0,0.0,0,0,0.0,0.0,0,0,SSH-Patator
53,48548,1,1,44,189,44,44,44.0,0.0,189,189,189.0,0.0,4799.373816,41.19634176,48548.0,0.0,48548,48548,0,0.0,0.0,0,0,0,0.0,0.0,0,0,0,0,20,20,20.59817088,20.59817088,44,189,92.33333333,83.71578903,7008.333333,0,0,0,0,0,0,0,0,1,138.5,44.0,189.0,20,1,44,1,189,-1,-1,0,20,0.0,0.0,0,0,0.0,0.0,0,0,BENIGN
53,48434,2,2,74,206,37,37,37.0,0.0,103,103,103.0,0.0,5781.06289,82.58661271,16144.66667,27879.37848,48337,48,48,48.0,0.0,48,48,49,49.0,0.0,49,49,0,0,64,64,41.29330636,41.29330636,37,103,63.4,36.1496888,1306.8,0,0,0,0,0,0,0,0,1,79.25,37.0,103.0,64,2,74,2,206,-1,-1,1,32,0.0,0.0,0,0,0.0,0.0,0,0,BENIGN
53,140,2,2,78,110,39,39,39.0,0.0,55,55,55.0,0.0,1342857.143,28571.42857,46.66666667,73.90083446,132,4,4,4.0,0.0,4,4,4,4.0,0.0,4,4,0,0,40,40,14285.71429,14285.71429,39,55,45.4,8.76356092,76.8,0,0,0,0,0,0,0,0,1,56.75,39.0,55.0,40,2,78,2,110,-1,-1,1,20,0.0,0.0,0,0,0.0,0.0,0,0,BENIGN
63579,48,2,1,12,6,6,6,6.0,0.0,6,6,6.0,0.0,375000.0,62500.0,24.0,12.7279220614,33,15,48,48.0,0.0,48,48,0,0.0,0.0,0,0,0,0,40,20,41666.6666666667,20833.3333333333,6,6,6.0,0.0,0.0,0,0,0,0,1,0,0,0,0,8.0,6.0,6.0,40,2,12,1,6,17381,63819,1,20,0.0,0.0,0,0,0.0,0.0,0,0,BENIGN
443,4019357,5,1,117,41,45,0,23.4,21.96132965,41,41,41.0,0.0,39.30977019,1.492776083,803871.4,1780813.474,3989405,48,4019357,1004839.25,1989759.49,3989405,48,0,0.0,0.0,0,0,1,0,160,32,1.243980069,0.248796014,0,45,28.42857143,19.88179354,395.2857143,0,1,0,0,1,0,0,0,0,33.16666667,23.4,41.0,160,5,117,1,41,415,118,2,32,0.0,0.0,0,0,0.0,0.0,0,0,BENIGN
61215,46,1,1,0,0,0,0,0.0,0.0,0,0,0.0,0.0,0.0,43478.2608695652,46.0,0.0,46,46,0,0.0,0.0,0,0,0,0.0,0.0,0,0,0,0,32,32,21739.1304347826,21739.1304347826,0,0,0.0,0.0,0.0,0,0,0,0,1,0,0,0,1,0.0,0.0,0.0,32,1,0,1,0,357,32832,0,32,0.0,0.0,0,0,0.0,0.0,0,0,BENIGN
80,98438695,7,6,418,11595,418,0,59.71428571,157.9891497,5792,0,1932.5,2181.008184,122.0353439,0.132061889,8203224.583,28400000.0,98300000,1,98300000,16400000.0,40100000.0,98300000,1,147478,29495.6,59826.80726,136183,47,0,0,232,200,0.071110248,0.060951641,0,5792,858.0714286,1665.441335,2773694.841,0,0,0,0,1,0,0,0,0,924.0769231,59.71428571,1932.5,232,7,418,6,11595,251,235,1,32,992.0,0.0,992,992,98300000.0,0.0,98300000,98300000,DoS Hulk
443,118827853,30,42,2703,39009,1487,0,90.1,277.6242002,2860,0,928.7857143,848.7991384,351.0288114,0.605918547,1673631.732,9710190.491,58800000,1,119000000,4097512.172,15000000.0,58900000,160,119000000,2892155.854,12700000.0,58800000,1,0,0,624,852,0.252466061,0.353452486,0,2860,571.3972603,785.4091245,616867.4928,0,0,0,1,0,0,0,0,1,579.3333333,90.1,928.7857143,624,30,2703,42,39009,8192,395,28,20,988403.5,1074289.655,1748041,228766,58300000.0,671605.071,58800000,57800000,BENIGN
53,32043,1,1,51,67,51,51,51.0,0.0,67,67,67.0,0.0,3682.551571,62.41612833,32043.0,0.0,32043,32043,0,0.0,0.0,0,0,0,0.0,0.0,0,0,0,0,32,20,31.20806416,31.20806416,51,67,56.33333333,9.237604307,85.33333333,0,0,0,0,0,0,0,0,1,84.5,51.0,67.0,32,1,51,1,67,-1,-1,0,32,0.0,0.0,0,0,0.0,0.0,0,0,BENIGN
80,51128,3,4,564,154,564,0,188.0,325.6255518229,154,0,38.5,77.0,14043.1857299327,136.9112814896,8521.3333333333,12694.7159191006,25005,4,25409,12704.5,17173.5023946777,24848,561,26321,8773.6666666667,14582.3675146848,25607,4,0,0,104,136,58.6762634955,78.2350179941,0,564,89.75,199.0590364691,39624.5,0,0,0,1,0,0,0,0,1,102.5714285714,188.0,38.5,104,3,564,4,154,29200,31,1,32,0.0,0.0,0,0,0.0,0.0,0,0,BENIGN
443,855774,9,11,703,3950,267,0,78.11111111,103.3022803,1448,0,359.0909091,569.9183195,5437.183182,23.37065627,45040.73684,61210.71408,219271,1,760341,95042.625,104028.7565,314451,382,760478,76047.8,81812.60013,219271,2,0,0,296,360,10.51679532,12.85386095,0,1448,221.5714286,434.4990876,188789.4571,0,0,0,1,0,0,0,0,1,232.65,78.11111111,359.0909091,296,9,703,11,3950,29200,252,4,32,0.0,0.0,0,0,0.0,0.0,0,0,BENIGN
53,50168,1,1,52,80,52,52,52.0,0.0,80,80,80.0,0.0,2631.159305,39.86605007,50168.0,0.0,50168,50168,0,0.0,0.0,0,0,0,0.0,0.0,0,0,0,0,32,32,19.93302504,19.93302504,52,80,61.33333333,16.16580754,261.3333333,0,0,0,0,0,0,0,0,1,92.0,52.0,80.0,32,1,52,1,80,-1,-1,0,32,0.0,0.0,0,0,0.0,0.0,0,0,BENIGN
53,86537,4,2,164,204,41,41,41.0,0.0,102,102,102.0,0.0,4252.516265,69.33450432,17307.4,25055.58268,54846,3,54898,18299.33333,31650.35011,54846,3,4,4.0,0.0,4,4,0,0,104,40,46.22300288,23.11150144,41,102,58.42857143,29.76495222,885.952381,0,0,0,0,0,0,0,0,0,68.16666667,41.0,102.0,104,4,164,2,204,-1,-1,3,20,0.0,0.0,0,0,0.0,0.0,0,0,BENIGN
80,44451,3,5,26,11601,20,0,8.666666667,10.26320288,8760,0,2320.2,3668.897,261568.9186,179.9734539,6350.142857,10864.66349,27895,136,29020,14510.0,19121.58158,28031,989,44315,11078.75,13971.69239,29419,184,0,0,72,112,67.49004522,112.4834087,0,8760,1291.888889,2866.607422,8217438.111,0,0,0,1,0,0,0,0,1,1453.375,8.666666667,2320.2,72,3,26,5,11601,8192,229,2,20,0.0,0.0,0,0,0.0,0.0,0,0,DDoS
53,239,2,2,60,344,30,30,30.0,0.0,172,172,172.0,0.0,1690376.569,16736.40167,79.66666667,98.39884823,190,1,1,1.0,0.0,1,1,48,48.0,0.0,48,48,0,0,64,64,8368.200837,8368.200837,30,172,86.8,77.77660317,6049.2,0,0,0,0,0,0,0,0,1,108.5,30.0,172.0,64,2,60,2,344,-1,-1,1,32,0.0,0.0,0,0,0.0,0.0,0,0,BENIGN
80,5740767,5,0,30,0,6,6,6.0,0.0,0,0,0.0,0.0,5.225782548,0.870963758,1435191.75,2868450.285,5737867,3,5740767,1435191.75,2868450.285,5737867,3,0,0.0,0.0,0,0,0,0,100,0,0.870963758,0.0,6,6,6.0,0.0,0.0,0,0,0,0,1,0,0,0,0,7.2,6.0,0.0,100,5,30,0,0,256,-1,4,20,2900.0,0.0,2900,2900,5737867.0,0.0,5737867,5737867,DDoS
8080,78794,4,3,210,134,198,0,52.5,97.04122835,128,0,44.66666667,72.23111056,4365.814656,88.83925172,13132.33333,31293.21228,77007,18,78794,26264.66667,44882.21537,78089,49,77587,38793.5,54042.04997,77007,580,0,0,92,72,50.7652867,38.07396502,0,198,43.0,76.44232186,5843.428571,0,0,0,1,0,0,0,0,0,49.14285714,52.5,44.66666667,92,4,210,3,134,8192,237,3,20,0.0,0.0,0,0,0.0,0.0,0,0,Bot
53,902,1,1,46,93,46,46,46.0,0.0,93,93,93.0,0.0,154101.99556541,2217.2949002217,902.0,0.0,902,902,0,0.0,0.0,0,0,0,0.0,0.0,0,0,0,0,20,20,1108.6474501109,1108.6474501109,46,93,61.6666666667,27.1354626519,736.3333333333,0,0,0,0,0,0,0,0,1,92.5,46.0,93.0,20,1,46,1,93,-1,-1,0,20,0.0,0.0,0,0,0.0,0.0,0,0,BENIGN
443,64263407,35,37,5145,43173,1588,0,147.0,425.1895771,4380,0,1166.837838,1199.951562,751.8742354,1.120388777,905118.4085,2786043.723,10100000,14,64300000,1890100.206,3834628.798,10200000,63,64200000,1783675.361,3752153.225,10200000,48,0,0,760,812,0.544633433,0.575755344,0,4380,661.890411,1035.035756,1071299.016,0,0,0,1,0,0,0,0,1,671.0833333,147.0,1166.837838,760,35,5145,37,43173,8192,158,12,20,718981.0,1636754.926,4059993,50653,9988256.167,100315.2569,10100000,9798907,BENIGN
443,72827746,15,13,2004,7533,533,0,133.6,214.3141219265,1460,0,579.4615384615,587.3578715151,130.9528376726,0.3844688534,2697323.92592593,9006902.3853328,44987006,3,72827746,5201981.85714286,12181210.1132825,44987006,131,70011077,5834256.41666667,13132860.6711985,45057302,49,0,0,312,284,0.2059654572,0.1785033962,0,1460,328.8620689655,473.563973966,224262.837438424,0,0,0,1,0,0,0,0,0,340.6071428571,133.6,579.4615384615,312,15,2004,13,7533,8192,122,14,20,4975697.5,6965155.23685901,9900806,50589,30055081.5,21116930.1402311,44987006,15123157,BENIGN
443,60494983,11,9,3276,4556,821,0,297.8181818,350.899364,1460,0,506.2222222,603.9734634,129.4652814,0.330605928,3183946.474,13700000.0,60000000,8,60500000,6049498.3,18900000.0,60000000,334,434621,54327.625,40894.57387,125536,48,0,0,232,192,0.18183326,0.148772668,0,1460,372.952381,474.9006713,225530.6476,0,0,0,1,0,0,0,0,0,391.6,297.8181818,506.2222222,232,11,3276,9,4556,8192,513,6,20,0.0,0.0,0,0,0.0,0.0,0,0,BENIGN
21,268,2,1,14,0,14,0,7.0,9.899494937,0,0,0.0,0.0,52238.80597,11194.02985,134.0,11.3137085,142,126,268,268.0,0.0,268,268,0,0.0,0.0,0,0,1,0,64,20,7462.686567,3731.343284,0,14,7.0,8.082903769,65.33333333,0,1,0,0,1,0,0,0,0,9.333333333,7.0,0.0,64,2,14,1,0,229,0,0,32,0.0,0.0,0,0,0.0,0.0,0,0,FTP-Patator
80,61485,3,6,347,11595,347,0,115.6666667,200.3405434,5792,0,1932.5,2181.008184,194226.234,146.3771652,7685.625,17881.47665,51132,4,10007,5003.5,7070.360705,10003,4,61291,12258.2,22139.24136,51132,39,0,0,104,200,48.79238839,97.58477677,0,5792,1194.2,1887.108123,3561177.067,0,0,0,1,0,0,0,0,2,1326.888889,115.6666667,1932.5,104,3,347,6,11595,29200,235,1,32,0.0,0.0,0,0,0.0,0.0,0,0,DoS Hulk
53,157,2,2,52,84,26,26,26.0,0.0,42,42,42.0,0.0,866242.0382,25477.70701,52.33333333,84.58329228,150,3,3,3.0,0.0,3,3,4,4.0,0.0,4,4,0,0,64,64,12738.8535,12738.8535,26,42,32.4,8.76356092,76.8,0,0,0,0,0,0,0,0,1,40.5,26.0,42.0,64,2,52,2,84,-1,-1,1,32,0.0,0.0,0,0,0.0,0.0,0,0,BENIGN
53,60812,1,1,56,131,56,56,56.0,0.0,131,131,131.0,0.0,3075.0509767809,32.888245741,60812.0,0.0,60812,60812,0,0.0,0.0,0,0,0,0.0,0.0,0,0,0,0,32,20,16.4441228705,16.4441228705,56,131,81.0,43.3012701892,1875.0,0,0,0,0,0,0,0,0,1,121.5,56.0,131.0,32,1,56,1,131,-1,-1,0,32,0.0,0.0,0,0,0.0,0.0,0,0,BENIGN
56075,3,2,0,280,0,274,6,140.0,189.5046174,0,0,0.0,0.0,93300000.0,666666.6667,3.0,0.0,3,3,3,3.0,0.0,3,3,0,0.0,0.0,0,0,1,0,40,0,666666.6667,0.0,6,274,184.6666667,154.7298721,23941.33333,0,1,0,0,1,0,0,0,0,277.0,140.0,0.0,40,2,280,0,0,60,-1,1,20,0.0,0.0,0,0,0.0,0.0,0,0,BENIGN
80,5055926,8,5,354,11632,354,0,44.25,125.1579003,7288,0,2326.4,3351.290617,2370.683432,2.571240165,421327.1667,1441770.359,4999337,1,56589,8084.142857,20553.68248,54688,1,5055875,1263968.75,2493815.838,5004527,160,0,0,264,168,1.58230164,0.988938525,0,7288,856.1428571,2181.193529,4757605.209,0,0,0,1,0,0,0,0,0,922.0,44.25,2326.4,264,8,354,5,11632,29200,235,1,32,0.0,0.0,0,0,0.0,0.0,0,0,DoS GoldenEye
80,10046748,5,0,30,0,6,6,6.0,0.0,0,0,0.0,0.0,2.986040856,0.497673476,2511687.0,5022715.345,10000000,1,10000000,2511687.0,5022715.345,10000000,1,0,0.0,0.0,0,0,0,0,100,0,0.497673476,0.0,6,6,6.0,0.0,0.0,0,0,0,0,1,0,0,0,0,7.2,6.0,0.0,100,5,30,0,0,256,-1,4,20,988.0,0.0,988,988,10000000.0,0.0,10000000,10000000,DDoS
53,60713,1,1,48,117,48,48,48.0,0.0,117,117,117.0,0.0,2717.70461,32.94187406,60713.0,0.0,60713,60713,0,0.0,0.0,0,0,0,0.0,0.0,0,0,0,0,32,20,16.47093703,16.47093703,48,117,71.0,39.83716857,1587.0,0,0,0,0,0,0,0,0,1,106.5,48.0,117.0,32,1,48,1,117,-1,-1,0,32,0.0,0.0,0,0,0.0,0.0,0,0,BENIGN
80,439070,3,4,555,917,555,0,185.0,320.4293994,917,0,229.25,458.5,3352.540597,15.94278817,73178.33333,113100.8755,223397,1,215668,107834.0,151697.032,215100,568,224168,74722.66667,129419.125,224163,1,0,0,108,136,6.8326235,9.110164666,0,917,184.0,354.1722745,125438.0,0,0,0,1,0,0,0,0,1,210.2857143,185.0,229.25,108,3,555,4,917,65535,4935,1,32,0.0,0.0,0,0,0.0,0.0,0,0,BENIGN
53,167063,1,1,51,103,51,51,51.0,0.0,103,103,103.0,0.0,921.807940717,11.9715316976,167063.0,0.0,167063,167063,0,0.0,0.0,0,0,0,0.0,0.0,0,0,0,0,20,20,5.9857658488,5.9857658488,51,103,68.3333333333,30.0222139979,901.3333333333,0,0,0,0,0,0,0,0,1,102.5,51.0,103.0,20,1,51,1,103,-1,-1,0,20,0.0,0.0,0,0,0.0,0.0,0,0,BENIGN
2288,13,1,1,2,6,2,2,2.0,0.0,6,6,6.0,0.0,615384.6154,153846.1538,13.0,0.0,13,13,0,0.0,0.0,0,0,0,0.0,0.0,0,0,0,0,24,20,76923.07692,76923.07692,2,6,3.333333333,2.309401077,5.333333333,0,0,0,1,0,0,0,0,1,5.0,2.0,6.0,24,1,2,1,6,1024,0,0,24,0.0,0.0,0,0,0.0,0.0,0,0,PortScan
443,5136168,8,6,611,3499,342,0,76.375,125.4226426,1460,2,583.1666667,703.474354,800.2074698,2.725767537,395089.8462,1342961.371,4863405,2,5136168,733738.2857,1821610.413,4863405,3,159258,31851.6,42174.90026,78716,2,0,0,172,124,1.55758145,1.168186087,0,1460,274.0,503.2410669,253251.5714,0,0,0,1,0,0,0,0,0,293.5714286,76.375,583.1666667,172,8,611,6,3499,8192,34962,7,20,0.0,0.0,0,0,0.0,0.0,0,0,BENIGN
80,81791360,9,4,62,11601,20,0,6.888888889,5.30199124,10220,0,2900.25,4922.508194,142.5945234,0.158940993,6815946.667,19800000.0,68700000,2,80600000,10100000.0,24000000.0,68700000,2,1183550,394516.6667,676711.934,1175905,183,0,0,192,92,0.110036072,0.048904921,0,10220,833.5,2726.136143,7431818.269,0,0,0,0,1,0,0,0,0,897.6153846,6.888888889,2900.25,192,9,62,4,11601,256,229,7,20,1007.0,0.0,1007,1007,40300000.0,40100000.0,68700000,11900000,DDoS
80,382944,3,4,427,2267,427,0,142.3333333,246.5285649,2267,0,566.75,1133.5,7034.971171,18.27943511,63824.0,128090.0063,323698,4,352857,176428.5,208270.5242,323698,29159,353888,117962.6667,203521.9644,352969,4,0,0,72,92,7.83404362,10.44539149,0,2267,336.75,794.1224717,630630.5,0,0,0,1,0,0,0,0,1,384.8571429,142.3333333,566.75,72,3,427,4,2267,8192,237,1,20,0.0,0.0,0,0,0.0,0.0,0,0,BENIGN
4343,11,1,1,2,6,2,2,2.0,0.0,6,6,6.0,0.0,727272.7273,181818.1818,11.0,0.0,11,11,0,0.0,0.0,0,0,0,0.0,0.0,0,0,0,0,24,20,90909.09091,90909.09091,2,6,3.333333333,2.309401077,5.333333333,0,0,0,1,0,0,0,0,1,5.0,2.0,6.0,24,1,2,1,6,1024,0,0,24,0.0,0.0,0,0,0.0,0.0,0,0,PortScan
53,223,2,2,84,162,42,42,42.0,0.0,81,81,81.0,0.0,1103139.013,17937.21973,74.33333333,122.6879511,216,3,4,4.0,0.0,4,4,3,3.0,0.0,3,3,0,0,64,64,8968.609865,8968.609865,42,81,57.6,21.36117974,456.3,0,0,0,0,0,0,0,0,1,72.0,42.0,81.0,64,2,84,2,162,-1,-1,1,32,0.0,0.0,0,0,0.0,0.0,0,0,BENIGN
53,226,2,2,66,386,33,33,33.0,0.0,193,193,193.0,0.0,2000000.0,17699.11504,75.33333333,118.3948197,212,4,10,10.0,0.0,10,10,4,4.0,0.0,4,4,0,0,64,64,8849.557522,8849.557522,33,193,97.0,87.6356092,7680.0,0,0,0,0,0,0,0,0,1,121.25,33.0,193.0,64,2,66,2,386,-1,-1,1,32,0.0,0.0,0,0,0.0,0.0,0,0,BENIGN
80,102003405,8,4,56,11601,20,0,7.0,5.656854249,8760,0,2900.25,4128.319301,114.2804988,0.117643132,9273036.818,29700000.0,98700000,1,102000000,14600000.0,37100000.0,98700000,1,46151,15383.66667,16716.40683,33289,187,0,0,172,92,0.078428754,0.039214377,0,8760,897.1538462,2488.507044,6192667.308,0,0,0,0,1,0,0,0,0,971.9166667,7.0,2900.25,172,8,56,4,11601,256,229,6,20,3263917.0,0.0,3263917,3263917,98700000.0,0.0,98700000,98700000,DDoS
42214,53,1,1,0,0,0,0,0.0,0.0,0,0,0.0,0.0,0.0,37735.84906,53.0,0.0,53,53,0,0.0,0.0,0,0,0,0.0,0.0,0,0,0,0,32,32,18867.92453,18867.92453,0,0,0.0,0.0,0.0,0,0,0,0,1,1,0,0,1,0.0,0.0,0.0,32,1,0,1,0,358,333,0,32,0.0,0.0,0,0,0.0,0.0,0,0,BENIGN
443,95099,1,1,0,0,0,0,0.0,0.0,0,0,0.0,0.0,0.0,21.03071536,95099.0,0.0,95099,95099,0,0.0,0.0,0,0,0,0.0,0.0,0,0,0,0,32,32,10.51535768,10.51535768,0,0,0.0,0.0,0.0,0,0,0,0,1,1,0,0,1,0.0,0.0,0.0,32,1,0,1,0,304,254,0,32,0.0,0.0,0,0,0.0,0.0,0,0,BENIGN
443,60977330,14,13,871,3210,550,0,62.21428571,152.4700115,1448,0,246.9230769,534.9494464,66.92651187,0.442787508,2345281.923,4328576.813,10200000,11,61000000,4690563.846,5248267.767,10200000,84,60900000,5077189.25,5284904.1,10200000,205,0,0,456,424,0.229593523,0.213193985,0,1448,145.75,384.3353691,147713.6759,0,0,0,1,0,0,0,0,0,151.1481481,62.21428571,246.9230769,456,14,871,13,3210,29200,123,3,32,69404.5,45937.97995,163174,50357,10100000.0,166398.3218,10200000,9783195,BENIGN
22,13003283,20,33,2008,2745,640,0,100.4,141.9141327,976,0,83.18181818,217.2857356,365.523076,4.075893757,250063.1346,687179.87,2800293,3,10600000,557399.0,966713.0193,2850582,3,13000000,406348.875,843477.525,2800293,3,0,0,648,1064,1.538073116,2.537820641,0,976,88.01851852,189.5902723,35944.47135,0,0,0,1,0,0,0,0,1,89.67924528,100.4,83.18181818,648,20,2008,33,2745,29200,247,16,32,0.0,0.0,0,0,0.0,0.0,0,0,SSH-Patator
53,295,2,2,80,336,40,40,40.0,0.0,168,168,168.0,0.0,1410169.492,13559.32203,98.33333333,165.122177,289,3,3,3.0,0.0,3,3,3,3.0,0.0,3,3,0,0,40,40,6779.661017,6779.661017,40,168,91.2,70.10848736,4915.2,0,0,0,0,0,0,0,0,1,114.0,40.0,168.0,40,2,80,2,336,-1,-1,1,20,0.0,0.0,0,0,0.0,0.0,0,0,BENIGN
53,188,2,2,64,96,32,32,32.0,0.0,48,48,48.0,0.0,851063.829787234,21276.5957446809,62.6666666667,104.212923063,183,2,3,3.0,0.0,3,3,2,2.0,0.0,2,2,0,0,40,40,10638.2978723404,10638.2978723404,32,48,38.4,8.7635609201,76.8,0,0,0,0,0,0,0,0,1,48.0,32.0,48.0,40,2,64,2,96,-1,-1,1,20,0.0,0.0,0,0,0.0,0.0,0,0,BENIGN
63262,100722607,6,9,11613,62,5840,0,1935.5,2991.613996,20,0,6.888888889,5.30199124,115.9124088,0.148923866,7194471.929,25100000.0,94000000,0,101000000,20100000.0,45000000.0,101000000,47,101000000,12600000.0,33000000.0,94000000,0,0,0,132,192,0.059569546,0.089354319,0,5840,730.0625,1978.190435,3913237.396,0,0,0,0,1,1,0,0,1,778.7333333,1935.5,6.888888889,132,6,11613,9,62,229,256,4,20,26788.0,0.0,26788,26788,50300000.0,61800000.0,94000000,6607766,BENIGN
53,60793,1,1,41,73,41,41,41.0,0.0,73,73,73.0,0.0,1875.215897,32.8985245,60793.0,0.0,60793,60793,0,0.0,0.0,0,0,0,0.0,0.0,0,0,0,0,20,20,16.44926225,16.44926225,41,73,51.66666667,18.47520861,341.3333333,0,0,0,0,0,0,0,0,1,77.5,41.0,73.0,20,1,41,1,73,-1,-1,0,20,0.0,0.0,0,0,0.0,0.0,0,0,BENIGN
80,98702950,6,6,1020,11595,338,0,170.0,184.0478199,5792,0,1932.5,2181.008184,127.8077302,0.121576913,8972995.455,29600000.0,98100000,3,98600000,19700000.0,43800000.0,98100000,3,560559,112111.8,188098.8156,434099,14,0,0,188,200,0.060788457,0.060788457,0,5792,970.8461538,1690.194163,2856756.308,1,0,0,0,0,0,0,0,1,1051.75,170.0,1932.5,188,6,1020,6,11595,0,235,3,20,0.0,0.0,0,0,98100000.0,0.0,98100000,98100000,DoS Hulk
80,57766971,2,1,8,0,8,0,4.0,5.656854249,0,0,0.0,0.0,0.138487441,0.05193279,28900000.0,40800000.0,57800000,81,57800000,57800000.0,0.0,57800000,57800000,0,0.0,0.0,0,0,1,0,64,32,0.03462186,0.01731093,0,8,4.0,4.618802154,21.33333333,0,1,0,0,1,0,0,0,0,5.333333333,4.0,0.0,64,2,8,1,0,229,235,0,32,0.0,0.0,0,0,0.0,0.0,0,0,DoS slowloris
80,87036671,6,5,1008,11595,334,0,168.0,181.8570867,7240,0,2319.0,3331.638186,144.8010345,0.12638351,8703667.1,27300000.0,86400000,21,86900000,17400000.0,38600000.0,86400000,21,603757,150939.25,213482.7907,452988,87,0,0,188,168,0.06893646,0.05744705,0,7240,1050.75,2303.631328,5306717.295,1,0,0,0,0,0,0,0,0,1146.272727,168.0,2319.0,188,6,1008,5,11595,0,235,3,20,0.0,0.0,0,0,86400000.0,0.0,86400000,86400000,DoS Hulk
80,1150430,4,7,307,11595,307,0,76.75,153.5,4344,0,1656.428571,1757.579003,10345.69683,9.561642169,115043.0,312808.274,996969,2,1012978,337659.3333,571021.6621,996969,1018,153372,25562.0,55050.88981,137185,2,0,0,144,232,3.476960789,6.08468138,0,4344,991.8333333,1538.306083,2366385.606,0,0,0,1,0,0,0,0,1,1082.0,76.75,1656.428571,144,4,307,7,11595,29200,235,1,32,0.0,0.0,0,0,0.0,0.0,0,0,DoS Hulk
53,71415,2,2,60,246,30,30,30.0,0.0,123,123,123.0,0.0,4284.8141146818,56.010642022,23805.0,41224.5412709469,71407,4,4,4.0,0.0,4,4,4,4.0,0.0,4,4,0,0,64,64,28.005321011,28.005321011,30,123,67.2,50.938197848,2594.7,0,0,0,0,0,0,0,0,1,84.0,30.0,123.0,64,2,60,2,246,-1,-1,1,32,0.0,0.0,0,0,0.0,0.0,0,0,BENIGN
80,111,2,0,12,0,6,6,6.0,0.0,0,0,0.0,0.0,108108.1081,18018.01802,111.0,0.0,111,111,111,111.0,0.0,111,111,0,0.0,0.0,0,0,0,0,40,0,18018.01802,0.0,6,6,6.0,0.0,0.0,0,0,0,0,1,0,0,0,0,9.0,6.0,0.0,40,2,12,0,0,256,-1,1,20,0.0,0.0,0,0,0.0,0.0,0,0,BENIGN
80,36788,1,1,0,0,0,0,0.0,0.0,0,0,0.0,0.0,0.0,54.36555398,36788.0,0.0,36788,36788,0,0.0,0.0,0,0,0,0.0,0.0,0,0,0,0,20,20,27.18277699,27.18277699,0,0,0.0,0.0,0.0,0,0,0,0,1,1,0,0,1,0.0,0.0,0.0,20,1,0,1,0,256,1013,0,20,0.0,0.0,0,0,0.0,0.0,0,0,BENIGN
443,188408,7,5,376,3508,201,0,53.71428571,78.68653906,1460,0,701.6,731.5646246,20614.83589,63.69156299,17128.0,33497.80572,84712,48,188408,31401.33333,42818.27302,88151,196,88923,22230.75,42130.16521,85388,48,0,0,152,112,37.15341174,26.53815125,0,1460,298.7692308,539.9757948,291573.859,0,0,0,1,0,0,0,0,0,323.6666667,53.71428571,701.6,152,7,376,5,3508,8192,60,6,20,0.0,0.0,0,0,0.0,0.0,0,0,BENIGN
700,75,1,1,0,6,0,0,0.0,0.0,6,6,6.0,0.0,80000.0,26666.66667,75.0,0.0,75,75,0,0.0,0.0,0,0,0,0.0,0.0,0,0,0,0,40,20,13333.33333,13333.33333,0,6,2.0,3.464101615,12.0,0,0,0,1,0,0,0,0,1,3.0,0.0,6.0,40,1,0,1,6,29200,0,0,40,0.0,0.0,0,0,0.0,0.0,0,0,PortScan
21,191,2,2,14,0,14,0,7.0,9.899494937,0,0,0.0,0.0,73298.42932,20942.40838,63.66666667,28.58904219,95,39,191,191.0,0.0,191,191,39,39.0,0.0,39,39,1,0,64,40,10471.20419,10471.20419,0,14,5.6,7.668115805,58.8,0,1,0,0,1,0,0,0,1,7.0,7.0,0.0,64,2,14,2,0,229,0,0,32,0.0,0.0,0,0,0.0,0.0,0,0,FTP-Patator
53,51750,2,2,68,186,34,34,34.0,0.0,93,93,93.0,0.0,4908.21256,77.29468599,17250.0,29873.54634,51745,1,1,1.0,0.0,1,1,4,4.0,0.0,4,4,0,0,40,40,38.647343,38.647343,34,93,57.6,32.31563089,1044.3,0,0,0,0,0,0,0,0,1,72.0,34.0,93.0,40,2,68,2,186,-1,-1,1,20,0.0,0.0,0,0,0.0,0.0,0,0,BENIGN
80,3005677,8,1,1780,0,356,0,222.5,184.2475043,0,0,0.0,0.0,592.2126696,2.994333722,375709.625,488828.2132,1373521,108,3005677,429382.4286,501887.7955,1373521,431,0,0.0,0.0,0,0,0,0,264,40,2.661629976,0.332703747,0,356,178.0,187.6284745,35204.44444,0,0,0,1,0,0,0,0,0,197.7777778,222.5,0.0,264,8,1780,1,0,29200,28960,5,32,0.0,0.0,0,0,0.0,0.0,0,0,DoS Slowhttptest
53,61615,2,2,74,234,37,37,37.0,0.0,117,117,117.0,0.0,4998.782764,64.91925667,20538.33333,35568.24068,61609,3,3,3.0,0.0,3,3,3,3.0,0.0,3,3,0,0,64,64,32.45962834,32.45962834,37,117,69.0,43.8178046,1920.0,0,0,0,0,0,0,0,0,1,86.25,37.0,117.0,64,2,74,2,234,-1,-1,1,32,0.0,0.0,0,0,0.0,0.0,0,0,BENIGN
443,117,2,0,12,0,6,6,6.0,0.0,0,0,0.0,0.0,102564.102564103,17094.0170940171,117.0,0.0,117,117,117,117.0,0.0,117,117,0,0.0,0.0,0,0,0,0,40,0,17094.0170940171,0.0,6,6,6.0,0.0,0.0,0,0,0,0,1,0,0,0,0,9.0,6.0,0.0,40,2,12,0,0,16417,-1,1,20,0.0,0.0,0,0,0.0,0.0,0,0,BENIGN
53,141,2,2,102,134,51,51,51.0,0.0,67,67,67.0,0.0,1673758.86524823,28368.7943262411,47.0,75.3458691635,134,3,3,3.0,0.0,3,3,4,4.0,0.0,4,4,0,0,64,64,14184.3971631206,14184.3971631206,51,67,57.4,8.7635609201,76.8,0,0,0,0,0,0,0,0,1,71.75,51.0,67.0,64,2,102,2,134,-1,-1,1,32,0.0,0.0,0,0,0.0,0.0,0,0,BENIGN
80,11318380,8,5,442,11632,442,0,55.25,156.2705986,10184,0,2326.4,4437.056321,1066.760437,1.148574266,943198.3333,2218625.11,6313459,1,6322288,903184.0,2388830.372,6320542,1,11300000,2829591.0,3310219.513,6313459,196,0,0,264,168,0.706814933,0.441759333,0,10184,862.4285714,2711.697757,7353304.725,0,0,0,1,0,0,0,0,0,928.7692308,55.25,2326.4,264,8,442,5,11632,29200,235,1,32,803.0,0.0,803,803,6313459.0,0.0,6313459,6313459,DoS GoldenEye
8093,70,1,1,0,6,0,0,0.0,0.0,6,6,6.0,0.0,85714.28571,28571.42857,70.0,0.0,70,70,0,0.0,0.0,0,0,0,0.0,0.0,0,0,0,0,40,20,14285.71429,14285.71429,0,6,2.0,3.464101615,12.0,0,0,0,1,0,0,0,0,1,3.0,0.0,6.0,40,1,0,1,6,29200,0,0,40,0.0,0.0,0,0,0.0,0.0,0,0,PortScan
80,115207341,16,14,635,282,624,0,39.6875,155.8172942,282,0,20.14285714,75.36767022,7.95956223,0.260400073,3972666.931,4881305.973,10000000,70,115000000,7680489.4,4167722.866,10000000,153,110000000,8480999.923,3760443.339,10000000,360,0,0,332,424,0.138880039,0.121520034,0,624,29.58064516,121.3514934,14726.18495,0,0,0,1,0,0,0,0,0,30.56666667,39.6875,20.14285714,332,16,635,14,282,8192,952,12,20,21005.0,19376.31154,79426,15020,10000000.0,19444.1168,10000000,9947312,BENIGN
53,169539,2,2,58,416,29,29,29.0,0.0,208,208,208.0,0.0,2795.8168916886,23.593391491,56513.0,97839.2225796996,169488,3,3,3.0,0.0,3,3,48,48.0,0.0,48,48,0,0,64,64,11.7966957455,11.7966957455,29,208,100.6,98.0423377934,9612.3,0,0,0,0,0,0,0,0,1,125.75,29.0,208.0,64,2,58,2,416,-1,-1,1,32,0.0,0.0,0,0,0.0,0.0,0,0,BENIGN
53,175520,2,2,84,192,42,42,42.0,0.0,96,96,96.0,0.0,1572.470374,22.78942571,58506.66667,101331.3231,175514,3,3,3.0,0.0,3,3,3,3.0,0.0,3,3,0,0,40,40,11.39471285,11.39471285,42,96,63.6,29.57701811,874.8,0,0,0,0,0,0,0,0,1,79.5,42.0,96.0,40,2,84,2,192,-1,-1,1,20,0.0,0.0,0,0,0.0,0.0,0,0,BENIGN
80,99609702,7,6,361,11595,355,0,51.57142857,133.8181068,7240,0,1932.5,2695.639126,120.0284687,0.130509375,8300808.5,28700000.0,99500000,0,99500000,16600000.0,40600000.0,99500000,0,147453,29490.6,59816.00131,136159,47,0,0,220,200,0.070274279,0.060235096,0,7240,854.0,1934.610396,3742717.385,0,0,0,0,1,0,0,0,0,919.6923077,51.57142857,1932.5,220,7,361,6,11595,251,235,2,20,4.0,0.0,4,4,99500000.0,0.0,99500000,99500000,DoS Hulk
38260,500311,5,3,11607,26,5840,0,2321.4,3173.373883,20,0,8.666666667,10.26320288,23251.53754,15.99005419,71473.0,188605.5839,499190,16,500311,125077.75,249408.4173,499190,61,722,361.0,388.9087297,636,86,0,0,112,72,9.993783866,5.99627032,0,5840,1292.555556,2554.159212,6523729.278,0,0,0,1,1,0,0,0,0,1454.125,2321.4,8.666666667,112,5,11607,3,26,29200,256,4,20,0.0,0.0,0,0,0.0,0.0,0,0,BENIGN
80,10741526,8,5,345,11632,345,0,43.125,121.9759198,5840,0,2326.4,3185.599598,1115.018481,1.210256345,895127.1667,2095875.873,5738927,44,5741586,820226.5714,2169257.866,5739641,203,10700000,2685370.5,3114903.306,5738927,66,0,0,264,168,0.744773136,0.46548321,0,5840,855.5,2103.578736,4425043.5,0,0,0,1,0,0,0,0,0,921.3076923,43.125,2326.4,264,8,345,5,11632,29200,235,1,32,789.0,0.0,789,789,5738927.0,0.0,5738927,5738927,DoS GoldenEye
53,65779,1,1,54,150,54,54,54.0,0.0,150,150,150.0,0.0,3101.293726,30.40484045,65779.0,0.0,65779,65779,0,0.0,0.0,0,0,0,0.0,0.0,0,0,0,0,20,32,15.20242023,15.20242023,54,150,86.0,55.42562584,3072.0,0,0,0,0,0,0,0,0,1,129.0,54.0,150.0,20,1,54,1,150,-1,-1,0,20,0.0,0.0,0,0,0.0,0.0,0,0,BENIGN
80,3544914,4,0,24,0,6,6,6.0,0.0,0,0,0.0,0.0,6.770262974,1.128377162,1181638.0,2044910.528,3542897,0,3544914,1181638.0,2044910.528,3542897,0,0,0.0,0.0,0,0,0,0,80,0,1.128377162,0.0,6,6,6.0,0.0,0.0,0,0,0,0,1,0,0,0,0,7.5,6.0,0.0,80,4,24,0,0,256,-1,3,20,0.0,0.0,0,0,0.0,0.0,0,0,DDoS
53725,37,1,1,6,6,6,6,6.0,0.0,6,6,6.0,0.0,324324.324324324,54054.0540540541,37.0,0.0,37,37,0,0.0,0.0,0,0,0,0.0,0.0,0,0,0,0,20,20,27027.027027027,27027.027027027,6,6,6.0,0.0,0.0,0,0,0,0,1,1,0,0,1,9.0,6.0,6.0,20,1,6,1,6,119,255,0,20,0.0,0.0,0,0,0.0,0.0,0,0,BENIGN
21,45,2,0,14,0,14,0,7.0,9.899494937,0,0,0.0,0.0,311111.1111,44444.44444,45.0,0.0,45,45,45,45.0,0.0,45,45,0,0.0,0.0,0,0,1,0,64,0,44444.44444,0.0,0,14,9.333333333,8.082903769,65.33333333,0,1,0,0,1,0,0,0,0,14.0,7.0,0.0,64,2,14,0,0,229,-1,0,32,0.0,0.0,0,0,0.0,0.0,0,0,FTP-Patator
80,67660517,6,5,308,11595,308,0,51.33333333,125.7404735,5792,0,2319.0,3170.403917,175.9223921,0.162576352,6766051.7,21300000.0,67500000,4,67500000,13500000.0,30200000.0,67500000,4,148439,37109.75,66279.44328,136170,65,0,0,200,168,0.08867801,0.073898342,0,5792,991.9166667,2243.834561,5034793.538,0,0,0,0,1,0,0,0,0,1082.090909,51.33333333,2319.0,200,6,308,5,11595,251,235,1,32,995.0,0.0,995,995,67500000.0,0.0,67500000,67500000,DoS Hulk
80,115829186,18,15,1846,1136,926,0,102.5555555556,298.4822828957,568,0,75.7333333333,199.8597603559,25.7448066673,0.2849022871,3619662.0625,4854323.50748463,10216772,31,115829186,6813481.52941177,4779265.8386512,10240011,3356,113027488,8073392.0,4249889.53766857,10240156,2511,0,0,584,488,0.1554012475,0.1295010396,0,926,87.7058823529,251.5157118307,63260.1532976827,0,0,0,1,0,0,0,0,0,90.3636363636,102.5555555556,75.7333333333,584,18,1846,15,1136,29200,64,2,32,88085.0,214599.898645829,735128,23232,10187145.8181818,67347.2868107071,10216772,10020356,BENIGN
36375,12178151,1,5,6,30,6,6,6.0,0.0,6,6,6.0,0.0,2.956113781,0.49268563,2435630.2,5425709.299,12100000,3,0,0.0,0.0,0,0,12200000,3041482.5,6066634.031,12100000,3,0,0,20,100,0.082114272,0.410571358,6,6,6.0,0.0,0.0,0,0,0,0,1,1,0,0,5,7.0,6.0,6.0,20,1,6,5,30,229,0,0,20,36732.0,0.0,36732,36732,12100000.0,0.0,12100000,12100000,BENIGN
53,90590319,2,2,123,209,66,57,61.5,6.3639610307,111,98,104.5,9.1923881554,3.6648507662,0.0441548285,30196773.0,52178704.2232563,90447526,23998,90566321,90566321.0,0.0,90566321,90566321,90471524,90471524.0,0.0,90471524,90471524,0,0,52,40,0.0220774143,0.0220774143,57,111,77.8,25.073890803,628.7,0,0,0,0,0,0,0,0,1,97.25,61.5,104.5,52,2,123,2,209,-1,-1,1,20,118795.0,0.0,118795,118795,90447526.0,0.0,90447526,90447526,BENIGN
53,76567,4,2,172,194,43,43,43.0,0.0,97,97,97.0,0.0,4780.1272088498,78.3627411287,15313.4,21596.727490525,45704,1,30860,10286.6666666667,17774.6095972129,30811,1,3,3.0,0.0,3,3,0,0,80,40,52.2418274191,26.1209137096,43,97,58.4285714286,26.3493019696,694.2857142857,0,0,0,0,0,0,0,0,0,68.1666666667,43.0,97.0,80,4,172,2,194,-1,-1,3,20,0.0,0.0,0,0,0.0,0.0,0,0,BENIGN
443,6000626,10,6,347,5038,190,0,34.7,67.4092806,2648,0,839.6666667,1065.349645,897.4063706,2.666388473,400041.7333,1493500.587,5798151,2,6000626,666736.2222,1924561.518,5798151,3,111207,22241.4,29773.05099,58081,259,0,0,328,200,1.666492796,0.999895678,0,2648,316.7647059,718.1682019,515765.5662,0,0,0,1,0,0,0,0,0,336.5625,34.7,839.6666667,328,10,347,6,5038,29200,110,3,32,202472.0,0.0,202472,202472,5798151.0,0.0,5798151,5798151,BENIGN
1033,49,1,1,0,6,0,0,0.0,0.0,6,6,6.0,0.0,122448.9796,40816.32653,49.0,0.0,49,49,0,0.0,0.0,0,0,0,0.0,0.0,0,0,0,0,40,20,20408.16327,20408.16327,0,6,2.0,3.464101615,12.0,0,0,0,1,0,0,0,0,1,3.0,0.0,6.0,40,1,0,1,6,29200,0,0,40,0.0,0.0,0,0,0.0,0.0,0,0,PortScan
53,108059,1,1,60,163,60,60,60.0,0.0,163,163,163.0,0.0,2063.6874300151,18.5084074441,108059.0,0.0,108059,108059,0,0.0,0.0,0,0,0,0.0,0.0,0,0,0,0,44,20,9.254203722,9.254203722,60,163,94.3333333333,59.4670777265,3536.3333333333,0,0,0,0,0,0,0,0,1,141.5,60.0,163.0,44,1,60,1,163,-1,-1,0,44,0.0,0.0,0,0,0.0,0.0,0,0,BENIGN
58237,1838406,1,5,6,30,6,6,6.0,0.0,6,6,6.0,0.0,19.58218152,3.26369692,367681.2,819089.0022,1832911,273,0,0.0,0.0,0,0,1835784,458946.0,915977.0557,1832911,273,0,0,20,100,0.543949487,2.719747433,6,6,6.0,0.0,0.0,0,0,0,0,1,1,0,0,5,7.0,6.0,6.0,20,1,6,5,30,229,0,0,20,0.0,0.0,0,0,0.0,0.0,0,0,BENIGN
80,98358618,5,6,356,11595,344,0,71.2,152.5293414,10136,0,1932.5,4061.030399,121.5043505,0.11183565,9835861.8,31100000.0,98300000,2,98400000,24600000.0,49200000.0,98300000,6,98400000,19700000.0,44000000.0,98400000,2,0,0,144,200,0.050834386,0.061001264,0,10136,996.4166667,2908.787109,8461042.447,1,0,0,0,0,0,0,0,1,1087.0,71.2,1932.5,144,5,356,6,11595,0,235,2,20,14020.0,0.0,14020,14020,98300000.0,0.0,98300000,98300000,DoS Hulk
53,191,2,2,68,188,34,34,34.0,0.0,94,94,94.0,0.0,1340314.136,20942.40838,63.66666667,27.13546265,95,48,48,48.0,0.0,48,48,48,48.0,0.0,48,48,0,0,64,64,10471.20419,10471.20419,34,94,58.0,32.86335345,1080.0,0,0,0,0,0,0,0,0,1,72.5,34.0,94.0,64,2,68,2,188,-1,-1,1,32,0.0,0.0,0,0,0.0,0.0,0,0,BENIGN
443,19818,2,0,0,0,0,0,0.0,0.0,0,0,0.0,0.0,0.0,100.918357,19818.0,0.0,19818,19818,19818,19818.0,0.0,19818,19818,0,0.0,0.0,0,0,0,0,40,0,100.918357,0.0,0,0,0.0,0.0,0.0,0,0,0,0,1,0,0,0,0,0.0,0.0,0.0,40,2,0,0,0,252,-1,0,20,0.0,0.0,0,0,0.0,0.0,0,0,BENIGN
443,5697841,9,6,367,3710,210,0,40.77777778,75.80530618,1448,0,618.3333333,674.5504182,715.5341822,2.632576093,406988.6429,1480647.377,5551046,2,5697841,712230.125,1955359.058,5551046,44,69632,13926.4,17258.58613,35419,48,0,0,296,200,1.579545656,1.053030437,0,1448,254.8125,489.2970766,239411.6292,0,0,0,1,0,0,0,0,0,271.8,40.77777778,618.3333333,296,9,367,6,3710,29200,118,3,32,146751.0,0.0,146751,146751,5551046.0,0.0,5551046,5551046,BENIGN
80,11991693,5,0,30,0,6,6,6.0,0.0,0,0,0.0,0.0,2.501731824,0.416955304,2997923.25,5995185.185,12000000,1,12000000,2997923.25,5995185.185,12000000,1,0,0.0,0.0,0,0,0,0,100,0,0.416955304,0.0,6,6,6.0,0.0,0.0,0,0,0,0,1,0,0,0,0,7.2,6.0,0.0,100,5,30,0,0,256,-1,4,20,992.0,0.0,992,992,12000000.0,0.0,12000000,12000000,DDoS
443,5614736,6,4,320,157,226,0,53.33333333,86.76788961,145,0,39.25,70.55671478,84.95501837,1.781027639,623859.5556,1802858.038,5430800,3,5614736,1122947.2,2455787.187,5515770,4,137441,45813.66667,45235.89476,90452,3,0,0,132,92,1.068616583,0.712411055,0,226,43.36363636,74.24455903,5512.254545,0,0,0,1,0,0,0,0,0,47.7,53.33333333,39.25,132,6,320,4,157,8192,110,5,20,183932.0,0.0,183932,183932,5430800.0,0.0,5430800,5430800,BENIGN
53,148,2,2,80,112,40,40,40.0,0.0,56,56,56.0,0.0,1297297.297,27027.02703,49.33333333,79.38723659,141,3,4,4.0,0.0,4,4,3,3.0,0.0,3,3,0,0,40,40,13513.51351,13513.51351,40,56,46.4,8.76356092,76.8,0,0,0,0,0,0,0,0,1,58.0,40.0,56.0,40,2,80,2,112,-1,-1,1,20,0.0,0.0,0,0,0.0,0.0,0,0,BENIGN
53,30656,4,4,88,216,22,22,22.0,0.0,54,54,54.0,0.0,9916.492693,260.960334,4379.428571,8807.866538,23478,3,30496,10165.33333,17561.85427,30444,4,7130,2376.666667,4111.311267,7124,3,0,0,104,104,130.480167,130.480167,22,54,36.22222222,16.86548085,284.4444444,0,0,0,0,0,0,0,0,1,40.75,22.0,54.0,104,4,88,4,216,-1,-1,3,20,0.0,0.0,0,0,0.0,0.0,0,0,BENIGN
1102,1,2,0,37,0,31,6,18.5,17.6776695297,0,0,0.0,0.0,37000000.0,2000000.0,1.0,0.0,1,1,1,1.0,0.0,1,1,0,0.0,0.0,0,0,1,0,40,0,2000000.0,0.0,6,31,22.6666666667,14.4337567297,208.3333333333,0,1,0,0,1,0,0,0,0,34.0,18.5,0.0,40,2,37,0,0,946,-1,1,20,0.0,0.0,0,0,0.0,0.0,0,0,BENIGN
80,86196033,10,6,972,11595,324,0,97.2,156.5068689,5792,0,1932.5,2181.008184,145.7955727,0.185623392,5746402.2,22100000.0,85600000,6,86100000,9563621.222,28500000.0,85600000,176,568450,113690.0,192727.6911,445014,46,0,0,328,200,0.11601462,0.069608772,0,5792,739.2352941,1525.128664,2326017.441,0,0,0,0,1,0,0,0,0,785.4375,97.2,1932.5,328,10,972,6,11595,274,235,3,32,1153.0,0.0,1153,1153,85600000.0,0.0,85600000,85600000,DoS Hulk
53,374,2,2,72,192,36,36,36.0,0.0,96,96,96.0,0.0,705882.3529,10695.18717,124.6666667,174.2880757,324,1,49,49.0,0.0,49,49,1,1.0,0.0,1,1,0,0,40,40,5347.593583,5347.593583,36,96,60.0,32.86335345,1080.0,0,0,0,0,0,0,0,0,1,75.0,36.0,96.0,40,2,72,2,192,-1,-1,1,20,0.0,0.0,0,0,0.0,0.0,0,0,BENIGN
53,76311783,3,3,191,348,91,38,63.6666666667,26.5392790658,158,90,116.0,36.7151195014,7.0631294252,0.0786248173,15262356.6,29246805.7027916,67114158,23523,76262632,38131316.0,41095585.2399522,67190283,9072349,76288260,38144130.0,41039316.5107325,67163309,9124951,0,0,72,72,0.0393124087,0.0393124087,38,158,82.4285714286,41.8642932297,1752.6190476191,0,0,0,0,0,0,0,0,1,96.1666666667,63.6666666667,116.0,72,3,191,3,348,-1,-1,2,20,49824.0,37195.2309039748,76125,23523,38081492.0,41058390.0090482,67114158,9048826,BENIGN
443,116133100,29,30,1381,26476,517,0,47.62068966,132.0596223,3440,0,882.5333333,1011.536105,239.8713201,0.50803776,2002294.828,3971391.938,10000000,23,116000000,4147610.714,4929676.914,10100000,49,111000000,3819763.241,4954480.595,10100000,48,0,0,936,968,0.249713475,0.258324285,0,3440,464.2833333,830.1464255,689143.0879,0,0,0,1,0,0,0,0,1,472.1525424,47.62068966,882.5333333,936,29,1381,30,26476,29200,126,5,32,54058.41667,84074.63292,321030,29520,9623695.833,1352215.378,10000000,5330192,BENIGN
53237,36,1,1,6,6,6,6,6.0,0.0,6,6,6.0,0.0,333333.333333333,55555.5555555556,36.0,0.0,36,36,0,0.0,0.0,0,0,0,0.0,0.0,0,0,0,0,20,20,27777.7777777778,27777.7777777778,6,6,6.0,0.0,0.0,0,0,0,0,1,1,0,0,1,9.0,6.0,6.0,20,1,6,1,6,60,255,0,20,0.0,0.0,0,0,0.0,0.0,0,0,BENIGN
80,51471,3,4,441,870,435,0,147.0,249.4333578,858,0,217.5,427.0093676,25470.65338,135.998912,8578.5,11468.40916,23267,3,27519,13759.5,13523.41719,23322,4197,28204,9401.333333,15663.26302,27483,3,0,0,72,92,58.285248,77.713664,0,858,163.875,318.6258161,101522.4107,0,0,0,1,0,0,0,0,1,187.2857143,147.0,217.5,72,3,441,4,870,8192,31,2,20,0.0,0.0,0,0,0.0,0.0,0,0,BENIGN
53,264,2,2,64,204,32,32,32.0,0.0,102,102,102.0,0.0,1015151.515,15151.51515,88.0,110.5667219,213,3,48,48.0,0.0,48,48,3,3.0,0.0,3,3,0,0,64,64,7575.757576,7575.757576,32,102,60.0,38.34057903,1470.0,0,0,0,0,0,0,0,0,1,75.0,32.0,102.0,64,2,64,2,204,-1,-1,1,32,0.0,0.0,0,0,0.0,0.0,0,0,BENIGN
53,171,2,2,88,188,44,44,44.0,0.0,94,94,94.0,0.0,1614035.088,23391.81287,57.0,91.7986928,163,4,4,4.0,0.0,4,4,4,4.0,0.0,4,4,0,0,64,64,11695.90643,11695.90643,44,94,64.0,27.38612788,750.0,0,0,0,0,0,0,0,0,1,80.0,44.0,94.0,64,2,88,2,188,-1,-1,1,32,0.0,0.0,0,0,0.0,0.0,0,0,BENIGN
53,31364,2,2,70,326,35,35,35.0,0.0,163,163,163.0,0.0,12625.940568805,127.5347532203,10454.6666666667,18101.0856396331,31356,4,4,4.0,0.0,4,4,4,4.0,0.0,4,4,0,0,64,64,63.7673766101,63.7673766101,35,163,86.2,70.1084873607,4915.2,0,0,0,0,0,0,0,0,1,107.75,35.0,163.0,64,2,70,2,326,-1,-1,1,32,0.0,0.0,0,0,0.0,0.0,0,0,BENIGN
9103,44,1,1,0,6,0,0,0.0,0.0,6,6,6.0,0.0,136363.6364,45454.54545,44.0,0.0,44,44,0,0.0,0.0,0,0,0,0.0,0.0,0,0,0,0,40,20,22727.27273,22727.27273,0,6,2.0,3.464101615,12.0,0,0,0,1,0,0,0,0,1,3.0,0.0,6.0,40,1,0,1,6,29200,0,0,40,0.0,0.0,0,0,0.0,0.0,0,0,PortScan
53,260,2,2,78,188,39,39,39.0,0.0,94,94,94.0,0.0,1023076.923,15384.61538,86.66666667,148.3790192,258,1,1,1.0,0.0,1,1,1,1.0,0.0,1,1,0,0,64,64,7692.307692,7692.307692,39,94,61.0,30.12474066,907.5,0,0,0,0,0,0,0,0,1,76.25,39.0,94.0,64,2,78,2,188,-1,-1,1,32,0.0,0.0,0,0,0.0,0.0,0,0,BENIGN
443,6541031,10,7,710,5460,517,0,71.0,164.6828602,1448,0,780.0,687.2699615,943.2763734,2.598978663,408814.4375,1601410.26,6413938,6,6541031,726781.2222,2132778.681,6413938,57,66990,11165.0,15372.7753,33379,48,0,0,328,232,1.528810978,1.070167685,0,1448,342.7777778,556.9029439,310140.8889,0,0,0,1,0,0,0,0,0,362.9411765,71.0,780.0,328,10,710,7,5460,29200,33,3,32,127036.0,0.0,127036,127036,6413938.0,0.0,6413938,6413938,BENIGN
56827,48,1,1,6,6,6,6,6.0,0.0,6,6,6.0,0.0,250000.0,41666.66667,48.0,0.0,48,48,0,0.0,0.0,0,0,0,0.0,0.0,0,0,0,0,20,20,20833.33333,20833.33333,6,6,6.0,0.0,0.0,0,0,0,0,1,1,0,0,1,9.0,6.0,6.0,20,1,6,1,6,119,253,0,20,0.0,0.0,0,0,0.0,0.0,0,0,BENIGN
5811,49,2,0,4,0,2,2,2.0,0.0,0,0,0.0,0.0,81632.65306,40816.32653,49.0,0.0,49,49,49,49.0,0.0,49,49,0,0.0,0.0,0,0,0,0,48,0,40816.32653,0.0,2,2,2.0,0.0,0.0,0,0,0,1,0,0,0,0,0,3.0,2.0,0.0,48,2,4,0,0,1024,-1,1,24,0.0,0.0,0,0,0.0,0.0,0,0,BENIGN
8093,49,1,1,0,6,0,0,0.0,0.0,6,6,6.0,0.0,122448.9796,40816.32653,49.0,0.0,49,49,0,0.0,0.0,0,0,0,0.0,0.0,0,0,0,0,40,20,20408.16327,20408.16327,0,6,2.0,3.464101615,12.0,0,0,0,1,0,0,0,0,1,3.0,0.0,6.0,40,1,0,1,6,29200,0,0,40,0.0,0.0,0,0,0.0,0.0,0,0,PortScan
37,93,1,1,0,6,0,0,0.0,0.0,6,6,6.0,0.0,64516.12903,21505.37634,93.0,0.0,93,93,0,0.0,0.0,0,0,0,0.0,0.0,0,0,0,0,40,20,10752.68817,10752.68817,0,6,2.0,3.464101615,12.0,0,0,0,1,0,0,0,0,1,3.0,0.0,6.0,40,1,0,1,6,29200,0,0,40,0.0,0.0,0,0,0.0,0.0,0,0,PortScan
21,67,1,2,6,12,6,6,6.0,0.0,6,6,6.0,0.0,268656.7164,44776.1194,33.5,20.50609665,48,19,0,0.0,0.0,0,0,48,48.0,0.0,48,48,0,0,20,40,14925.37313,29850.74627,6,6,6.0,0.0,0.0,0,0,0,0,1,1,0,0,2,8.0,6.0,6.0,20,1,6,2,12,255,229,0,20,0.0,0.0,0,0,0.0,0.0,0,0,BENIGN
1024,51,1,1,2,6,2,2,2.0,0.0,6,6,6.0,0.0,156862.7451,39215.68627,51.0,0.0,51,51,0,0.0,0.0,0,0,0,0.0,0.0,0,0,0,0,24,20,19607.84314,19607.84314,2,6,3.333333333,2.309401077,5.333333333,0,0,0,1,0,0,0,0,1,5.0,2.0,6.0,24,1,2,1,6,1024,0,0,24,0.0,0.0,0,0,0.0,0.0,0,0,PortScan
443,7507943,8,7,1200,1050,853,0,150.0,293.7452735,885,0,150.0,329.8863441,299.6826161,1.997884108,536281.6429,1731041.655,6539372,2,7507943,1072563.286,2414661.826,6539372,2,7251104,1208517.333,2632764.252,6572203,2,0,0,172,148,1.065538191,0.932345917,0,885,140.625,291.8958433,85203.18333,0,0,0,1,0,0,0,0,0,150.0,150.0,150.0,172,8,1200,7,1050,8192,5527,4,20,32666.0,0.0,32666,32666,6539372.0,0.0,6539372,6539372,BENIGN
9998,15,1,1,2,6,2,2,2.0,0.0,6,6,6.0,0.0,533333.3333,133333.3333,15.0,0.0,15,15,0,0.0,0.0,0,0,0,0.0,0.0,0,0,0,0,24,20,66666.66667,66666.66667,2,6,3.333333333,2.309401077,5.333333333,0,0,0,1,0,0,0,0,1,5.0,2.0,6.0,24,1,2,1,6,1024,0,0,24,0.0,0.0,0,0,0.0,0.0,0,0,PortScan
80,570473,4,0,24,0,6,6,6.0,0.0,0,0,0.0,0.0,42.07035215,7.011725358,190157.6667,324175.96,564482,1984,570473,190157.6667,324175.96,564482,1984,0,0.0,0.0,0,0,0,0,80,0,7.011725358,0.0,6,6,6.0,0.0,0.0,0,0,0,0,1,0,0,0,0,7.5,6.0,0.0,80,4,24,0,0,256,-1,3,20,0.0,0.0,0,0,0.0,0.0,0,0,DDoS
53,47003,1,1,41,128,41,41,41.0,0.0,128,128,128.0,0.0,3595.51518,42.5504755,47003.0,0.0,47003,47003,0,0.0,0.0,0,0,0,0.0,0.0,0,0,0,0,32,32,21.27523775,21.27523775,41,128,70.0,50.22947342,2523.0,0,0,0,0,0,0,0,0,1,105.0,41.0,128.0,32,1,41,1,128,-1,-1,0,32,0.0,0.0,0,0,0.0,0.0,0,0,BENIGN
80,34295579,7,7,454,1779,424,0,64.85714286,158.3828995,1767,0,254.1428571,667.1132909,65.11043304,0.408215881,2638121.462,4269878.005,10000000,67,31000000,5174621.833,5478661.867,10300000,166,34000000,5672330.667,5134977.987,10300000,948,0,0,152,188,0.204107941,0.204107941,0,1767,148.8666667,460.5817543,212135.5524,0,0,0,1,0,0,0,0,1,159.5,64.85714286,254.1428571,152,7,454,7,1779,8192,946,6,20,349257.3333,151764.6045,524500,261604,9999986.333,153.8321596,10000000,9999812,BENIGN
51850,13095,2,0,12,0,6,6,6.0,0.0,0,0,0.0,0.0,916.3802978,152.7300496,13095.0,0.0,13095,13095,13095,13095.0,0.0,13095,13095,0,0.0,0.0,0,0,0,0,40,0,152.7300496,0.0,6,6,6.0,0.0,0.0,0,0,0,0,1,0,0,0,0,9.0,6.0,0.0,40,2,12,0,0,913,-1,1,20,0.0,0.0,0,0,0.0,0.0,0,0,BENIGN
443,5288461,8,6,394,3716,213,0,49.25,78.32669678,1460,0,619.3333333,679.9090135,777.1637155,2.647272997,406804.6923,1386217.95,5017193,1,5288461,755494.4286,1880778.972,5017193,4,57100,11420.0,14540.33849,31294,50,0,0,172,132,1.512727427,1.13454557,0,1460,274.0,503.4902467,253502.4286,0,0,0,1,0,0,0,0,0,293.5714286,49.25,619.3333333,172,8,394,6,3716,8192,119,7,20,271264.0,0.0,271264,271264,5017193.0,0.0,5017193,5017193,BENIGN
53,181,2,2,72,288,36,36,36.0,0.0,144,144,144.0,0.0,1988950.276,22099.44751,60.33333333,99.3042463,175,3,3,3.0,0.0,3,3,3,3.0,0.0,3,3,0,0,80,80,11049.72376,11049.72376,36,144,79.2,59.15403621,3499.2,0,0,0,0,0,0,0,0,1,99.0,36.0,144.0,80,2,72,2,288,-1,-1,1,40,0.0,0.0,0,0,0.0,0.0,0,0,BENIGN
53,60911,2,2,74,190,37,37,37.0,0.0,95,95,95.0,0.0,4334.192510384,65.6695834907,20303.6666666667,35163.5181592134,60907,1,1,1.0,0.0,1,1,3,3.0,0.0,3,3,0,0,40,40,32.8347917453,32.8347917453,37,95,60.2,31.7679083353,1009.2,0,0,0,0,0,0,0,0,1,75.25,37.0,95.0,40,2,74,2,190,-1,-1,1,20,0.0,0.0,0,0,0.0,0.0,0,0,BENIGN
443,355561,5,7,1425,1161,851,0,285.0,383.4064423,960,0,165.8571429,354.309859,7273.013632,33.74948321,32323.72727,51883.02063,112911,2,226452,56613.0,65223.91252,113454,97,242851,40475.16667,56580.56036,113288,2,0,0,112,152,14.06228467,19.68719854,0,960,198.9230769,344.6598472,118790.4103,0,0,0,1,0,0,0,0,1,215.5,285.0,165.8571429,112,5,1425,7,1161,8192,250,4,20,0.0,0.0,0,0,0.0,0.0,0,0,BENIGN
1026,19,1,1,0,6,0,0,0.0,0.0,6,6,6.0,0.0,315789.4737,105263.1579,19.0,0.0,19,19,0,0.0,0.0,0,0,0,0.0,0.0,0,0,0,0,40,20,52631.57895,52631.57895,0,6,2.0,3.464101615,12.0,0,0,0,1,0,0,0,0,1,3.0,0.0,6.0,40,1,0,1,6,29200,0,0,40,0.0,0.0,0,0,0.0,0.0,0,0,PortScan
59964,999,1,1,0,0,0,0,0.0,0.0,0,0,0.0,0.0,0.0,2002.002002,999.0,0.0,999,999,0,0.0,0.0,0,0,0,0.0,0.0,0,0,0,0,20,20,1001.001001,1001.001001,0,0,0.0,0.0,0.0,0,0,0,0,1,1,0,0,1,0.0,0.0,0.0,20,1,0,1,0,60,32850,0,20,0.0,0.0,0,0,0.0,0.0,0,0,BENIGN
53,91678,1,1,51,184,51,51,51.0,0.0,184,184,184.0,0.0,2563.319444,21.81548463,91678.0,0.0,91678,91678,0,0.0,0.0,0,0,0,0.0,0.0,0,0,0,0,32,32,10.90774232,10.90774232,51,184,95.33333333,76.7875858,5896.333333,0,0,0,0,0,0,0,0,1,143.0,51.0,184.0,32,1,51,1,184,-1,-1,0,32,0.0,0.0,0,0,0.0,0.0,0,0,BENIGN
80,656189,3,5,26,11601,20,0,8.666666667,10.26320288,5840,0,2320.2,2436.833027,17718.98035,12.19160943,93741.28571,245646.3296,650806,84,4471,2235.5,2648.114896,4108,363,656038,164009.5,324536.504,650806,186,0,0,72,112,4.571853536,7.619755894,0,5840,1291.888889,2110.95076,4456113.111,0,0,0,1,0,0,0,0,1,1453.375,8.666666667,2320.2,72,3,26,5,11601,8192,229,2,20,0.0,0.0,0,0,0.0,0.0,0,0,DDoS
80,85163068,8,7,325,11595,325,0,40.625,114.9048519,5792,0,1656.428571,2118.227235,139.9667753,0.176132687,6083076.286,22700000.0,85000000,0,85000000,12100000.0,32100000.0,85000000,0,152415,25402.5,55932.03794,139081,1,0,0,264,232,0.093937433,0.082195254,0,5792,745.0,1578.033248,2490188.933,0,0,0,0,1,0,0,0,0,794.6666667,40.625,1656.428571,264,8,325,7,11595,251,235,1,32,1001.0,0.0,1001,1001,85000000.0,0.0,85000000,85000000,DoS Hulk
10025,54,1,1,2,6,2,2,2.0,0.0,6,6,6.0,0.0,148148.1481,37037.03704,54.0,0.0,54,54,0,0.0,0.0,0,0,0,0.0,0.0,0,0,0,0,24,20,18518.51852,18518.51852,2,6,3.333333333,2.309401077,5.333333333,0,0,0,1,0,0,0,0,1,5.0,2.0,6.0,24,1,2,1,6,1024,0,0,24,0.0,0.0,0,0,0.0,0.0,0,0,PortScan
443,115289583,23,23,1806,16261,1441,0,78.52173913,300.7813869,2920,0,707.0,982.311976,156.709735,0.398995285,2561990.733,4328270.869,9988276,6,115000000,5240435.591,4999413.737,10000000,48,110000000,5022124.455,5126948.844,10000000,48,0,0,472,604,0.199497642,0.199497642,0,2920,384.4042553,778.965916,606787.8982,0,0,0,1,0,0,0,0,1,392.7608696,78.52173913,707.0,472,23,1806,23,16261,8192,1038,15,20,57728.63636,43028.57739,187402,43278,9986281.818,1489.804203,9988276,9984669,BENIGN
53,48595,2,2,70,286,35,35,35.0,0.0,143,143,143.0,0.0,7325.85657,82.31299516,16198.33333,28052.87225,48591,1,1,1.0,0.0,1,1,3,3.0,0.0,3,3,0,0,64,64,41.15649758,41.15649758,35,143,78.2,59.15403621,3499.2,0,0,0,0,0,0,0,0,1,97.75,35.0,143.0,64,2,70,2,286,-1,-1,1,32,0.0,0.0,0,0,0.0,0.0,0,0,BENIGN
53,93107,4,2,152,438,38,38,38.0,0.0,219,219,219.0,0.0,6336.7953000312,64.441986102,18621.4,27545.2406923592,61299,3,61305,20435.0,35389.2621002473,61299,3,3,3.0,0.0,3,3,0,0,128,40,42.961324068,21.480662034,38,219,89.7142857143,88.3189566018,7800.2380952381,0,0,0,0,0,0,0,0,0,104.6666666667,38.0,219.0,128,4,152,2,438,-1,-1,3,20,0.0,0.0,0,0,0.0,0.0,0,0,BENIGN
53,100638,2,2,64,196,32,32,32.0,0.0,98,98,98.0,0.0,2583.517161,39.74641785,33546.0,58099.04628,100633,1,1,1.0,0.0,1,1,4,4.0,0.0,4,4,0,0,40,64,19.87320893,19.87320893,32,98,58.4,36.1496888,1306.8,0,0,0,0,0,0,0,0,1,73.0,32.0,98.0,40,2,64,2,196,-1,-1,1,20,0.0,0.0,0,0,0.0,0.0,0,0,BENIGN
45904,1,2,0,0,0,0,0,0.0,0.0,0,0,0.0,0.0,0.0,2000000.0,1.0,0.0,1,1,1,1.0,0.0,1,1,0,0.0,0.0,0,0,0,0,64,0,2000000.0,0.0,0,0,0.0,0.0,0.0,0,0,0,0,1,0,0,0,0,0.0,0.0,0.0,64,2,0,0,0,340,-1,0,32,0.0,0.0,0,0,0.0,0.0,0,0,BENIGN
7200,43,1,1,0,6,0,0,0.0,0.0,6,6,6.0,0.0,139534.8837,46511.62791,43.0,0.0,43,43,0,0.0,0.0,0,0,0,0.0,0.0,0,0,0,0,40,20,23255.81395,23255.81395,0,6,2.0,3.464101615,12.0,0,0,0,1,0,0,0,0,1,3.0,0.0,6.0,40,1,0,1,6,29200,0,0,40,0.0,0.0,0,0,0.0,0.0,0,0,PortScan
51633,217,2,0,12,0,6,6,6.0,0.0,0,0,0.0,0.0,55299.53917,9216.589862,217.0,0.0,217,217,217,217.0,0.0,217,217,0,0.0,0.0,0,0,0,0,40,0,9216.589862,0.0,6,6,6.0,0.0,0.0,0,0,0,0,1,0,0,0,0,9.0,6.0,0.0,40,2,12,0,0,70,-1,1,20,0.0,0.0,0,0,0.0,0.0,0,0,BENIGN
51798,596,2,1,0,0,0,0,0.0,0.0,0,0,0.0,0.0,0.0,5033.557047,298.0,414.3645738,591,5,596,596.0,0.0,596,596,0,0.0,0.0,0,0,0,0,40,20,3355.704698,1677.852349,0,0,0.0,0.0,0.0,0,0,0,0,1,0,0,0,0,0.0,0.0,0.0,40,2,0,1,0,127,16205,0,20,0.0,0.0,0,0,0.0,0.0,0,0,BENIGN
80,9059628,8,6,56,11601,20,0,7.0,5.656854249,4380,0,1933.5,1757.789948,1286.697423,1.545317313,696894.4615,1699629.075,6039829,17,7497151,1071021.571,2255008.886,6039829,247,1580922,316184.4,696231.2561,1561561,17,0,0,172,132,0.883038465,0.662278849,0,4380,777.5333333,1434.571657,2057995.838,0,0,0,0,1,0,0,0,0,833.0714286,7.0,1933.5,172,8,56,6,11601,256,229,6,20,1438826.0,0.0,1438826,1438826,6039829.0,0.0,6039829,6039829,DDoS
60932,424,2,1,0,0,0,0,0.0,0.0,0,0,0.0,0.0,0.0,7075.4716981132,212.0,80.6101730553,269,155,269,269.0,0.0,269,269,0,0.0,0.0,0,0,0,0,64,32,4716.9811320755,2358.4905660377,0,0,0.0,0.0,0.0,0,0,0,0,1,1,0,0,0,0.0,0.0,0.0,64,2,0,1,0,349,32832,0,32,0.0,0.0,0,0,0.0,0.0,0,0,BENIGN
53,194,2,2,66,166,33,33,33.0,0.0,83,83,83.0,0.0,1195876.289,20618.5567,64.66666667,105.9449543,187,3,4,4.0,0.0,4,4,3,3.0,0.0,3,3,0,0,64,64,10309.27835,10309.27835,33,83,53.0,27.38612788,750.0,0,0,0,0,0,0,0,0,1,66.25,33.0,83.0,64,2,66,2,166,-1,-1,1,32,0.0,0.0,0,0,0.0,0.0,0,0,BENIGN
53,53878,2,2,70,254,35,35,35.0,0.0,127,127,127.0,0.0,6013.58625,74.24180556,17959.33333,31101.28165,53872,3,3,3.0,0.0,3,3,3,3.0,0.0,3,3,0,0,64,40,37.12090278,37.12090278,35,127,71.8,50.39047529,2539.2,0,0,0,0,0,0,0,0,1,89.75,35.0,127.0,64,2,70,2,254,-1,-1,1,32,0.0,0.0,0,0,0.0,0.0,0,0,BENIGN
10012,42,1,1,2,6,2,2,2.0,0.0,6,6,6.0,0.0,190476.1905,47619.04762,42.0,0.0,42,42,0,0.0,0.0,0,0,0,0.0,0.0,0,0,0,0,24,20,23809.52381,23809.52381,2,6,3.333333333,2.309401077,5.333333333,0,0,0,1,0,0,0,0,1,5.0,2.0,6.0,24,1,2,1,6,1024,0,0,24,0.0,0.0,0,0,0.0,0.0,0,0,PortScan
80,264335,3,4,26,11601,20,0,8.666666667,10.26320288,8760,0,2900.25,4128.319301,43985.85129,26.48154804,44055.83333,96290.21392,239635,52,24455,12227.5,16889.24547,24170,285,264237,88079.0,131808.6473,239635,193,0,0,72,92,11.34923487,15.13231316,0,8760,1453.375,3113.952607,9696700.839,0,0,0,1,0,0,0,0,1,1661.0,8.666666667,2900.25,72,3,26,4,11601,8192,229,2,20,0.0,0.0,0,0,0.0,0.0,0,0,DDoS
53,133,2,2,80,112,40,40,40.0,0.0,56,56,56.0,0.0,1443609.023,30075.18797,44.33333333,69.85938257,125,4,4,4.0,0.0,4,4,4,4.0,0.0,4,4,0,0,40,40,15037.59398,15037.59398,40,56,46.4,8.76356092,76.8,0,0,0,0,0,0,0,0,1,58.0,40.0,56.0,40,2,80,2,112,-1,-1,1,20,0.0,0.0,0,0,0.0,0.0,0,0,BENIGN
80,38810,1,1,0,0,0,0,0.0,0.0,0,0,0.0,0.0,0.0,51.53311002,38810.0,0.0,38810,38810,0,0.0,0.0,0,0,0,0.0,0.0,0,0,0,0,32,32,25.76655501,25.76655501,0,0,0.0,0.0,0.0,0,0,0,0,1,1,0,0,1,0.0,0.0,0.0,32,1,0,1,0,256,939,0,32,0.0,0.0,0,0,0.0,0.0,0,0,BENIGN
22,12183767,22,32,2024,2745,640,0,92.0,138.3384394,976,0,85.78125,220.240592,391.4224558,4.43212678,229882.3962,625027.7017,2236204,4,10700000,508186.5238,916420.1775,2301485,609,12200000,393019.7419,781694.1027,2236204,4,0,0,712,1032,1.805681281,2.626445499,0,976,86.70909091,188.253835,35439.5064,0,0,0,1,0,0,0,0,1,88.31481481,92.0,85.78125,712,22,2024,32,2745,29200,257,16,32,0.0,0.0,0,0,0.0,0.0,0,0,SSH-Patator
53,279,2,2,68,412,34,34,34.0,0.0,206,206,206.0,0.0,1720430.10752688,14336.917562724,93.0,159.3486742963,277,1,1,1.0,0.0,1,1,1,1.0,0.0,1,1,0,0,40,40,7168.458781362,7168.458781362,34,206,102.8,94.2082798909,8875.2,0,0,0,0,0,0,0,0,1,128.5,34.0,206.0,40,2,68,2,412,-1,-1,1,20,0.0,0.0,0,0,0.0,0.0,0,0,BENIGN
22,12321113,22,32,2024,2745,640,0,92.0,138.3384394,976,0,85.78125,220.240592,387.0591886,4.382720944,232473.8302,648942.3325,2659024,3,10200000,487859.9524,912018.6557,2703327,541,12300000,397452.7097,813847.125,2659024,3,0,0,712,1032,1.785552977,2.597167967,0,976,86.70909091,188.253835,35439.5064,0,0,0,1,0,0,0,0,1,88.31481481,92.0,85.78125,712,22,2024,32,2745,29200,257,16,32,0.0,0.0,0,0,0.0,0.0,0,0,SSH-Patator
53,197,2,2,72,192,36,36,36.0,0.0,96,96,96.0,0.0,1340101.523,20304.56853,65.66666667,108.5418506,191,3,3,3.0,0.0,3,3,3,3.0,0.0,3,3,0,0,64,64,10152.28426,10152.28426,36,96,60.0,32.86335345,1080.0,0,0,0,0,0,0,0,0,1,75.0,36.0,96.0,64,2,72,2,192,-1,-1,1,32,0.0,0.0,0,0,0.0,0.0,0,0,BENIGN
53,7562812,2,2,100,212,51,49,50.0,1.4142135624,147,65,106.0,57.9827560573,41.2544963434,0.5289037993,2520937.33333333,4281388.24342062,7464613,30702,7532110,7532110.0,0.0,7532110,7532110,7495315,7495315.0,0.0,7495315,7495315,0,0,40,64,0.2644518996,0.2644518996,49,147,72.6,42.0808745156,1770.8,0,0,0,0,0,0,0,0,1,90.75,50.0,106.0,40,2,100,2,212,-1,-1,1,20,67497.0,0.0,67497,67497,7464613.0,0.0,7464613,7464613,BENIGN
443,96098306,67,103,3513,136304,1368,0,52.43283582,205.1201587,2836,0,1323.339806,385.9508135,1454.937197,1.769021818,568629.0296,7292994.691,94800000,1,96100000,1456034.939,11700000.0,94800000,1,1246478,12220.37255,62708.1056,466133,2,0,0,2156,3304,0.697202717,1.071819102,0,2836,817.6432749,703.8168931,495358.2191,0,0,0,1,0,0,0,0,1,822.4529412,52.43283582,1323.339806,2156,67,3513,103,136304,65535,413,9,32,1283545.0,0.0,1283545,1283545,94800000.0,0.0,94800000,94800000,BENIGN
53,23401,1,1,46,62,46,46,46.0,0.0,62,62,62.0,0.0,4615.187385,85.46643306,23401.0,0.0,23401,23401,0,0.0,0.0,0,0,0,0.0,0.0,0,0,0,0,20,20,42.73321653,42.73321653,46,62,51.33333333,9.237604307,85.33333333,0,0,0,0,0,0,0,0,1,77.0,46.0,62.0,20,1,46,1,62,-1,-1,0,20,0.0,0.0,0,0,0.0,0.0,0,0,BENIGN
50006,49,2,0,4,0,2,2,2.0,0.0,0,0,0.0,0.0,81632.65306,40816.32653,49.0,0.0,49,49,49,49.0,0.0,49,49,0,0.0,0.0,0,0,0,0,48,0,40816.32653,0.0,2,2,2.0,0.0,0.0,0,0,0,1,0,0,0,0,0,3.0,2.0,0.0,48,2,4,0,0,1024,-1,1,24,0.0,0.0,0,0,0.0,0.0,0,0,BENIGN
443,69,2,0,12,0,6,6,6.0,0.0,0,0,0.0,0.0,173913.043478261,28985.5072463768,69.0,0.0,69,69,69,69.0,0.0,69,69,0,0.0,0.0,0,0,0,0,40,0,28985.5072463768,0.0,6,6,6.0,0.0,0.0,0,0,0,0,1,0,0,0,0,9.0,6.0,0.0,40,2,12,0,0,16369,-1,1,20,0.0,0.0,0,0,0.0,0.0,0,0,BENIGN
80,63131962,7,0,0,0,0,0,0.0,0.0,0,0,0.0,0.0,0.0,0.11087886,10500000.0,11900000.0,32100000,996603,63100000,10500000.0,11900000.0,32100000,996603,0,0.0,0.0,0,0,0,0,280,0,0.11087886,0.0,0,0,0.0,0.0,0.0,0,0,0,1,0,0,0,0,0,0.0,0.0,0.0,280,7,0,0,0,29200,-1,0,40,7004562.0,0.0,7004562,7004562,18700000.0,12200000.0,32100000,8015900,DoS Slowhttptest
80,1866097,5,0,30,0,6,6,6.0,0.0,0,0,0.0,0.0,16.07633472,2.679389121,466524.25,932383.2846,1865099,1,1866097,466524.25,932383.2846,1865099,1,0,0.0,0.0,0,0,0,0,100,0,2.679389121,0.0,6,6,6.0,0.0,0.0,0,0,0,0,1,0,0,0,0,7.2,6.0,0.0,100,5,30,0,0,256,-1,4,20,0.0,0.0,0,0,0.0,0.0,0,0,DDoS
21,9506242,9,15,109,188,26,0,12.11111111,9.93031274,34,0,12.53333333,14.54975045,31.24262984,2.524656957,413314.8696,1083210.18,3603926,3,5861874,732734.25,1360417.134,3154202,4,9506169,679012.0714,1338425.859,3603926,3,0,0,296,488,0.946746359,1.577910598,0,34,11.88,12.74859469,162.5266667,0,0,0,1,0,0,0,0,1,12.375,12.11111111,12.53333333,296,9,109,15,188,29200,227,6,32,0.0,0.0,0,0,0.0,0.0,0,0,FTP-Patator
53,45184,2,2,68,182,34,34,34.0,0.0,91,91,91.0,0.0,5532.932011,88.52691218,15061.33333,26081.79841,45178,3,3,3.0,0.0,3,3,3,3.0,0.0,3,3,0,0,64,64,44.26345609,44.26345609,34,91,56.8,31.22018578,974.7,0,0,0,0,0,0,0,0,1,71.0,34.0,91.0,64,2,68,2,182,-1,-1,1,32,0.0,0.0,0,0,0.0,0.0,0,0,BENIGN
443,1187894,8,6,1172,3643,793,0,146.5,274.0208543,2920,0,607.1666667,1140.96598,4053.391969,11.78556336,91376.46154,160231.786,586802,52,1143890,163412.8571,199233.2065,586802,21431,1152077,230415.4,319502.7171,772548,138,0,0,172,132,6.734607633,5.050955725,0,2920,321.0,749.8866581,562330.0,0,0,0,1,0,0,0,0,0,343.9285714,146.5,607.1666667,172,8,1172,6,3643,8192,135,7,20,0.0,0.0,0,0,0.0,0.0,0,0,BENIGN
1692,45,1,1,6,6,6,6,6.0,0.0,6,6,6.0,0.0,266666.666666667,44444.4444444444,45.0,0.0,45,45,0,0.0,0.0,0,0,0,0.0,0.0,0,0,0,0,20,20,22222.2222222222,22222.2222222222,6,6,6.0,0.0,0.0,0,0,0,0,1,1,0,0,1,9.0,6.0,6.0,20,1,6,1,6,31088,64209,0,20,0.0,0.0,0,0,0.0,0.0,0,0,BENIGN
443,23878,3,2,18,0,6,6,6.0,0.0,0,0,0.0,0.0,753.8319792277,209.3977720077,5969.5,11590.9721622764,23353,11,23878,11939.0,16816.4134701785,23830,48,23390,23390.0,0.0,23390,23390,0,0,60,76,125.6386632046,83.7591088031,0,6,4.0,3.098386677,9.6,1,0,0,0,0,0,0,0,0,4.8,6.0,0.0,60,3,18,2,0,0,972,2,20,0.0,0.0,0,0,0.0,0.0,0,0,BENIGN
53,203,2,2,82,210,41,41,41.0,0.0,105,105,105.0,0.0,1438423.645,19704.4335,67.66666667,112.0104162,197,2,2,2.0,0.0,2,2,4,4.0,0.0,4,4,0,0,64,64,9852.216749,9852.216749,41,105,66.6,35.05424368,1228.8,0,0,0,0,0,0,0,0,1,83.25,41.0,105.0,64,2,82,2,210,-1,-1,1,32,0.0,0.0,0,0,0.0,0.0,0,0,BENIGN
443,18196,2,0,12,0,6,6,6.0,0.0,0,0,0.0,0.0,659.485601231,109.9142668718,18196.0,0.0,18196,18196,18196,18196.0,0.0,18196,18196,0,0.0,0.0,0,0,0,0,40,0,109.9142668718,0.0,6,6,6.0,0.0,0.0,0,0,0,0,1,0,0,0,0,9.0,6.0,0.0,40,2,12,0,0,326,-1,1,20,0.0,0.0,0,0,0.0,0.0,0,0,BENIGN
443,119223913,21,19,2455,5226,1406,0,116.9047619,334.1382805,2836,0,275.0526316,676.7182635,64.42499501,0.335503164,3057023.41,4611314.024,10000000,33,119000000,5959355.4,4970976.177,10100000,130,119000000,6621514.111,4807135.401,10100000,184,0,0,680,616,0.176139161,0.159364003,0,2836,187.3414634,518.6877967,269037.0305,0,0,0,1,0,0,0,0,0,192.025,116.9047619,275.0526316,680,21,2455,19,5226,29200,381,4,32,57204.33333,65032.61925,263059,36743,9875054.667,455599.1936,10000000,8429097,BENIGN
23,49,1,1,0,6,0,0,0.0,0.0,6,6,6.0,0.0,122448.9796,40816.32653,49.0,0.0,49,49,0,0.0,0.0,0,0,0,0.0,0.0,0,0,0,0,40,20,20408.16327,20408.16327,0,6,2.0,3.464101615,12.0,0,0,0,1,0,0,0,0,1,3.0,0.0,6.0,40,1,0,1,6,29200,0,0,40,0.0,0.0,0,0,0.0,0.0,0,0,PortScan
22,11935273,23,32,2008,2745,640,0,87.30434783,136.3399611,976,0,85.78125,220.240592,398.2313601,4.608189524,221023.5741,608519.4888,2312110,3,9967985,453090.2273,854597.1188,2393974,417,11900000,385004.6774,767498.0374,2312110,3,0,0,744,1032,1.927061074,2.68112845,0,976,84.875,186.8396554,34909.05682,0,0,0,1,0,0,0,0,1,86.41818182,87.30434783,85.78125,744,23,2008,32,2745,29200,247,16,32,0.0,0.0,0,0,0.0,0.0,0,0,SSH-Patator
1301,45,1,1,0,6,0,0,0.0,0.0,6,6,6.0,0.0,133333.3333,44444.44444,45.0,0.0,45,45,0,0.0,0.0,0,0,0,0.0,0.0,0,0,0,0,40,20,22222.22222,22222.22222,0,6,2.0,3.464101615,12.0,0,0,0,1,0,0,0,0,1,3.0,0.0,6.0,40,1,0,1,6,29200,0,0,40,0.0,0.0,0,0,0.0,0.0,0,0,PortScan
49361,513,3,0,43,0,31,6,14.33333333,14.43375673,0,0,0.0,0.0,83820.66277,5847.953216,256.5,359.9173516,511,2,513,256.5,359.9173516,511,2,0,0.0,0.0,0,0,0,0,60,0,5847.953216,0.0,6,31,12.25,12.5,156.25,0,0,0,0,1,0,0,0,0,16.33333333,14.33333333,0.0,60,3,43,0,0,946,-1,2,20,0.0,0.0,0,0,0.0,0.0,0,0,BENIGN
80,493251,3,6,26,11601,20,0,8.666666667,10.26320288,4380,0,1933.5,1998.0254,23572.17725,18.2462884,61656.375,170499.5091,483563,47,8982,4491.0,5755.849199,8561,421,493001,98600.2,215232.6682,483563,159,0,0,72,132,6.082096134,12.16419227,0,4380,1162.7,1791.113375,3208087.122,0,0,0,1,0,0,0,0,2,1291.888889,8.666666667,1933.5,72,3,26,6,11601,8192,229,2,20,0.0,0.0,0,0,0.0,0.0,0,0,DDoS
53,61180,2,2,72,286,36,36,36.0,0.0,143,143,143.0,0.0,5851.585485,65.38084341,20393.33333,35117.11022,60943,49,188,188.0,0.0,188,188,49,49.0,0.0,49,49,0,0,64,64,32.69042171,32.69042171,36,143,78.8,58.60631365,3434.7,0,0,0,0,0,0,0,0,1,98.5,36.0,143.0,64,2,72,2,286,-1,-1,1,32,0.0,0.0,0,0,0.0,0.0,0,0,BENIGN
47234,98,2,1,31,6,31,0,15.5,21.92031022,6,6,6.0,0.0,377551.0204,30612.2449,49.0,25.45584412,67,31,98,98.0,0.0,98,98,0,0.0,0.0,0,0,1,0,64,20,20408.16327,10204.08163,0,31,17.0,16.35033129,267.3333333,0,1,0,0,1,0,0,0,0,22.66666667,15.5,6.0,64,2,31,1,6,290,0,0,32,0.0,0.0,0,0,0.0,0.0,0,0,BENIGN
80,71280832,8,6,56,11601,20,0,7.0,5.656854249,4380,0,1933.5,1757.789948,163.5362505,0.196406237,5483140.923,19200000.0,69300000,5,70100000,10000000.0,26100000.0,69300000,247,1210693,242138.6,533621.903,1196654,45,0,0,172,132,0.112232136,0.084174102,0,4380,777.5333333,1434.571657,2057995.838,0,0,0,0,1,0,0,0,0,833.0714286,7.0,1933.5,172,8,56,6,11601,256,229,6,20,806099.0,0.0,806099,806099,69300000.0,0.0,69300000,69300000,DDoS
443,4353079,5,2,129,47,45,6,25.8,18.78030884,41,6,23.5,24.74873734,40.43115229,1.608057194,725513.1667,1657152.203,4101969,4,4353079,1088269.75,2012600.4,4101969,48,4,4.0,0.0,4,4,1,0,100,40,1.148612281,0.459444912,6,45,27.125,17.93191488,321.5535714,0,1,0,0,1,0,0,0,0,31.0,25.8,23.5,100,5,129,2,47,237,4380,4,20,0.0,0.0,0,0,0.0,0.0,0,0,BENIGN
32781,56,1,1,2,6,2,2,2.0,0.0,6,6,6.0,0.0,142857.1429,35714.28571,56.0,0.0,56,56,0,0.0,0.0,0,0,0,0.0,0.0,0,0,0,0,24,20,17857.14286,17857.14286,2,6,3.333333333,2.309401077,5.333333333,0,0,0,1,0,0,0,0,1,5.0,2.0,6.0,24,1,2,1,6,1024,0,0,24,0.0,0.0,0,0,0.0,0.0,0,0,PortScan
21,8267508,9,15,110,188,29,0,12.22222222,10.28078034,34,0,12.53333333,14.54975045,36.04471867,2.902930363,359456.8696,932807.6801,2901058,3,5636620,704577.5,1304478.053,2943894,3,8267383,590527.3571,1151344.787,2901058,3,0,0,296,488,1.088598886,1.814331477,0,34,11.92,12.84172886,164.91,0,0,0,1,0,0,0,0,1,12.41666667,12.22222222,12.53333333,296,9,110,15,188,29200,227,6,32,0.0,0.0,0,0,0.0,0.0,0,0,FTP-Patator
80,254779,3,5,26,11607,20,0,8.666666667,10.26320288,7215,0,2321.4,3327.769794,45659.17913,31.39976215,36397.0,95806.00526,253664,4,890,445.0,472.3473298,779,111,254681,63670.25,126663.1187,253664,4,0,0,72,112,11.77491081,19.62485134,0,7215,1292.555556,2650.585648,7025604.278,0,0,0,1,0,0,0,0,1,1454.125,8.666666667,2321.4,72,3,26,5,11607,8192,229,2,20,0.0,0.0,0,0,0.0,0.0,0,0,DDoS
80,118115209,19,17,1805,762,587,0,95.0,212.2477588,250,0,44.82352941,97.92103662,21.73301831,0.304787168,3374720.257,4684633.362,10000000,46,118000000,6559909.444,4711980.647,10000000,199,118000000,7379893.938,4394537.522,10000000,19137,0,0,392,484,0.160859894,0.143927274,0,587,69.37837838,165.9849979,27551.01952,0,0,0,1,0,0,0,0,0,71.30555556,95.0,44.82352941,392,19,1805,17,762,8192,362,18,20,100755.5,165930.8751,591359,36751,9739108.667,763971.7483,10000000,7324761,BENIGN
80,5529911,5,0,30,0,6,6,6.0,0.0,0,0,0.0,0.0,5.425042103,0.904173684,1382477.75,2763620.207,5527908,3,5529911,1382477.75,2763620.207,5527908,3,0,0.0,0.0,0,0,0,0,100,0,0.904173684,0.0,6,6,6.0,0.0,0.0,0,0,0,0,1,0,0,0,0,7.2,6.0,0.0,100,5,30,0,0,256,-1,4,20,2003.0,0.0,2003,2003,5527908.0,0.0,5527908,5527908,DDoS
80,2485954,5,0,30,0,6,6,6.0,0.0,0,0,0.0,0.0,12.06780174,2.01130029,621488.5,1242307.09,2484949,1,2485954,621488.5,1242307.09,2484949,1,0,0.0,0.0,0,0,0,0,100,0,2.01130029,0.0,6,6,6.0,0.0,0.0,0,0,0,0,1,0,0,0,0,7.2,6.0,0.0,100,5,30,0,0,256,-1,4,20,0.0,0.0,0,0,0.0,0.0,0,0,DDoS
80,9476613,7,5,50,11607,20,0,7.142857143,6.094494002,5840,0,2321.4,3173.373883,1230.080832,1.266275198,861510.2727,2415582.164,8043201,3,9392099,1565349.833,3218867.583,8043201,4,85408,21352.0,41974.0083,84310,3,0,0,152,112,0.738660532,0.527614666,0,5840,897.1538462,2174.910107,4730233.974,0,0,0,0,1,0,0,0,0,971.9166667,7.142857143,2321.4,152,7,50,5,11607,256,229,5,20,1347983.0,0.0,1347983,1347983,8043201.0,0.0,8043201,8043201,DDoS
49195,82,1,1,6,6,6,6,6.0,0.0,6,6,6.0,0.0,146341.4634,24390.2439,82.0,0.0,82,82,0,0.0,0.0,0,0,0,0.0,0.0,0,0,0,0,20,20,12195.12195,12195.12195,6,6,6.0,0.0,0.0,0,0,0,0,1,1,0,0,1,9.0,6.0,6.0,20,1,6,1,6,1315,256,0,20,0.0,0.0,0,0,0.0,0.0,0,0,BENIGN
61316,857,1,1,0,0,0,0,0.0,0.0,0,0,0.0,0.0,0.0,2333.722287,857.0,0.0,857,857,0,0.0,0.0,0,0,0,0.0,0.0,0,0,0,0,32,32,1166.861144,1166.861144,0,0,0.0,0.0,0.0,0,0,0,0,1,1,0,0,1,0.0,0.0,0.0,32,1,0,1,0,122,33304,0,32,0.0,0.0,0,0,0.0,0.0,0,0,BENIGN
80,5457414,3,1,0,0,0,0,0.0,0.0,0,0,0.0,0.0,0.0,0.732947876,1819138.0,3150085.149,5456543,125,5457414,2728707.0,3857742.667,5456543,871,0,0.0,0.0,0,0,0,0,104,40,0.549710907,0.183236969,0,0,0.0,0.0,0.0,0,0,0,1,0,0,0,0,0,0.0,0.0,0.0,104,3,0,1,0,29200,28960,0,32,0.0,0.0,0,0,0.0,0.0,0,0,Web Attack � Brute Force
53201,2,1,2,0,12,0,0,0.0,0.0,6,6,6.0,0.0,6000000.0,1500000.0,1.0,0.0,1,1,0,0.0,0.0,0,0,1,1.0,0.0,1,1,0,0,32,40,500000.0,1000000.0,0,6,3.0,3.4641016151,12.0,0,0,0,0,1,0,0,0,2,4.0,0.0,6.0,32,1,0,2,12,972,0,0,32,0.0,0.0,0,0,0.0,0.0,0,0,BENIGN
80,115838928,16,14,514,1969,430,0,32.125,106.1105556,1963,0,140.6428571,524.5129033,21.43493593,0.258980297,3994445.793,4881053.02,10000000,91,116000000,7722595.2,4148475.731,10000000,16480,110000000,8486069.462,3757108.715,10000000,769,0,0,332,424,0.138122825,0.120857472,0,1963,80.09677419,357.7675553,127997.6237,0,0,0,1,0,0,0,0,0,82.76666667,32.125,140.6428571,332,16,514,14,1969,8192,946,15,20,30452.36364,11665.45152,64988,23512,9998112.091,4029.087824,10000000,9992118,BENIGN
80,1371488,3,6,26,11607,20,0,8.666666667,10.26320288,4380,0,1934.5,2177.344966,8482.028279,6.562215637,171436.0,484557.2777,1370654,3,682,341.0,478.0041841,679,3,1371344,274268.8,612898.0144,1370654,3,0,0,72,132,2.187405212,4.374810425,0,4380,1163.3,1903.962654,3625073.789,0,0,0,1,0,0,0,0,2,1292.555556,8.666666667,1934.5,72,3,26,6,11607,8192,229,2,20,0.0,0.0,0,0,0.0,0.0,0,0,DDoS
53,23593,1,1,49,177,49,49,49.0,0.0,177,177,177.0,0.0,9579.112449,84.77090662,23593.0,0.0,23593,23593,0,0.0,0.0,0,0,0,0.0,0.0,0,0,0,0,40,32,42.38545331,42.38545331,49,177,91.66666667,73.90083446,5461.333333,0,0,0,0,0,0,0,0,1,137.5,49.0,177.0,40,1,49,1,177,-1,-1,0,40,0.0,0.0,0,0,0.0,0.0,0,0,BENIGN
443,33,2,0,0,0,0,0,0.0,0.0,0,0,0.0,0.0,0.0,60606.06061,33.0,0.0,33,33,33,33.0,0.0,33,33,0,0.0,0.0,0,0,0,0,40,0,60606.06061,0.0,0,0,0.0,0.0,0.0,0,0,0,0,1,0,0,0,0,0.0,0.0,0.0,40,2,0,0,0,251,-1,0,20,0.0,0.0,0,0,0.0,0.0,0,0,BENIGN
417,24,1,1,0,6,0,0,0.0,0.0,6,6,6.0,0.0,250000.0,83333.33333,24.0,0.0,24,24,0,0.0,0.0,0,0,0,0.0,0.0,0,0,0,0,40,20,41666.66667,41666.66667,0,6,2.0,3.464101615,12.0,0,0,0,1,0,0,0,0,1,3.0,0.0,6.0,40,1,0,1,6,29200,0,0,40,0.0,0.0,0,0,0.0,0.0,0,0,PortScan
53,106604,2,2,62,364,31,31,31.0,0.0,182,182,182.0,0.0,3996.097707,37.5220442,35534.66667,61541.78592,106597,3,3,3.0,0.0,3,3,4,4.0,0.0,4,4,0,0,64,64,18.7610221,18.7610221,31,182,91.4,82.70610618,6840.3,0,0,0,0,0,0,0,0,1,114.25,31.0,182.0,64,2,62,2,364,-1,-1,1,32,0.0,0.0,0,0,0.0,0.0,0,0,BENIGN
53,176,2,2,80,112,40,40,40.0,0.0,56,56,56.0,0.0,1090909.091,22727.27273,58.66666667,61.07645482,124,3,49,49.0,0.0,49,49,3,3.0,0.0,3,3,0,0,40,40,11363.63636,11363.63636,40,56,46.4,8.76356092,76.8,0,0,0,0,0,0,0,0,1,58.0,40.0,56.0,40,2,80,2,112,-1,-1,1,20,0.0,0.0,0,0,0.0,0.0,0,0,BENIGN
80,101850,3,5,432,2278,426,0,144.0,244.2375892,1460,0,455.6,660.1990609,26607.7565,78.54688267,14550.0,21023.83605,45672,1,55293,27646.5,22936.42266,43865,11428,58070,14517.5,28447.5787,57185,1,0,0,72,112,29.455081,49.09180167,0,1460,301.1111111,518.0261684,268351.1111,0,0,0,1,0,0,0,0,1,338.75,144.0,455.6,72,3,432,5,2278,8192,237,2,20,0.0,0.0,0,0,0.0,0.0,0,0,BENIGN
80,49446,1,3,0,1983,0,0,0.0,0.0,1983,0,661.0,1144.885584,40104.35627,80.89633135,16482.0,24083.51322,44122,9,0,0.0,0.0,0,0,5324,2662.0,3751.908581,5315,9,0,0,32,96,20.22408284,60.67224851,0,1983,396.6,886.8245599,786457.8,0,0,0,0,1,1,0,0,3,495.75,0.0,661.0,32,1,0,3,1983,229,235,0,32,0.0,0.0,0,0,0.0,0.0,0,0,DoS Slowhttptest
53,78918,2,2,74,188,37,37,37.0,0.0,94,94,94.0,0.0,3319.90167,50.68552168,26306.0,45478.45805,78820,49,49,49.0,0.0,49,49,49,49.0,0.0,49,49,0,0,88,40,25.34276084,25.34276084,37,94,59.8,31.22018578,974.7,0,0,0,0,0,0,0,0,1,74.75,37.0,94.0,88,2,74,2,188,-1,-1,1,44,0.0,0.0,0,0,0.0,0.0,0,0,BENIGN
21,8412266,9,15,107,188,26,0,11.88888889,9.854496999,34,0,12.53333333,14.54975045,35.06784022,2.852976832,365750.6957,970376.4752,3519981,3,4848706,606088.25,1125420.132,2629412,251,8412131,600866.5,1200584.78,3519981,3,0,0,296,488,1.069866312,1.78311052,0,34,11.8,12.72792206,162.0,0,0,0,1,0,0,0,0,1,12.29166667,11.88888889,12.53333333,296,9,107,15,188,29200,227,6,32,0.0,0.0,0,0,0.0,0.0,0,0,FTP-Patator
53,215,2,2,92,348,46,46,46.0,0.0,174,174,174.0,0.0,2046511.62790698,18604.6511627907,71.6666666667,81.40229317,162,4,4,4.0,0.0,4,4,49,49.0,0.0,49,49,0,0,40,40,9302.3255813954,9302.3255813954,46,174,97.2,70.1084873607,4915.2,0,0,0,0,0,0,0,0,1,121.5,46.0,174.0,40,2,92,2,348,-1,-1,1,20,0.0,0.0,0,0,0.0,0.0,0,0,BENIGN
7938,34,1,1,0,6,0,0,0.0,0.0,6,6,6.0,0.0,176470.5882,58823.52941,34.0,0.0,34,34,0,0.0,0.0,0,0,0,0.0,0.0,0,0,0,0,40,20,29411.76471,29411.76471,0,6,2.0,3.464101615,12.0,0,0,0,1,0,0,0,0,1,3.0,0.0,6.0,40,1,0,1,6,29200,0,0,40,0.0,0.0,0,0,0.0,0.0,0,0,PortScan
22,5,3,0,0,0,0,0,0.0,0.0,0,0,0.0,0.0,0.0,600000.0,2.5,0.707106781,3,2,5,2.5,0.707106781,3,2,0,0.0,0.0,0,0,0,0,108,0,600000.0,0.0,0,0,0.0,0.0,0.0,0,0,0,0,1,1,0,0,0,0.0,0.0,0.0,108,3,0,0,0,259,-1,0,32,0.0,0.0,0,0,0.0,0.0,0,0,SSH-Patator
19801,60,1,1,0,6,0,0,0.0,0.0,6,6,6.0,0.0,100000.0,33333.33333,60.0,0.0,60,60,0,0.0,0.0,0,0,0,0.0,0.0,0,0,0,0,40,20,16666.66667,16666.66667,0,6,2.0,3.464101615,12.0,0,0,0,1,0,0,0,0,1,3.0,0.0,6.0,40,1,0,1,6,29200,0,0,40,0.0,0.0,0,0,0.0,0.0,0,0,PortScan
53,235,2,2,66,578,33,33,33.0,0.0,289,289,289.0,0.0,2740425.532,17021.2766,78.33333333,129.6160998,228,3,3,3.0,0.0,3,3,4,4.0,0.0,4,4,0,0,40,40,8510.638298,8510.638298,33,289,135.4,140.2169747,19660.8,0,0,0,0,0,0,0,0,1,169.25,33.0,289.0,40,2,66,2,578,-1,-1,1,20,0.0,0.0,0,0,0.0,0.0,0,0,BENIGN
53,271,2,2,70,102,35,35,35.0,0.0,51,51,51.0,0.0,634686.3469,14760.1476,90.33333333,151.2657705,265,3,3,3.0,0.0,3,3,3,3.0,0.0,3,3,0,0,64,64,7380.073801,7380.073801,35,51,41.4,8.76356092,76.8,0,0,0,0,0,0,0,0,1,51.75,35.0,51.0,64,2,70,2,102,-1,-1,1,32,0.0,0.0,0,0,0.0,0.0,0,0,BENIGN
443,133301,11,6,1569,1828,1333,0,142.6363636364,397.1028261615,1413,0,304.6666666667,554.1500398508,25483.6797923496,127.5309262496,8331.3125,14294.3655972963,36793,3,133301,13330.1,18117.4075435753,40466,3,80936,16187.2,19203.7867411612,37213,3,0,0,364,200,82.5200111027,45.0109151469,0,1413,188.7222222222,437.3688449535,191291.506535948,0,0,0,1,0,0,0,0,0,199.8235294118,142.6363636364,304.6666666667,364,11,1569,6,1828,65535,362,5,32,0.0,0.0,0,0,0.0,0.0,0,0,BENIGN
80,96977700,7,7,343,11595,343,0,49.0,129.6418142,5792,0,1656.428571,2118.227235,123.1004654,0.144363086,7459823.077,26800000.0,96800000,2,96800000,16100000.0,39500000.0,96800000,49,176452,29408.66667,68470.63515,169063,2,0,0,232,232,0.072181543,0.072181543,0,5792,795.8666667,1620.057356,2624585.838,0,0,0,0,1,0,0,0,1,852.7142857,49.0,1656.428571,232,7,343,7,11595,251,235,1,32,736.0,0.0,736,736,96800000.0,0.0,96800000,96800000,DoS Hulk
53,128631,2,2,90,132,45,45,45.0,0.0,66,66,66.0,0.0,1725.867015,31.09670297,42877.0,74261.67838,128627,1,1,1.0,0.0,1,1,3,3.0,0.0,3,3,0,0,64,64,15.54835149,15.54835149,45,66,53.4,11.50217371,132.3,0,0,0,0,0,0,0,0,1,66.75,45.0,66.0,64,2,90,2,132,-1,-1,1,32,0.0,0.0,0,0,0.0,0.0,0,0,BENIGN
80,5419842,3,1,0,0,0,0,0.0,0.0,0,0,0.0,0.0,0.0,0.738028895,1806614.0,3128382.554,5418959,120,5419842,2709921.0,3831158.281,5418959,883,0,0.0,0.0,0,0,0,0,104,40,0.553521671,0.184507224,0,0,0.0,0.0,0.0,0,0,0,1,0,0,0,0,0,0.0,0.0,0.0,104,3,0,1,0,29200,28960,0,32,0.0,0.0,0,0,0.0,0.0,0,0,Web Attack � Brute Force
80,116853219,361,478,9701,832540,409,0,26.8725761773,96.650948988,4344,0,1741.7154811716,723.8152400223,7207.6833416117,7.1799476915,139442.982100239,1108858.65300183,10017114,0,116822246,324506.238888889,1678895.58409372,10048020,1,116822071,244910.002096436,1466854.31987556,10048084,3,0,0,11560,15304,3.0893457886,4.0906019029,0,4344,1002.6678571429,1011.9004532134,1023942.52721352,0,0,0,1,0,0,0,0,1,1003.862932062,26.8725761773,1741.7154811716,11560,361,9701,478,832540,29200,222,26,32,219871.769230769,522742.857609289,1885422,30847,8766454.84615385,1948621.10149792,10017114,5953997,BENIGN
2107,50,1,1,2,6,2,2,2.0,0.0,6,6,6.0,0.0,160000.0,40000.0,50.0,0.0,50,50,0,0.0,0.0,0,0,0,0.0,0.0,0,0,0,0,24,20,20000.0,20000.0,2,6,3.333333333,2.309401077,5.333333333,0,0,0,1,0,0,0,0,1,5.0,2.0,6.0,24,1,2,1,6,1024,0,0,24,0.0,0.0,0,0,0.0,0.0,0,0,PortScan
443,118564399,158,214,7201,376291,731,0,45.57594937,140.1933285,4380,0,1758.369159,990.8528499,3234.461636,3.137535408,319580.5903,1714764.407,10000000,1,119000000,755187.2548,2583670.642,10000000,3,113000000,532468.1925,2219486.278,10000000,49,0,0,3172,4424,1.332609125,1.804926283,0,4380,1028.128686,1135.822373,1290092.462,0,0,0,1,0,0,0,0,1,1030.892473,45.57594937,1758.369159,3172,158,7201,214,376291,8192,1346,157,20,290971.75,927154.9041,3235083,22876,9589394.5,1405738.057,10000000,5125596,BENIGN
53,30344,1,1,54,109,54,54,54.0,0.0,109,109,109.0,0.0,5371.7374110203,65.9108884788,30344.0,0.0,30344,30344,0,0.0,0.0,0,0,0,0.0,0.0,0,0,0,0,20,20,32.9554442394,32.9554442394,54,109,72.3333333333,31.7542648054,1008.3333333333,0,0,0,0,0,0,0,0,1,108.5,54.0,109.0,20,1,54,1,109,-1,-1,0,20,0.0,0.0,0,0,0.0,0.0,0,0,BENIGN
443,4199233,5,1,123,46,46,0,24.6,23.27659769,46,46,46.0,0.0,40.24544482,1.428832361,839846.6,1823912.718,4102332,4,4199233,1049808.25,2035426.801,4102332,4,0,0.0,0.0,0,0,1,0,100,20,1.190693634,0.238138727,0,46,30.71428571,21.68497395,470.2380952,0,1,0,0,1,0,0,0,0,35.83333333,24.6,46.0,100,5,123,1,46,254,351,2,20,0.0,0.0,0,0,0.0,0.0,0,0,BENIGN
80,1274872,3,4,26,11601,20,0,8.666666667,10.26320288,8760,0,2900.25,4128.319301,9120.131276,5.490747306,212478.6667,515517.4916,1264748,13,9648,4824.0,6369.617885,9328,320,1274859,424953.0,727298.8969,1264748,370,0,0,72,92,2.353177417,3.137569889,0,8760,1453.375,3113.952607,9696700.839,0,0,0,1,0,0,0,0,1,1661.0,8.666666667,2900.25,72,3,26,4,11601,8192,229,2,20,0.0,0.0,0,0,0.0,0.0,0,0,DDoS
58075,1,2,0,12,0,6,6,6.0,0.0,0,0,0.0,0.0,12000000.0,2000000.0,1.0,0.0,1,1,1,1.0,0.0,1,1,0,0.0,0.0,0,0,0,0,40,0,2000000.0,0.0,6,6,6.0,0.0,0.0,0,0,0,0,1,0,0,0,0,9.0,6.0,0.0,40,2,12,0,0,351,-1,1,20,0.0,0.0,0,0,0.0,0.0,0,0,BENIGN
53,249,2,2,68,358,34,34,34.0,0.0,179,179,179.0,0.0,1710843.373,16064.25703,83.0,102.1028893,198,3,3,3.0,0.0,3,3,48,48.0,0.0,48,48,0,0,64,64,8032.128514,8032.128514,34,179,92.0,79.41977084,6307.5,0,0,0,0,0,0,0,0,1,115.0,34.0,179.0,64,2,68,2,358,-1,-1,1,32,0.0,0.0,0,0,0.0,0.0,0,0,BENIGN
53,209,2,2,60,264,30,30,30.0,0.0,132,132,132.0,0.0,1550239.234,19138.75598,69.66666667,114.6051191,202,3,3,3.0,0.0,3,3,4,4.0,0.0,4,4,0,0,64,64,9569.37799,9569.37799,30,132,70.8,55.86770087,3121.2,0,0,0,0,0,0,0,0,1,88.5,30.0,132.0,64,2,60,2,264,-1,-1,1,32,0.0,0.0,0,0,0.0,0.0,0,0,BENIGN
21,233,2,1,14,0,14,0,7.0,9.899494937,0,0,0.0,0.0,60085.83691,12875.53648,116.5,81.31727984,174,59,233,233.0,0.0,233,233,0,0.0,0.0,0,0,1,0,64,20,8583.690987,4291.845494,0,14,7.0,8.082903769,65.33333333,0,1,0,0,1,0,0,0,0,9.333333333,7.0,0.0,64,2,14,1,0,229,0,0,32,0.0,0.0,0,0,0.0,0.0,0,0,FTP-Patator
443,10242790,8,9,1030,4081,517,0,128.75,215.0486656,1448,0,453.4444444,648.3170735,498.9851398,1.659704045,640174.375,2495615.903,9997994,3,10200000,1463014.286,3763776.923,9997994,492,10200000,1270494.5,3527323.633,9999708,3,0,0,264,296,0.781037198,0.878666848,0,1448,283.9444444,498.1212317,248124.7614,0,0,0,1,0,0,0,0,1,300.6470588,128.75,453.4444444,264,8,1030,9,4081,29200,9,3,32,243106.0,0.0,243106,243106,9997994.0,0.0,9997994,9997994,BENIGN
53,203,2,2,82,114,41,41,41.0,0.0,57,57,57.0,0.0,965517.2414,19704.4335,67.66666667,72.12720245,146,4,4,4.0,0.0,4,4,53,53.0,0.0,53,53,0,0,40,40,9852.216749,9852.216749,41,57,47.4,8.76356092,76.8,0,0,0,0,0,0,0,0,1,59.25,41.0,57.0,40,2,82,2,114,-1,-1,1,20,0.0,0.0,0,0,0.0,0.0,0,0,BENIGN
80,61157,3,2,856,474,850,0,285.3333333,489.0248801,474,0,237.0,335.1686143,21747.30611,81.7567899,15289.25,17434.15679,30617,59,30540,15270.0,21135.42169,30215,325,31001,31001.0,0.0,31001,31001,0,0,84,52,49.05407394,32.70271596,0,850,221.6666667,361.2188626,130479.0667,0,0,0,1,0,0,0,0,0,266.0,285.3333333,237.0,84,3,856,2,474,65535,128,2,20,0.0,0.0,0,0,0.0,0.0,0,0,BENIGN
80,475648,3,5,26,11607,20,0,8.666666667,10.26320288,10135,0,2321.4,4413.201989,24457.1616,16.81916039,67949.71429,179381.2799,474748,4,681,340.5,413.657467,633,48,475558,118889.5,237239.1354,474748,4,0,0,72,112,6.307185145,10.51197524,0,10135,1292.555556,3350.634907,11200000.0,0,0,0,1,0,0,0,0,1,1454.125,8.666666667,2321.4,72,3,26,5,11607,8192,229,2,20,0.0,0.0,0,0,0.0,0.0,0,0,DDoS
1533,71,1,1,2,6,2,2,2.0,0.0,6,6,6.0,0.0,112676.0563,28169.01408,71.0,0.0,71,71,0,0.0,0.0,0,0,0,0.0,0.0,0,0,0,0,24,20,14084.50704,14084.50704,2,6,3.333333333,2.309401077,5.333333333,0,0,0,1,0,0,0,0,1,5.0,2.0,6.0,24,1,2,1,6,1024,0,0,24,0.0,0.0,0,0,0.0,0.0,0,0,PortScan
80,727209,3,5,26,11601,20,0,8.666666667,10.26320288,5840,0,2320.2,2658.195854,15988.52599,11.00096396,103887.0,264092.1461,702454,3,24034,12017.0,16990.36174,24031,3,727130,181782.5,347301.2894,702454,158,0,0,72,112,4.125361485,6.875602475,0,5840,1291.888889,2240.544155,5020038.111,0,0,0,1,0,0,0,0,1,1453.375,8.666666667,2320.2,72,3,26,5,11601,8192,229,2,20,0.0,0.0,0,0,0.0,0.0,0,0,DDoS
53,142,2,2,62,94,31,31,31.0,0.0,47,47,47.0,0.0,1098591.549,28169.01408,47.33333333,75.92320682,135,3,4,4.0,0.0,4,4,3,3.0,0.0,3,3,0,0,40,40,14084.50704,14084.50704,31,47,37.4,8.76356092,76.8,0,0,0,0,0,0,0,0,1,46.75,31.0,47.0,40,2,62,2,94,-1,-1,1,20,0.0,0.0,0,0,0.0,0.0,0,0,BENIGN
56008,242,1,2,0,0,0,0,0.0,0.0,0,0,0.0,0.0,0.0,12396.69421,121.0,169.7056275,241,1,0,0.0,0.0,0,0,1,1.0,0.0,1,1,0,0,32,64,4132.231405,8264.46281,0,0,0.0,0.0,0.0,0,0,0,0,1,1,0,0,2,0.0,0.0,0.0,32,1,0,2,0,395,229,0,32,0.0,0.0,0,0,0.0,0.0,0,0,BENIGN
7627,42,1,1,0,6,0,0,0.0,0.0,6,6,6.0,0.0,142857.1429,47619.04762,42.0,0.0,42,42,0,0.0,0.0,0,0,0,0.0,0.0,0,0,0,0,40,20,23809.52381,23809.52381,0,6,2.0,3.464101615,12.0,0,0,0,1,0,0,0,0,1,3.0,0.0,6.0,40,1,0,1,6,29200,0,0,40,0.0,0.0,0,0,0.0,0.0,0,0,PortScan
4001,61,2,2,4,12,2,2,2.0,0.0,6,6,6.0,0.0,262295.082,65573.77049,20.33333333,23.15887159,46,1,1,1.0,0.0,1,1,46,46.0,0.0,46,46,0,0,48,40,32786.88525,32786.88525,2,6,3.6,2.19089023,4.8,0,0,0,1,0,0,0,0,1,4.5,2.0,6.0,48,2,4,2,12,1024,0,1,24,0.0,0.0,0,0,0.0,0.0,0,0,BENIGN
8080,50,1,1,0,6,0,0,0.0,0.0,6,6,6.0,0.0,120000.0,40000.0,50.0,0.0,50,50,0,0.0,0.0,0,0,0,0.0,0.0,0,0,0,0,40,20,20000.0,20000.0,0,6,2.0,3.464101615,12.0,0,0,0,1,0,0,0,0,1,3.0,0.0,6.0,40,1,0,1,6,29200,0,0,40,0.0,0.0,0,0,0.0,0.0,0,0,PortScan
80,853286,3,5,26,11601,20,0,8.666666667,10.26320288,8760,0,2320.2,3668.897,13626.14645,9.375520048,121898.0,310265.5037,825152,4,27011,13505.5,19094.00441,27007,4,853216,213304.0,408094.8691,825152,189,0,0,72,112,3.515820018,5.85970003,0,8760,1291.888889,2866.607422,8217438.111,0,0,0,1,0,0,0,0,1,1453.375,8.666666667,2320.2,72,3,26,5,11601,8192,229,2,20,0.0,0.0,0,0,0.0,0.0,0,0,DDoS
80,19690217,42,41,1884,50244,797,0,44.85714286,139.8276939,1649,0,1225.463415,543.4608126,2647.40607,4.215291279,240124.5976,1236353.33,10000000,8,14900000,362832.4878,1581604.299,10000000,71,19500000,487242.075,1785396.005,10200000,49,0,0,860,832,2.13303896,2.082252318,0,1649,620.5714286,710.7026607,505098.2719,0,0,0,1,0,0,0,0,0,628.0481928,44.85714286,1225.463415,860,42,1884,41,50244,29200,152,41,20,4675970.0,0.0,4675970,4675970,10000000.0,0.0,10000000,10000000,BENIGN
443,66012187,15,15,896,4570,515,0,59.73333333,142.9057965,1448,0,304.6666667,525.7687795,82.80289214,0.454461538,2276282.31,4104940.198,10000000,4,61500000,4395947.0,5117244.442,10100000,220,65900000,4709348.0,4972658.685,10100000,4,0,0,488,488,0.227230769,0.227230769,0,1448,176.3225806,393.1936238,154601.2258,0,0,0,1,0,0,0,0,1,182.2,59.73333333,304.6666667,488,15,896,15,4570,29200,23,3,32,236439.0,380167.6896,1012453,81057,10000000.0,15474.92648,10000000,9998783,BENIGN
1277,96,1,1,0,6,0,0,0.0,0.0,6,6,6.0,0.0,62500.0,20833.33333,96.0,0.0,96,96,0,0.0,0.0,0,0,0,0.0,0.0,0,0,0,0,40,20,10416.66667,10416.66667,0,6,2.0,3.464101615,12.0,0,0,0,1,0,0,0,0,1,3.0,0.0,6.0,40,1,0,1,6,29200,0,0,40,0.0,0.0,0,0,0.0,0.0,0,0,PortScan
53,158,2,2,70,126,35,35,35.0,0.0,63,63,63.0,0.0,1240506.329,25316.4557,52.66666667,85.16063253,151,3,4,4.0,0.0,4,4,3,3.0,0.0,3,3,0,0,64,64,12658.22785,12658.22785,35,63,46.2,15.33623161,235.2,0,0,0,0,0,0,0,0,1,57.75,35.0,63.0,64,2,70,2,126,-1,-1,1,32,0.0,0.0,0,0,0.0,0.0,0,0,BENIGN
53159,214,2,1,37,6,37,0,18.5,26.1629509039,6,6,6.0,0.0,200934.579439252,14018.691588785,107.0,36.7695526217,133,81,214,214.0,0.0,214,214,0,0.0,0.0,0,0,1,0,64,20,9345.7943925234,4672.8971962617,0,37,20.0,19.7821468333,391.3333333333,0,1,0,0,1,0,0,0,0,26.6666666667,18.5,6.0,64,2,37,1,6,123,0,0,32,0.0,0.0,0,0,0.0,0.0,0,0,BENIGN
64422,80,1,1,0,0,0,0,0.0,0.0,0,0,0.0,0.0,0.0,25000.0,80.0,0.0,80,80,0,0.0,0.0,0,0,0,0.0,0.0,0,0,0,0,32,32,12500.0,12500.0,0,0,0.0,0.0,0.0,0,0,0,0,1,1,0,0,1,0.0,0.0,0.0,32,1,0,1,0,122,33304,0,32,0.0,0.0,0,0,0.0,0.0,0,0,BENIGN
80,318,2,0,0,0,0,0,0.0,0.0,0,0,0.0,0.0,0.0,6289.308176,318.0,0.0,318,318,318,318.0,0.0,318,318,0,0.0,0.0,0,0,0,0,64,0,6289.308176,0.0,0,0,0.0,0.0,0.0,0,0,0,0,1,0,0,0,0,0.0,0.0,0.0,64,2,0,0,0,264,-1,0,32,0.0,0.0,0,0,0.0,0.0,0,0,BENIGN
80,2050970,4,0,24,0,6,6,6.0,0.0,0,0,0.0,0.0,11.70178013,1.950296689,683656.6667,1183885.603,2050690,1,2050970,683656.6667,1183885.603,2050690,1,0,0.0,0.0,0,0,0,0,80,0,1.950296689,0.0,6,6,6.0,0.0,0.0,0,0,0,0,1,0,0,0,0,7.5,6.0,0.0,80,4,24,0,0,256,-1,3,20,0.0,0.0,0,0,0.0,0.0,0,0,DDoS
443,15714471,15,13,2017,5685,475,0,134.4666667,187.6641631,1448,0,437.3076923,506.2343635,490.1214937,1.781797173,582017.4444,2137084.75,9998107,4,10400000,743363.5714,2663895.894,9998107,206,15700000,1307475.5,3131906.536,10000000,4,0,0,488,424,0.9545342,0.827262973,0,1448,265.5862069,390.9739229,152860.6084,0,0,0,1,0,0,0,0,0,275.0714286,134.4666667,437.3076923,488,15,2017,13,5685,29200,41,6,32,216933.0,271599.7147,408983,24883,7640300.5,3334441.93,9998107,5282494,BENIGN
53,180,2,2,60,264,30,30,30.0,0.0,132,132,132.0,0.0,1800000.0,22222.22222,60.0,101.3360745,177,0,0,0.0,0.0,0,0,3,3.0,0.0,3,3,0,0,64,40,11111.11111,11111.11111,30,132,70.8,55.86770087,3121.2,0,0,0,0,0,0,0,0,1,88.5,30.0,132.0,64,2,60,2,264,-1,-1,1,32,0.0,0.0,0,0,0.0,0.0,0,0,BENIGN
55196,240,1,1,6,6,6,6,6.0,0.0,6,6,6.0,0.0,50000.0,8333.3333333333,240.0,0.0,240,240,0,0.0,0.0,0,0,0,0.0,0.0,0,0,0,0,20,20,4166.6666666667,4166.6666666667,6,6,6.0,0.0,0.0,0,0,0,0,1,0,0,0,1,9.0,6.0,6.0,20,1,6,1,6,32,32850,0,20,0.0,0.0,0,0,0.0,0.0,0,0,BENIGN
80,5273975,3,1,0,0,0,0,0.0,0.0,0,0,0.0,0.0,0.0,0.758441214,1757991.667,3044178.329,5273106,95,5273975,2636987.5,3728034.535,5273106,869,0,0.0,0.0,0,0,0,0,104,40,0.56883091,0.189610303,0,0,0.0,0.0,0.0,0,0,0,1,0,0,0,0,0,0.0,0.0,0.0,104,3,0,1,0,29200,28960,0,32,0.0,0.0,0,0,0.0,0.0,0,0,Web Attack � Brute Force
80,98074610,8,5,56,11601,20,0,7.0,5.656854249,7300,0,2320.2,3022.508098,118.8584895,0.132552146,8172884.167,25200000.0,87600000,1,97700000,14000000.0,32700000.0,87600000,1,433280,108320.0,206297.3562,417600,195,0,0,172,112,0.081570551,0.050981595,0,7300,833.0714286,2033.250541,4134107.764,0,0,0,0,1,0,0,0,0,897.1538462,7.0,2320.2,172,8,56,5,11601,256,229,6,20,3034.0,0.0,3034,3034,48800000.0,54800000.0,87600000,10100000,DDoS
3814,53,1,1,2,6,2,2,2.0,0.0,6,6,6.0,0.0,150943.3962,37735.84906,53.0,0.0,53,53,0,0.0,0.0,0,0,0,0.0,0.0,0,0,0,0,24,20,18867.92453,18867.92453,2,6,3.333333333,2.309401077,5.333333333,0,0,0,1,0,0,0,0,1,5.0,2.0,6.0,24,1,2,1,6,1024,0,0,24,0.0,0.0,0,0,0.0,0.0,0,0,PortScan
80,97602889,9,6,62,11601,20,0,6.888888889,5.30199124,4380,0,1933.5,1998.0254,119.4944137,0.153683975,6971634.929,23500000.0,88300000,1,97600000,12200000.0,30900000.0,88300000,1,18594,3718.8,5459.287289,12530,53,0,0,192,132,0.092210385,0.06147359,0,4380,729.3125,1502.917195,2258760.096,0,0,0,0,1,0,0,0,0,777.9333333,6.888888889,1933.5,192,9,62,6,11601,256,229,7,20,1002.0,0.0,1002,1002,48800000.0,55900000.0,88300000,9251721,DDoS
80,77,2,0,12,0,6,6,6.0,0.0,0,0,0.0,0.0,155844.1558,25974.02597,77.0,0.0,77,77,77,77.0,0.0,77,77,0,0.0,0.0,0,0,0,0,40,0,25974.02597,0.0,6,6,6.0,0.0,0.0,0,0,0,0,1,0,0,0,0,9.0,6.0,0.0,40,2,12,0,0,255,-1,1,20,0.0,0.0,0,0,0.0,0.0,0,0,BENIGN
5815,26,1,1,0,6,0,0,0.0,0.0,6,6,6.0,0.0,230769.2308,76923.07692,26.0,0.0,26,26,0,0.0,0.0,0,0,0,0.0,0.0,0,0,0,0,40,20,38461.53846,38461.53846,0,6,2.0,3.464101615,12.0,0,0,0,1,0,0,0,0,1,3.0,0.0,6.0,40,1,0,1,6,29200,0,0,40,0.0,0.0,0,0,0.0,0.0,0,0,PortScan
53,402,1,1,53,113,53,53,53.0,0.0,113,113,113.0,0.0,412935.3234,4975.124378,402.0,0.0,402,402,0,0.0,0.0,0,0,0,0.0,0.0,0,0,0,0,32,32,2487.562189,2487.562189,53,113,73.0,34.64101615,1200.0,0,0,0,0,0,0,0,0,1,109.5,53.0,113.0,32,1,53,1,113,-1,-1,0,32,0.0,0.0,0,0,0.0,0.0,0,0,BENIGN
80,98536986,8,7,377,11595,377,0,47.125,133.2896283,5792,0,1656.428571,2118.227235,121.4975258,0.152227104,7038356.143,26300000.0,98500000,4,98500000,14100000.0,37200000.0,98500000,4,46730,7788.333333,14127.99888,35216,44,0,0,264,232,0.081187789,0.071039315,0,5792,748.25,1577.163889,2487445.933,0,0,0,0,1,0,0,0,0,798.1333333,47.125,1656.428571,264,8,377,7,11595,274,235,1,32,1983.0,0.0,1983,1983,98500000.0,0.0,98500000,98500000,DoS Hulk
80,97704732,7,6,370,11595,364,0,52.85714286,137.2193239,4344,0,1932.5,1754.831473,122.4608036,0.133053945,8142061.0,28200000.0,97700000,1,97700000,16300000.0,39900000.0,97700000,1,24345,4869.0,6534.613072,12052,48,0,0,220,200,0.071644432,0.061409513,0,4344,854.6428571,1460.011465,2131633.478,0,0,0,0,1,0,0,0,0,920.3846154,52.85714286,1932.5,220,7,370,6,11595,251,235,2,20,1984.0,0.0,1984,1984,97700000.0,0.0,97700000,97700000,DoS Hulk
53,183,2,2,110,232,55,55,55.0,0.0,116,116,116.0,0.0,1868852.459,21857.9235,61.0,100.4589468,177,3,3,3.0,0.0,3,3,3,3.0,0.0,3,3,0,0,64,64,10928.96175,10928.96175,55,116,79.4,33.41107601,1116.3,0,0,0,0,0,0,0,0,1,99.25,55.0,116.0,64,2,110,2,232,-1,-1,1,32,0.0,0.0,0,0,0.0,0.0,0,0,BENIGN
1110,38,1,1,2,6,2,2,2.0,0.0,6,6,6.0,0.0,210526.3158,52631.57895,38.0,0.0,38,38,0,0.0,0.0,0,0,0,0.0,0.0,0,0,0,0,24,20,26315.78947,26315.78947,2,6,3.333333333,2.309401077,5.333333333,0,0,0,1,0,0,0,0,1,5.0,2.0,6.0,24,1,2,1,6,1024,0,0,24,0.0,0.0,0,0,0.0,0.0,0,0,PortScan
53,25155,2,2,78,486,39,39,39.0,0.0,243,243,243.0,0.0,22420.98986,159.0141125,8385.0,14519.78195,25151,1,3,3.0,0.0,3,3,1,1.0,0.0,1,1,0,0,64,40,79.50705625,79.50705625,39,243,120.6,111.7354017,12484.8,0,0,0,0,0,0,0,0,1,150.75,39.0,243.0,64,2,78,2,486,-1,-1,1,32,0.0,0.0,0,0,0.0,0.0,0,0,BENIGN
443,5653423,7,3,599,141,517,0,85.57142857,191.3085267,141,0,47.0,81.40638796,130.8941503,1.768839869,628158.1111,1839517.069,5533247,25,5653423,942237.1667,2279343.217,5594880,49,96127,48063.5,22768.13125,64163,31964,0,0,232,104,1.238187908,0.530651961,0,517,67.27272727,155.2257008,24095.01818,0,0,0,1,0,0,0,0,0,74.0,85.57142857,47.0,232,7,599,3,141,29200,59,3,32,120127.0,0.0,120127,120127,5533247.0,0.0,5533247,5533247,BENIGN
43669,27783,15,6,18467,24,2920,0,1231.1333333333,1054.4924890789,6,0,4.0,3.098386677,665550.87643523,755.857898715,1389.15,5018.5730019913,22140,1,27783,1984.5,5964.8957015835,22140,1,22511,4502.2,9953.9197404842,22308,3,0,0,324,144,539.8984990822,215.9593996329,0,2920,840.5,1041.0882470258,1083864.73809524,0,0,0,1,0,0,0,0,0,880.5238095238,1231.1333333333,4.0,324,15,18467,6,24,8192,357,13,20,0.0,0.0,0,0,0.0,0.0,0,0,BENIGN
80,143520,3,6,343,11595,343,0,114.3333333,198.0311423,4344,0,1932.5,1754.831473,83180.04459,62.7090301,17940.0,45945.66393,131263,2,11998,5999.0,7066.825171,10996,1002,143513,28702.6,57564.4219,131263,18,0,0,104,200,20.90301003,41.80602007,0,4344,1193.8,1621.746987,2630063.289,0,0,0,1,0,0,0,0,2,1326.444444,114.3333333,1932.5,104,3,343,6,11595,29200,235,1,32,0.0,0.0,0,0,0.0,0.0,0,0,DoS Hulk
44832,3,2,0,0,0,0,0,0.0,0.0,0,0,0.0,0.0,0.0,666666.6667,3.0,0.0,3,3,3,3.0,0.0,3,3,0,0.0,0.0,0,0,0,0,64,0,666666.6667,0.0,0,0,0.0,0.0,0.0,0,0,0,0,1,0,0,0,0,0.0,0.0,0.0,64,2,0,0,0,349,-1,0,32,0.0,0.0,0,0,0.0,0.0,0,0,BENIGN
3646,4,2,0,37,0,31,6,18.5,17.67766953,0,0,0.0,0.0,9250000.0,500000.0,4.0,0.0,4,4,4,4.0,0.0,4,4,0,0.0,0.0,0,0,1,0,40,0,500000.0,0.0,6,31,22.66666667,14.43375673,208.3333333,0,1,0,0,1,0,0,0,0,34.0,18.5,0.0,40,2,37,0,0,119,-1,1,20,0.0,0.0,0,0,0.0,0.0,0,0,BENIGN
80,115704604,16,14,435,602,424,0,27.1875,105.8175907,602,0,43.0,160.8912676,8.962478278,0.259280953,3989813.931,4852327.087,10000000,37,116000000,7713640.267,4099012.444,10000000,32553,111000000,8533130.923,3667095.528,10100000,107455,0,0,332,424,0.138283175,0.120997778,0,602,33.4516129,130.0643017,16916.72258,0,0,0,1,0,0,0,0,0,34.56666667,27.1875,43.0,332,16,435,14,602,8192,946,12,20,92762.72727,200204.5605,696402,32117,9991857.727,30547.12302,10000000,9899882,BENIGN
443,110545597,20,20,5158,4785,2896,0,257.9,733.1184223,1448,0,239.25,526.6493765,89.94478541,0.361841639,2834502.487,4548015.672,10000000,3,101000000,5303611.632,5131424.545,10000000,5,111000000,5816949.053,5061450.505,10000000,3,0,0,648,636,0.180920819,0.180920819,0,2896,242.5121951,623.4056112,388634.5561,0,0,0,1,0,0,0,0,1,248.575,257.9,239.25,648,20,5158,20,4785,29200,9538,4,32,53076.0,99043.04694,351699,22818,9996523.727,80991.68029,10000000,9753760,BENIGN
80,91965,3,5,26,11607,20,0,8.666666667,10.26320288,10135,0,2321.4,4413.201989,126493.7748,86.98961561,13137.85714,34170.27235,90627,4,1059,529.5,144.9568901,632,427,91956,22989.0,45094.68404,90627,4,0,0,72,112,32.62110586,54.36850976,0,10135,1292.555556,3350.634907,11200000.0,0,0,0,1,0,0,0,0,1,1454.125,8.666666667,2321.4,72,3,26,5,11607,8192,229,2,20,0.0,0.0,0,0,0.0,0.0,0,0,DDoS
3918,69,1,1,0,6,0,0,0.0,0.0,6,6,6.0,0.0,86956.52174,28985.50725,69.0,0.0,69,69,0,0.0,0.0,0,0,0,0.0,0.0,0,0,0,0,40,20,14492.75362,14492.75362,0,6,2.0,3.464101615,12.0,0,0,0,1,0,0,0,0,1,3.0,0.0,6.0,40,1,0,1,6,29200,0,0,40,0.0,0.0,0,0,0.0,0.0,0,0,PortScan
80,720167,3,6,26,11607,20,0,8.666666667,10.26320288,5755,0,1934.5,2529.124572,16153.1978,12.49710137,90020.875,254289.0691,719354,4,654,327.0,456.7909806,650,4,720142,144028.4,321616.925,719354,11,0,0,72,132,4.165700456,8.331400911,0,5755,1163.3,2131.87096,4544873.789,0,0,0,1,0,0,0,0,2,1292.555556,8.666666667,1934.5,72,3,26,6,11607,8192,229,2,20,0.0,0.0,0,0,0.0,0.0,0,0,DDoS
53,77596,1,1,51,79,51,51,51.0,0.0,79,79,79.0,0.0,1675.34409,25.77452446,77596.0,0.0,77596,77596,0,0.0,0.0,0,0,0,0.0,0.0,0,0,0,0,20,32,12.88726223,12.88726223,51,79,60.33333333,16.16580754,261.3333333,0,0,0,0,0,0,0,0,1,90.5,51.0,79.0,20,1,51,1,79,-1,-1,0,20,0.0,0.0,0,0,0.0,0.0,0,0,BENIGN
3880,41,1,1,2,6,2,2,2.0,0.0,6,6,6.0,0.0,195121.9512,48780.4878,41.0,0.0,41,41,0,0.0,0.0,0,0,0,0.0,0.0,0,0,0,0,24,20,24390.2439,24390.2439,2,6,3.333333333,2.309401077,5.333333333,0,0,0,1,0,0,0,0,1,5.0,2.0,6.0,24,1,2,1,6,1024,0,0,24,0.0,0.0,0,0,0.0,0.0,0,0,PortScan
80,4866912,5,0,30,0,6,6,6.0,0.0,0,0,0.0,0.0,6.164072825,1.027345471,1216728.0,2432790.045,4865913,3,4866912,1216728.0,2432790.045,4865913,3,0,0.0,0.0,0,0,0,0,100,0,1.027345471,0.0,6,6,6.0,0.0,0.0,0,0,0,0,1,0,0,0,0,7.2,6.0,0.0,100,5,30,0,0,256,-1,4,20,0.0,0.0,0,0,0.0,0.0,0,0,DDoS
443,4796,2,0,12,0,6,6,6.0,0.0,0,0,0.0,0.0,2502.085071,417.0141785,4796.0,0.0,4796,4796,4796,4796.0,0.0,4796,4796,0,0.0,0.0,0,0,0,0,40,0,417.0141785,0.0,6,6,6.0,0.0,0.0,0,0,0,0,1,0,0,0,0,9.0,6.0,0.0,40,2,12,0,0,254,-1,1,20,0.0,0.0,0,0,0.0,0.0,0,0,BENIGN
36214,3,2,0,0,0,0,0,0.0,0.0,0,0,0.0,0.0,0.0,666666.6667,3.0,0.0,3,3,3,3.0,0.0,3,3,0,0.0,0.0,0,0,0,0,64,0,666666.6667,0.0,0,0,0.0,0.0,0.0,0,0,0,0,1,0,0,0,0,0.0,0.0,0.0,64,2,0,0,0,4787,-1,0,32,0.0,0.0,0,0,0.0,0.0,0,0,BENIGN
9000,42,1,1,2,6,2,2,2.0,0.0,6,6,6.0,0.0,190476.1905,47619.04762,42.0,0.0,42,42,0,0.0,0.0,0,0,0,0.0,0.0,0,0,0,0,24,20,23809.52381,23809.52381,2,6,3.333333333,2.309401077,5.333333333,0,0,0,1,0,0,0,0,1,5.0,2.0,6.0,24,1,2,1,6,1024,0,0,24,0.0,0.0,0,0,0.0,0.0,0,0,PortScan
443,5120267,8,7,379,4646,198,0,47.375,73.901358,1460,0,663.7142857,684.1351509,981.3941343,2.929534729,365733.3571,1266144.686,4760851,3,5120267,731466.7143,1778971.811,4760851,3,109174,18195.66667,27374.56915,55860,48,0,0,172,152,1.562418522,1.367116207,0,1460,314.0625,539.7458005,291325.5292,0,0,0,1,0,0,0,0,0,335.0,47.375,663.7142857,172,8,379,7,4646,8192,119,7,20,0.0,0.0,0,0,0.0,0.0,0,0,BENIGN
80,299437,3,6,26,11607,20,0,8.666666667,10.26320288,5840,0,1934.5,2558.396197,38849.57437,30.05640585,37429.625,105293.6564,298017,2,1078,539.0,758.0184694,1075,3,299309,59861.8,133133.4614,298017,2,0,0,72,132,10.01880195,20.0376039,0,5840,1163.3,2151.187375,4627607.122,0,0,0,1,0,0,0,0,2,1292.555556,8.666666667,1934.5,72,3,26,6,11607,8192,229,2,20,0.0,0.0,0,0,0.0,0.0,0,0,DDoS
53,212,2,2,72,334,36,36,36.0,0.0,167,167,167.0,0.0,1915094.34,18867.92453,70.66666667,80.71142009,160,3,3,3.0,0.0,3,3,49,49.0,0.0,49,49,0,0,80,80,9433.962264,9433.962264,36,167,88.4,71.75165503,5148.3,0,0,0,0,0,0,0,0,1,110.5,36.0,167.0,80,2,72,2,334,-1,-1,1,40,0.0,0.0,0,0,0.0,0.0,0,0,BENIGN
80,96514104,7,7,700,11595,350,0,100.0,170.7825128,5792,0,1656.428571,1947.638216,127.3907076,0.145056519,7424161.846,26700000.0,96200000,45,96400000,16100000.0,39200000.0,96200000,49,354516,59086.0,94615.70771,215988,45,0,0,232,232,0.07252826,0.07252826,0,5792,819.6666667,1515.002483,2295232.524,0,0,0,0,1,0,0,0,1,878.2142857,100.0,1656.428571,232,7,700,7,11595,251,235,2,32,497.0,0.0,497,497,96200000.0,0.0,96200000,96200000,DoS Hulk
80,2022960,4,0,24,0,6,6,6.0,0.0,0,0,0.0,0.0,11.86380354,1.977300589,674320.0,1167103.568,2021975,4,2022960,674320.0,1167103.568,2021975,4,0,0.0,0.0,0,0,0,0,80,0,1.977300589,0.0,6,6,6.0,0.0,0.0,0,0,0,0,1,0,0,0,0,7.5,6.0,0.0,80,4,24,0,0,256,-1,3,20,0.0,0.0,0,0,0.0,0.0,0,0,DDoS
80,5058640,2,1,0,0,0,0,0.0,0.0,0,0,0.0,0.0,0.0,0.593044771,2529320.0,3543633.107,5035047,23593,5058640,5058640.0,0.0,5058640,5058640,0,0.0,0.0,0,0,0,0,64,32,0.395363181,0.19768159,0,0,0.0,0.0,0.0,0,0,0,0,1,0,0,0,0,0.0,0.0,0.0,64,2,0,1,0,365,306,0,32,0.0,0.0,0,0,0.0,0.0,0,0,BENIGN
56035,896,3,0,286,0,274,6,95.33333333,154.7298721,0,0,0.0,0.0,319196.4286,3348.214286,448.0,629.3250353,893,3,896,448.0,629.3250353,893,3,0,0.0,0.0,0,0,0,0,60,0,3348.214286,0.0,6,274,73.0,134.0,17956.0,0,0,0,0,1,0,0,0,0,97.33333333,95.33333333,0.0,60,3,286,0,0,60,-1,2,20,0.0,0.0,0,0,0.0,0.0,0,0,BENIGN
80,178465,3,5,369,11595,369,0,123.0,213.0422493,7240,0,2319.0,3331.638186,67038.35486,44.82671672,25495.0,60956.61882,163159,4,15003,7501.5,10603.06618,14999,4,178410,44602.5,79348.53456,163159,85,0,0,104,168,16.81001877,28.01669795,0,7240,1329.333333,2634.38973,6940009.25,0,0,0,1,0,0,0,0,1,1495.5,123.0,2319.0,104,3,369,5,11595,29200,235,1,32,0.0,0.0,0,0,0.0,0.0,0,0,DoS Hulk
22,12026942,21,32,2008,2745,640,0,95.61904762,140.0451628,976,0,85.78125,220.240592,395.1960523,4.406772727,231287.3462,623944.055,2245736,15,9738506,486925.3,855575.6144,2100740,357,12000000,387963.1613,774013.6347,2245736,48,0,0,680,1032,1.74607976,2.660692968,0,976,88.01851852,189.5902723,35944.47135,0,0,0,1,0,0,0,0,1,89.67924528,95.61904762,85.78125,680,21,2008,32,2745,29200,247,16,32,0.0,0.0,0,0,0.0,0.0,0,0,SSH-Patator
53,26170,2,2,80,206,40,40,40.0,0.0,103,103,103.0,0.0,10928.54413,152.8467711,8723.333333,15105.79248,26166,1,3,3.0,0.0,3,3,1,1.0,0.0,1,1,0,0,80,64,76.42338556,76.42338556,40,103,65.2,34.50652112,1190.7,0,0,0,0,0,0,0,0,1,81.5,40.0,103.0,80,2,80,2,206,-1,-1,1,40,0.0,0.0,0,0,0.0,0.0,0,0,BENIGN
80,512769,3,4,26,11607,20,0,8.666666667,10.26320288,11595,0,2901.75,5795.50069,22686.62887,13.65137128,85461.5,208778.7664,511629,5,983,491.5,499.9244943,845,138,512694,170898.0,295082.1733,511629,5,0,0,72,92,5.850587692,7.800783589,0,11595,1454.125,4097.537534,16800000.0,0,0,0,1,0,0,0,0,1,1661.857143,8.666666667,2901.75,72,3,26,4,11607,8192,229,2,20,0.0,0.0,0,0,0.0,0.0,0,0,DDoS
80,36006,1,1,0,0,0,0,0.0,0.0,0,0,0.0,0.0,0.0,55.54629784,36006.0,0.0,36006,36006,0,0.0,0.0,0,0,0,0.0,0.0,0,0,0,0,20,20,27.77314892,27.77314892,0,0,0.0,0.0,0.0,0,0,0,0,1,1,0,0,1,0.0,0.0,0.0,20,1,0,1,0,245,64,0,20,0.0,0.0,0,0,0.0,0.0,0,0,BENIGN
53,334,2,2,70,102,35,35,35.0,0.0,51,51,51.0,0.0,514970.0599,11976.0479,111.3333333,72.23111056,190,48,190,190.0,0.0,190,190,48,48.0,0.0,48,48,0,0,64,64,5988.023952,5988.023952,35,51,41.4,8.76356092,76.8,0,0,0,0,0,0,0,0,1,51.75,35.0,51.0,64,2,70,2,102,-1,-1,1,32,0.0,0.0,0,0,0.0,0.0,0,0,BENIGN
80,99938833,8,5,642,11595,321,0,80.25,148.594126,5792,0,2319.0,2423.629716,122.4448959,0.130079566,8328236.083,28700000.0,99500000,1,99800000,14300000.0,37600000.0,99500000,1,409616,102404.0,122419.4449,244158,14,0,0,264,168,0.080048964,0.050030602,0,5792,874.0714286,1751.807834,3068830.687,0,0,0,0,1,0,0,0,0,941.3076923,80.25,2319.0,264,8,642,5,11595,274,235,2,32,995.0,0.0,995,995,99500000.0,0.0,99500000,99500000,DoS Hulk
80,73629288,8,6,56,11601,20,0,7.0,5.656854249,4380,0,1933.5,1757.789948,158.3201511,0.190141727,5663791.385,17200000.0,61900000,3,73200000,10500000.0,23100000.0,61900000,236,408207,81641.4,173269.7497,391331,16,0,0,172,132,0.108652416,0.081489312,0,4380,777.5333333,1434.571657,2057995.838,0,0,0,0,1,0,0,0,0,833.0714286,7.0,1933.5,172,8,56,6,11601,256,229,6,20,784.0,0.0,784,784,36600000.0,35700000.0,61900000,11300000,DDoS
443,116514032,18,17,911,14405,415,0,50.6111111111,107.0783873886,2437,0,847.3529411765,756.4026656795,131.4519782476,0.3003930033,3426883.29411765,13882032.5204617,58142798,2,116514032,6853766.58823529,19300548.7614926,58142798,106,116484317,7280269.8125,19869494.1452718,58188314,2,0,0,584,552,0.1544878303,0.145905173,0,2437,425.4444444444,656.5136684224,431010.196825397,0,0,0,1,0,0,0,0,0,437.6,50.6111111111,847.3529411765,584,18,911,17,14405,29200,122,6,32,109582.0,112932.024023304,189437,29727,58132305.0,14839.3429099809,58142798,58121812,BENIGN
443,117037048,24,26,4134,8628,1045,0,172.25,328.5022996412,1989,0,331.8461538462,593.7034069168,109.0423948492,0.4272151499,2388511.18367347,4186519.33418326,10000499,2,117037048,5088567.30434783,4996654.42014358,10110625,4,112286181,4491447.24,5083758.17709551,10114931,2,0,0,492,532,0.2050632719,0.2221518779,0,1989,250.2352941176,483.236115713,233517.143529412,0,0,0,1,0,0,0,0,1,255.24,172.25,331.8461538462,492,24,4134,26,8628,8192,5120,23,20,212241.454545455,324149.84826446,1189590,114391,9995588.45454545,3420.2519604156,10000499,9986077,BENIGN
21,8339737,9,15,109,188,23,0,12.11111111,9.778093429,34,0,12.53333333,14.54975045,35.61263383,2.877788592,362597.2609,961107.2367,3498202,4,4797487,599685.875,1110517.691,2517037,226,8339644,595688.8571,1188996.704,3498202,4,0,0,296,488,1.079170722,1.79861787,0,34,11.88,12.70931417,161.5266667,0,0,0,1,0,0,0,0,1,12.375,12.11111111,12.53333333,296,9,109,15,188,29200,227,6,32,0.0,0.0,0,0,0.0,0.0,0,0,FTP-Patator
80,1236019,5,0,30,0,6,6,6.0,0.0,0,0,0.0,0.0,24.27147156,4.045245259,309004.75,613346.5715,1229016,3,1236019,309004.75,613346.5715,1229016,3,0,0.0,0.0,0,0,0,0,100,0,4.045245259,0.0,6,6,6.0,0.0,0.0,0,0,0,0,1,0,0,0,0,7.2,6.0,0.0,100,5,30,0,0,256,-1,4,20,0.0,0.0,0,0,0.0,0.0,0,0,DDoS
443,136970,9,6,533,4043,205,0,59.22222222,81.09682142,3626,0,673.8333333,1450.963324,33408.77564,109.5130321,9783.571429,14277.00203,37507,0,136970,17121.25,15887.02693,39061,1,99298,19859.6,27340.73264,58319,2,0,0,192,132,65.70781923,43.80521282,0,3626,286.0,895.4039684,801748.2667,0,0,0,1,0,0,0,0,0,305.0666667,59.22222222,673.8333333,192,9,533,6,4043,8192,343,8,20,0.0,0.0,0,0,0.0,0.0,0,0,BENIGN
53,70231,1,1,43,277,43,43,43.0,0.0,277,277,277.0,0.0,4556.392476,28.47745298,70231.0,0.0,70231,70231,0,0.0,0.0,0,0,0,0.0,0.0,0,0,0,0,20,32,14.23872649,14.23872649,43,277,121.0,135.099963,18252.0,0,0,0,0,0,0,0,0,1,181.5,43.0,277.0,20,1,43,1,277,-1,-1,0,20,0.0,0.0,0,0,0.0,0.0,0,0,BENIGN
80,84710268,6,8,371,11595,353,0,61.83333333,142.6722351,5792,0,1449.375,2046.673464,141.2579641,0.165269221,6516174.462,23400000.0,84600000,0,84600000,16900000.0,37800000.0,84600000,1,84700000,12100000.0,32000000.0,84600000,49,0,0,164,264,0.070829666,0.094439555,0,5792,798.1333333,1619.018877,2621222.124,1,0,0,0,0,0,0,0,1,855.1428571,61.83333333,1449.375,164,6,371,8,11595,0,235,3,20,9971.0,0.0,9971,9971,84600000.0,0.0,84600000,84600000,DoS Hulk
80,639803,3,6,26,11601,20,0,8.666666667,10.26320288,5840,0,1933.5,2189.772933,18172.78131,14.06682995,79975.375,224295.316,635068,46,4210,2105.0,2705.390545,4018,192,639743,127948.6,283493.8744,635068,46,0,0,72,132,4.688943315,9.377886631,0,5840,1162.7,1911.59573,3654198.233,0,0,0,1,0,0,0,0,2,1291.888889,8.666666667,1933.5,72,3,26,6,11601,8192,229,2,20,0.0,0.0,0,0,0.0,0.0,0,0,DDoS
80,744682,3,7,26,11607,20,0,8.666666667,10.26320288,5840,0,1658.142857,2137.29708,15621.43304,13.42855071,82742.44444,247678.1114,743217,2,1091,545.5,563.5641046,944,147,744634,124105.6667,303301.6728,743217,2,0,0,72,152,4.028565213,9.399985497,0,5840,1057.545455,1853.437529,3435230.673,0,0,0,1,0,0,0,0,2,1163.3,8.666666667,1658.142857,72,3,26,7,11607,8192,229,2,20,0.0,0.0,0,0,0.0,0.0,0,0,DDoS
53,47194,2,2,80,494,40,40,40.0,0.0,247,247,247.0,0.0,12162.56304,84.75653685,15731.33333,27231.01413,47175,9,9,9.0,0.0,9,9,10,10.0,0.0,10,10,0,0,40,40,42.37826842,42.37826842,40,247,122.8,113.3785694,12854.7,0,0,0,0,0,0,0,0,1,153.5,40.0,247.0,40,2,80,2,494,-1,-1,1,20,0.0,0.0,0,0,0.0,0.0,0,0,BENIGN
51702,5,2,0,0,0,0,0,0.0,0.0,0,0,0.0,0.0,0.0,400000.0,5.0,0.0,5,5,5,5.0,0.0,5,5,0,0.0,0.0,0,0,0,0,40,0,400000.0,0.0,0,0,0.0,0.0,0.0,0,0,0,0,1,0,0,0,0,0.0,0.0,0.0,40,2,0,0,0,4092,-1,0,20,0.0,0.0,0,0,0.0,0.0,0,0,BENIGN
9998,46,1,1,2,6,2,2,2.0,0.0,6,6,6.0,0.0,173913.0435,43478.26087,46.0,0.0,46,46,0,0.0,0.0,0,0,0,0.0,0.0,0,0,0,0,24,20,21739.13043,21739.13043,2,6,3.333333333,2.309401077,5.333333333,0,0,0,1,0,0,0,0,1,5.0,2.0,6.0,24,1,2,1,6,1024,0,0,24,0.0,0.0,0,0,0.0,0.0,0,0,PortScan
443,75053059,9,10,1039,1090,1039,0,115.4444444,346.3333333,1059,0,109.0,333.938118,28.36659862,0.253154239,4169614.389,4914160.587,10000000,4,70500000,8818339.125,3537118.408,10100000,64678,75000000,8332049.0,3635572.733,10100000,4,1,0,288,320,0.119915166,0.133239073,0,1059,158.4,382.4899586,146298.5684,0,1,0,0,1,0,0,0,1,166.7368421,115.4444444,109.0,288,9,1039,10,1090,287,301,0,32,52443.0,5395.97146,64678,50319,10000000.0,10413.26943,10000000,10000000,BENIGN
58080,73,1,1,6,6,6,6,6.0,0.0,6,6,6.0,0.0,164383.5616,27397.26027,73.0,0.0,73,73,0,0.0,0.0,0,0,0,0.0,0.0,0,0,0,0,20,20,13698.63014,13698.63014,6,6,6.0,0.0,0.0,0,0,0,0,1,1,0,0,1,9.0,6.0,6.0,20,1,6,1,6,119,255,0,20,0.0,0.0,0,0,0.0,0.0,0,0,BENIGN
53,122248,2,2,62,158,31,31,31.0,0.0,79,79,79.0,0.0,1799.620444,32.7203717,40749.33333,70538.35024,122200,1,1,1.0,0.0,1,1,47,47.0,0.0,47,47,0,0,64,40,16.36018585,16.36018585,31,79,50.2,26.29068276,691.2,0,0,0,0,0,0,0,0,1,62.75,31.0,79.0,64,2,62,2,158,-1,-1,1,32,0.0,0.0,0,0,0.0,0.0,0,0,BENIGN
80,819675,3,5,26,11607,20,0,8.666666667,10.26320288,10135,0,2321.4,4413.201989,14192.21033,9.75996584,117096.4286,309354.8126,818647,4,892,446.0,395.9797975,726,166,819632,204908.0,409159.5349,818647,4,0,0,72,112,3.65998719,6.09997865,0,10135,1292.555556,3350.634907,11200000.0,0,0,0,1,0,0,0,0,1,1454.125,8.666666667,2321.4,72,3,26,5,11607,8192,229,2,20,0.0,0.0,0,0,0.0,0.0,0,0,DDoS
80,33253,2,4,20,11601,20,0,10.0,14.14213562,8760,0,2900.25,4128.319301,349472.2281,180.434848,6650.6,14169.12048,31990,11,32001,32001.0,0.0,32001,32001,33242,11080.66667,18136.26258,32021,385,0,0,52,92,60.14494933,120.2898987,0,8760,1660.142857,3303.602601,10900000.0,0,0,0,1,0,0,0,0,2,1936.833333,10.0,2900.25,52,2,20,4,11601,8192,229,1,20,0.0,0.0,0,0,0.0,0.0,0,0,DDoS
53,217,2,2,68,132,34,34,34.0,0.0,66,66,66.0,0.0,921658.986175115,18433.1797235023,72.3333333333,119.22387904,210,3,4,4.0,0.0,4,4,3,3.0,0.0,3,3,0,0,64,64,9216.5898617512,9216.5898617512,34,66,46.8,17.5271218402,307.2,0,0,0,0,0,0,0,0,1,58.5,34.0,66.0,64,2,68,2,132,-1,-1,1,32,0.0,0.0,0,0,0.0,0.0,0,0,BENIGN
53,87694,1,1,64,130,64,64,64.0,0.0,130,130,130.0,0.0,2212.238009,22.80657742,87694.0,0.0,87694,87694,0,0.0,0.0,0,0,0,0.0,0.0,0,0,0,0,32,20,11.40328871,11.40328871,64,130,86.0,38.10511777,1452.0,0,0,0,0,0,0,0,0,1,129.0,64.0,130.0,32,1,64,1,130,-1,-1,0,32,0.0,0.0,0,0,0.0,0.0,0,0,BENIGN
53,171,2,2,66,98,33,33,33.0,0.0,49,49,49.0,0.0,959064.3275,23391.81287,57.0,58.41232747,119,3,3,3.0,0.0,3,3,49,49.0,0.0,49,49,0,0,40,40,11695.90643,11695.90643,33,49,39.4,8.76356092,76.8,0,0,0,0,0,0,0,0,1,49.25,33.0,49.0,40,2,66,2,98,-1,-1,1,20,0.0,0.0,0,0,0.0,0.0,0,0,BENIGN
53,238,2,2,76,300,38,38,38.0,0.0,150,150,150.0,0.0,1579831.93277311,16806.7226890756,79.3333333333,52.5388744963,140,49,49,49.0,0.0,49,49,49,49.0,0.0,49,49,0,0,64,64,8403.3613445378,8403.3613445378,38,150,82.8,61.3449264406,3763.2,0,0,0,0,0,0,0,0,1,103.5,38.0,150.0,64,2,76,2,300,-1,-1,1,32,0.0,0.0,0,0,0.0,0.0,0,0,BENIGN
80,80353545,8,5,56,11607,20,0,7.0,5.656854249,7300,0,2321.4,3346.363967,145.1460542,0.161785021,6696128.75,20700000.0,72200000,0,80300000,11500000.0,26900000.0,72200000,0,80452,20113.0,39488.84643,79343,10,0,0,172,112,0.099560013,0.062225008,0,7300,833.5,2184.061804,4770125.962,0,0,0,0,1,0,0,0,0,897.6153846,7.0,2321.4,172,8,56,5,11607,256,229,6,20,13.0,0.0,13,13,40100000.0,45300000.0,72200000,8105779,DDoS
55715,21383,2,1,280,6,274,6,140.0,189.5046174,6,6,6.0,0.0,13375.11107,140.2983679,10691.5,15036.6257,21324,59,21383,21383.0,0.0,21383,21383,0,0.0,0.0,0,0,1,0,40,20,93.53224524,46.76612262,6,274,140.0,154.7298721,23941.33333,0,1,0,0,1,0,0,0,0,186.6666667,140.0,6.0,40,2,280,1,6,60,0,1,20,0.0,0.0,0,0,0.0,0.0,0,0,BENIGN
80,66261931,6,8,347,11595,329,0,57.83333333,132.8765091,5792,0,1449.375,2046.673464,180.2241471,0.211282705,5097071.615,18300000.0,66100000,1,66100000,13200000.0,29600000.0,66100000,1,66300000,9465966.857,25000000.0,66100000,7,0,0,164,264,0.090549731,0.120732974,0,5792,796.5333333,1619.50199,2622786.695,1,0,0,0,0,0,0,0,1,853.4285714,57.83333333,1449.375,164,6,347,8,11595,0,235,3,20,13003.0,0.0,13003,13003,66100000.0,0.0,66100000,66100000,DoS Hulk
50714,100065011,7,12,11606,682,4344,0,1658.0,1946.082818,338,0,56.83333333,131.3439851,122.8001664,0.189876559,5559167.278,23500000.0,99700000,4,100000000,16700000.0,40700000.0,99700000,56,99900000,9083559.364,30000000.0,99700000,4,1,0,232,380,0.069954522,0.119922037,0,4344,614.95,1350.079003,1822713.313,0,1,0,0,1,1,0,0,1,647.3157895,1658.0,56.83333333,232,7,11606,12,682,235,229,4,32,23347.0,0.0,23347,23347,99700000.0,0.0,99700000,99700000,BENIGN
53,23962,2,2,84,310,42,42,42.0,0.0,155,155,155.0,0.0,16442.70094,166.930974,7987.333333,13829.271,23956,3,3,3.0,0.0,3,3,3,3.0,0.0,3,3,0,0,40,40,83.46548702,83.46548702,42,155,87.2,61.892649,3830.7,0,0,0,0,0,0,0,0,1,109.0,42.0,155.0,40,2,84,2,310,-1,-1,1,20,0.0,0.0,0,0,0.0,0.0,0,0,BENIGN
80,98304306,7,6,391,11595,391,0,55.85714286,147.7841089,4344,0,1932.5,1754.831473,121.9275176,0.132242427,8192025.5,28300000.0,98200000,4,98200000,16400000.0,40100000.0,98200000,4,147355,29471.0,59309.148,135169,17,0,0,232,200,0.071207461,0.061034966,0,4344,856.1428571,1459.601044,2130435.209,0,0,0,0,1,0,0,0,0,922.0,55.85714286,1932.5,232,7,391,6,11595,251,235,1,32,733.0,0.0,733,733,98200000.0,0.0,98200000,98200000,DoS Hulk
80,9018747,5,0,30,0,6,6,6.0,0.0,0,0,0.0,0.0,3.326404433,0.554400739,2254686.75,4508034.858,9016739,3,9018747,2254686.75,4508034.858,9016739,3,0,0.0,0.0,0,0,0,0,100,0,0.554400739,0.0,6,6,6.0,0.0,0.0,0,0,0,0,1,0,0,0,0,7.2,6.0,0.0,100,5,30,0,0,256,-1,4,20,2008.0,0.0,2008,2008,9016739.0,0.0,9016739,9016739,DDoS
443,1202742,8,10,1647,6290,980,0,205.875,359.4902889608,1460,0,629.0,649.8232238249,6599.0877511553,14.9658031398,70749.5294117647,217959.500892975,911189,49,291334,41619.1428571429,41698.374450445,112845,192,1178939,130993.222222222,326985.361431432,999037,49,0,0,172,212,6.6514680621,8.3143350777,0,1460,417.7368421053,561.9892092781,315831.871345029,0,0,0,1,0,0,0,0,1,440.9444444444,205.875,629.0,172,8,1647,10,6290,8192,35,7,20,0.0,0.0,0,0,0.0,0.0,0,0,BENIGN
80,11340346,10,8,1281,11632,427,0,128.1,206.2605957,2896,0,1454.0,1541.642908,1138.677779,1.587253158,667079.1765,1813680.683,5926988,1,6342102,704678.0,1960867.159,5928310,1,11300000,1620044.0,2643830.21,5926988,64,0,0,328,264,0.88180731,0.705445848,0,2896,679.6315789,1186.040856,1406692.912,0,0,0,1,0,0,0,0,0,717.3888889,128.1,1454.0,328,10,1281,8,11632,29200,235,3,32,411485.0,0.0,411485,411485,5926988.0,0.0,5926988,5926988,DoS GoldenEye
80,97515508,8,5,56,11601,20,0,7.0,5.656854249,5840,0,2320.2,2436.833027,119.5399608,0.133312129,8126292.333,27400000.0,95200000,1,97100000,13900000.0,35900000.0,95200000,1,427182,106795.5,192586.3421,394803,159,0,0,172,112,0.082038233,0.051273896,0,5840,833.0714286,1774.906302,3150292.379,0,0,0,0,1,0,0,0,0,897.1538462,7.0,2320.2,172,8,56,5,11601,256,229,6,20,1863106.0,0.0,1863106,1863106,95200000.0,0.0,95200000,95200000,DDoS
2972,20,1,1,6,6,6,6,6.0,0.0,6,6,6.0,0.0,600000.0,100000.0,20.0,0.0,20,20,0,0.0,0.0,0,0,0,0.0,0.0,0,0,0,0,20,20,50000.0,50000.0,6,6,6.0,0.0,0.0,0,0,0,0,1,1,0,0,1,9.0,6.0,6.0,20,1,6,1,6,237,16390,0,20,0.0,0.0,0,0,0.0,0.0,0,0,Bot
53,443,1,1,51,108,51,51,51.0,0.0,108,108,108.0,0.0,358916.4786,4514.672686,443.0,0.0,443,443,0,0.0,0.0,0,0,0,0.0,0.0,0,0,0,0,44,44,2257.336343,2257.336343,51,108,70.0,32.90896534,1083.0,0,0,0,0,0,0,0,0,1,105.0,51.0,108.0,44,1,51,1,108,-1,-1,0,44,0.0,0.0,0,0,0.0,0.0,0,0,BENIGN
